image_a,image_b,label,cosine_similarity
dataset/person_022/img_01.jpg,dataset/person_022/img_03.jpg,1,0.389225
dataset/person_034/img_04.jpg,dataset/person_034/img_05.jpg,1,0.287494
dataset/person_040/img_02.jpg,dataset/person_040/img_04.jpg,1,0.423639
dataset/person_043/img_22.jpg,dataset/person_043/img_38.jpg,1,0.180398
dataset/person_049/img_03.jpg,dataset/person_049/img_04.jpg,1,0.166343
dataset/person_064/img_02.jpg,dataset/person_064/img_04.jpg,1,0.119485
dataset/person_065/img_10.jpg,dataset/person_065/img_15.jpg,1,0.399735
dataset/person_070/img_06.jpg,dataset/person_070/img_07.jpg,1,0.433362
dataset/person_1018/img_01.jpg,dataset/person_1018/img_06.jpg,1,0.249717
dataset/person_1022/img_04.jpg,dataset/person_1022/img_05.jpg,1,0.195336
dataset/person_1052/img_01.jpg,dataset/person_1052/img_02.jpg,1,0.333006
dataset/person_1097/img_03.jpg,dataset/person_1097/img_04.jpg,1,0.337089
dataset/person_1098/img_01.jpg,dataset/person_1098/img_06.jpg,1,0.469123
dataset/person_1101/img_03.jpg,dataset/person_1101/img_04.jpg,1,0.374888
dataset/person_111/img_01.jpg,dataset/person_111/img_03.jpg,1,0.487433
dataset/person_1151/img_03.jpg,dataset/person_1151/img_04.jpg,1,0.456823
dataset/person_1155/img_02.jpg,dataset/person_1155/img_03.jpg,1,0.129041
dataset/person_1170/img_01.jpg,dataset/person_1170/img_04.jpg,1,0.405229
dataset/person_1191/img_04.jpg,dataset/person_1191/img_05.jpg,1,0.055257
dataset/person_1192/img_10.jpg,dataset/person_1192/img_11.jpg,1,0.293403
dataset/person_1202/img_01.jpg,dataset/person_1202/img_04.jpg,1,0.237639
dataset/person_1217/img_02.jpg,dataset/person_1217/img_03.jpg,1,0.565780
dataset/person_1226/img_03.jpg,dataset/person_1226/img_09.jpg,1,0.295977
dataset/person_1244/img_11.jpg,dataset/person_1244/img_13.jpg,1,0.364645
dataset/person_1262/img_04.jpg,dataset/person_1262/img_09.jpg,1,0.200993
dataset/person_1302/img_01.jpg,dataset/person_1302/img_02.jpg,1,0.638016
dataset/person_1309/img_05.jpg,dataset/person_1309/img_11.jpg,1,0.278153
dataset/person_1316/img_01.jpg,dataset/person_1316/img_03.jpg,1,0.465119
dataset/person_1326/img_05.jpg,dataset/person_1326/img_09.jpg,1,0.410092
dataset/person_1334/img_09.jpg,dataset/person_1334/img_27.jpg,1,0.685563
dataset/person_1352/img_05.jpg,dataset/person_1352/img_07.jpg,1,0.570252
dataset/person_1355/img_03.jpg,dataset/person_1355/img_04.jpg,1,0.445915
dataset/person_1369/img_03.jpg,dataset/person_1369/img_04.jpg,1,0.393506
dataset/person_1371/img_02.jpg,dataset/person_1371/img_05.jpg,1,0.446577
dataset/person_1382/img_05.jpg,dataset/person_1382/img_08.jpg,1,0.408513
dataset/person_1387/img_02.jpg,dataset/person_1387/img_03.jpg,1,0.612640
dataset/person_1396/img_02.jpg,dataset/person_1396/img_04.jpg,1,0.299447
dataset/person_1411/img_03.jpg,dataset/person_1411/img_05.jpg,1,0.037473
dataset/person_1420/img_01.jpg,dataset/person_1420/img_02.jpg,1,0.669706
dataset/person_1438/img_01.jpg,dataset/person_1438/img_02.jpg,1,0.613719
dataset/person_1439/img_01.jpg,dataset/person_1439/img_03.jpg,1,0.287081
dataset/person_1454/img_03.jpg,dataset/person_1454/img_04.jpg,1,0.437322
dataset/person_1486/img_03.jpg,dataset/person_1486/img_05.jpg,1,0.772389
dataset/person_149/img_02.jpg,dataset/person_149/img_05.jpg,1,0.229879
dataset/person_1490/img_02.jpg,dataset/person_1490/img_03.jpg,1,0.132007
dataset/person_1492/img_09.jpg,dataset/person_1492/img_23.jpg,1,0.329213
dataset/person_1531/img_03.jpg,dataset/person_1531/img_06.jpg,1,0.187254
dataset/person_1546/img_03.jpg,dataset/person_1546/img_04.jpg,1,0.315911
dataset/person_1563/img_01.jpg,dataset/person_1563/img_04.jpg,1,0.380793
dataset/person_1572/img_04.jpg,dataset/person_1572/img_05.jpg,1,0.331215
dataset/person_1577/img_03.jpg,dataset/person_1577/img_04.jpg,1,0.623724
dataset/person_1580/img_09.jpg,dataset/person_1580/img_29.jpg,1,0.440483
dataset/person_1588/img_03.jpg,dataset/person_1588/img_04.jpg,1,0.690289
dataset/person_1601/img_07.jpg,dataset/person_1601/img_08.jpg,1,0.407057
dataset/person_162/img_01.jpg,dataset/person_162/img_04.jpg,1,0.345232
dataset/person_1653/img_01.jpg,dataset/person_1653/img_04.jpg,1,0.337725
dataset/person_1658/img_01.jpg,dataset/person_1658/img_02.jpg,1,0.183261
dataset/person_1669/img_02.jpg,dataset/person_1669/img_04.jpg,1,0.322685
dataset/person_1680/img_01.jpg,dataset/person_1680/img_03.jpg,1,0.356549
dataset/person_191/img_02.jpg,dataset/person_191/img_06.jpg,1,0.240521
dataset/person_194/img_02.jpg,dataset/person_194/img_03.jpg,1,0.567313
dataset/person_219/img_01.jpg,dataset/person_219/img_02.jpg,1,0.450953
dataset/person_229/img_07.jpg,dataset/person_229/img_10.jpg,1,0.217856
dataset/person_235/img_04.jpg,dataset/person_235/img_05.jpg,1,0.232715
dataset/person_246/img_02.jpg,dataset/person_246/img_04.jpg,1,0.259743
dataset/person_256/img_02.jpg,dataset/person_256/img_04.jpg,1,0.382380
dataset/person_287/img_01.jpg,dataset/person_287/img_02.jpg,1,0.209822
dataset/person_289/img_03.jpg,dataset/person_289/img_04.jpg,1,0.432039
dataset/person_309/img_01.jpg,dataset/person_309/img_04.jpg,1,0.133410
dataset/person_311/img_02.jpg,dataset/person_311/img_04.jpg,1,0.410863
dataset/person_313/img_01.jpg,dataset/person_313/img_10.jpg,1,0.346080
dataset/person_354/img_01.jpg,dataset/person_354/img_03.jpg,1,0.467707
dataset/person_355/img_03.jpg,dataset/person_355/img_05.jpg,1,0.365956
dataset/person_367/img_01.jpg,dataset/person_367/img_05.jpg,1,0.437015
dataset/person_369/img_01.jpg,dataset/person_369/img_03.jpg,1,0.548558
dataset/person_374/img_01.jpg,dataset/person_374/img_06.jpg,1,0.451609
dataset/person_391/img_01.jpg,dataset/person_391/img_04.jpg,1,0.409077
dataset/person_411/img_01.jpg,dataset/person_411/img_05.jpg,1,0.376481
dataset/person_412/img_02.jpg,dataset/person_412/img_04.jpg,1,0.428502
dataset/person_431/img_01.jpg,dataset/person_431/img_02.jpg,1,0.715484
dataset/person_474/img_01.jpg,dataset/person_474/img_05.jpg,1,0.275172
dataset/person_491/img_02.jpg,dataset/person_491/img_03.jpg,1,0.499142
dataset/person_515/img_01.jpg,dataset/person_515/img_05.jpg,1,0.542580
dataset/person_519/img_01.jpg,dataset/person_519/img_07.jpg,1,0.473879
dataset/person_527/img_03.jpg,dataset/person_527/img_05.jpg,1,0.390145
dataset/person_535/img_01.jpg,dataset/person_535/img_03.jpg,1,0.734979
dataset/person_544/img_01.jpg,dataset/person_544/img_04.jpg,1,0.282690
dataset/person_547/img_01.jpg,dataset/person_547/img_02.jpg,1,0.298978
dataset/person_559/img_01.jpg,dataset/person_559/img_05.jpg,1,0.352577
dataset/person_585/img_10.jpg,dataset/person_585/img_11.jpg,1,0.571245
dataset/person_601/img_02.jpg,dataset/person_601/img_03.jpg,1,0.366776
dataset/person_655/img_07.jpg,dataset/person_655/img_11.jpg,1,0.146607
dataset/person_661/img_09.jpg,dataset/person_661/img_13.jpg,1,0.237279
dataset/person_687/img_01.jpg,dataset/person_687/img_04.jpg,1,0.279863
dataset/person_710/img_02.jpg,dataset/person_710/img_13.jpg,1,0.451575
dataset/person_711/img_26.jpg,dataset/person_711/img_47.jpg,1,0.585695
dataset/person_713/img_02.jpg,dataset/person_713/img_11.jpg,1,0.298659
dataset/person_744/img_03.jpg,dataset/person_744/img_14.jpg,1,0.493827
dataset/person_769/img_03.jpg,dataset/person_769/img_10.jpg,1,0.575131
dataset/person_776/img_03.jpg,dataset/person_776/img_06.jpg,1,0.305323
dataset/person_783/img_01.jpg,dataset/person_783/img_03.jpg,1,0.425748
dataset/person_785/img_02.jpg,dataset/person_785/img_06.jpg,1,0.742522
dataset/person_804/img_05.jpg,dataset/person_804/img_07.jpg,1,0.142526
dataset/person_815/img_04.jpg,dataset/person_815/img_06.jpg,1,0.569522
dataset/person_844/img_01.jpg,dataset/person_844/img_02.jpg,1,0.209143
dataset/person_853/img_16.jpg,dataset/person_853/img_17.jpg,1,0.318578
dataset/person_861/img_04.jpg,dataset/person_861/img_08.jpg,1,0.369126
dataset/person_869/img_03.jpg,dataset/person_869/img_07.jpg,1,0.464181
dataset/person_870/img_01.jpg,dataset/person_870/img_03.jpg,1,0.369518
dataset/person_871/img_01.jpg,dataset/person_871/img_04.jpg,1,0.186505
dataset/person_891/img_02.jpg,dataset/person_891/img_03.jpg,1,0.642972
dataset/person_896/img_10.jpg,dataset/person_896/img_12.jpg,1,0.620243
dataset/person_909/img_08.jpg,dataset/person_909/img_09.jpg,1,0.686307
dataset/person_911/img_01.jpg,dataset/person_911/img_02.jpg,1,0.436669
dataset/person_916/img_01.jpg,dataset/person_916/img_02.jpg,1,0.167947
dataset/person_924/img_01.jpg,dataset/person_924/img_04.jpg,1,0.195205
dataset/person_930/img_01.jpg,dataset/person_930/img_02.jpg,1,0.476192
dataset/person_935/img_01.jpg,dataset/person_935/img_03.jpg,1,0.441638
dataset/person_963/img_04.jpg,dataset/person_963/img_07.jpg,1,0.344268
dataset/person_989/img_03.jpg,dataset/person_989/img_04.jpg,1,0.072736
dataset/person_022/img_01.jpg,dataset/person_022/img_02.jpg,1,0.361391
dataset/person_034/img_02.jpg,dataset/person_034/img_05.jpg,1,0.442824
dataset/person_040/img_01.jpg,dataset/person_040/img_03.jpg,1,0.107144
dataset/person_043/img_09.jpg,dataset/person_043/img_18.jpg,1,0.156787
dataset/person_049/img_01.jpg,dataset/person_049/img_03.jpg,1,0.332455
dataset/person_064/img_03.jpg,dataset/person_064/img_04.jpg,1,0.452785
dataset/person_065/img_12.jpg,dataset/person_065/img_24.jpg,1,0.065653
dataset/person_070/img_05.jpg,dataset/person_070/img_07.jpg,1,0.333935
dataset/person_1018/img_04.jpg,dataset/person_1018/img_06.jpg,1,0.521915
dataset/person_1022/img_02.jpg,dataset/person_1022/img_06.jpg,1,0.125990
dataset/person_1052/img_02.jpg,dataset/person_1052/img_03.jpg,1,0.209508
dataset/person_1097/img_04.jpg,dataset/person_1097/img_05.jpg,1,0.302846
dataset/person_1098/img_03.jpg,dataset/person_1098/img_04.jpg,1,0.340335
dataset/person_1101/img_02.jpg,dataset/person_1101/img_04.jpg,1,0.369434
dataset/person_111/img_02.jpg,dataset/person_111/img_03.jpg,1,0.569222
dataset/person_1151/img_05.jpg,dataset/person_1151/img_07.jpg,1,0.535292
dataset/person_1155/img_01.jpg,dataset/person_1155/img_04.jpg,1,0.474185
dataset/person_1170/img_02.jpg,dataset/person_1170/img_04.jpg,1,0.545014
dataset/person_1191/img_03.jpg,dataset/person_1191/img_05.jpg,1,0.264763
dataset/person_1192/img_05.jpg,dataset/person_1192/img_07.jpg,1,0.379526
dataset/person_1202/img_02.jpg,dataset/person_1202/img_03.jpg,1,0.621584
dataset/person_1217/img_01.jpg,dataset/person_1217/img_04.jpg,1,0.906006
dataset/person_1226/img_04.jpg,dataset/person_1226/img_08.jpg,1,0.410608
dataset/person_1244/img_07.jpg,dataset/person_1244/img_12.jpg,1,0.512878
dataset/person_1262/img_02.jpg,dataset/person_1262/img_08.jpg,1,0.399835
dataset/person_1302/img_02.jpg,dataset/person_1302/img_05.jpg,1,0.112304
dataset/person_1309/img_03.jpg,dataset/person_1309/img_09.jpg,1,0.537662
dataset/person_1316/img_02.jpg,dataset/person_1316/img_04.jpg,1,0.198852
dataset/person_1326/img_06.jpg,dataset/person_1326/img_07.jpg,1,0.568368
dataset/person_1334/img_08.jpg,dataset/person_1334/img_21.jpg,1,0.564594
dataset/person_1352/img_01.jpg,dataset/person_1352/img_03.jpg,1,0.532758
dataset/person_1355/img_01.jpg,dataset/person_1355/img_03.jpg,1,0.435943
dataset/person_1369/img_02.jpg,dataset/person_1369/img_03.jpg,1,0.404006
dataset/person_1371/img_02.jpg,dataset/person_1371/img_06.jpg,1,0.477274
dataset/person_1382/img_02.jpg,dataset/person_1382/img_05.jpg,1,0.477024
dataset/person_1387/img_03.jpg,dataset/person_1387/img_04.jpg,1,0.581163
dataset/person_1396/img_03.jpg,dataset/person_1396/img_04.jpg,1,0.359870
dataset/person_1411/img_02.jpg,dataset/person_1411/img_06.jpg,1,0.096495
dataset/person_1420/img_02.jpg,dataset/person_1420/img_06.jpg,1,0.106412
dataset/person_1438/img_02.jpg,dataset/person_1438/img_04.jpg,1,0.239912
dataset/person_1439/img_02.jpg,dataset/person_1439/img_03.jpg,1,0.318115
dataset/person_1454/img_01.jpg,dataset/person_1454/img_04.jpg,1,0.539269
dataset/person_1486/img_04.jpg,dataset/person_1486/img_07.jpg,1,0.778657
dataset/person_149/img_03.jpg,dataset/person_149/img_05.jpg,1,0.155539
dataset/person_1490/img_01.jpg,dataset/person_1490/img_05.jpg,1,0.437817
dataset/person_1492/img_03.jpg,dataset/person_1492/img_04.jpg,1,0.211042
dataset/person_1531/img_06.jpg,dataset/person_1531/img_08.jpg,1,0.111159
dataset/person_1546/img_03.jpg,dataset/person_1546/img_06.jpg,1,0.274640
dataset/person_1563/img_02.jpg,dataset/person_1563/img_03.jpg,1,0.427319
dataset/person_1572/img_03.jpg,dataset/person_1572/img_05.jpg,1,0.401772
dataset/person_1577/img_02.jpg,dataset/person_1577/img_03.jpg,1,0.580437
dataset/person_1580/img_10.jpg,dataset/person_1580/img_17.jpg,1,0.541485
dataset/person_1588/img_01.jpg,dataset/person_1588/img_02.jpg,1,0.661649
dataset/person_1601/img_08.jpg,dataset/person_1601/img_09.jpg,1,0.479878
dataset/person_162/img_01.jpg,dataset/person_162/img_02.jpg,1,0.368015
dataset/person_1653/img_03.jpg,dataset/person_1653/img_04.jpg,1,0.594923
dataset/person_1658/img_02.jpg,dataset/person_1658/img_04.jpg,1,0.188170
dataset/person_1669/img_02.jpg,dataset/person_1669/img_03.jpg,1,0.208713
dataset/person_1680/img_01.jpg,dataset/person_1680/img_02.jpg,1,0.504226
dataset/person_191/img_02.jpg,dataset/person_191/img_03.jpg,1,0.471252
dataset/person_194/img_03.jpg,dataset/person_194/img_04.jpg,1,0.173876
dataset/person_219/img_03.jpg,dataset/person_219/img_04.jpg,1,0.342059
dataset/person_229/img_09.jpg,dataset/person_229/img_11.jpg,1,0.594312
dataset/person_235/img_03.jpg,dataset/person_235/img_04.jpg,1,0.229683
dataset/person_246/img_01.jpg,dataset/person_246/img_04.jpg,1,0.183180
dataset/person_256/img_01.jpg,dataset/person_256/img_04.jpg,1,0.387238
dataset/person_287/img_01.jpg,dataset/person_287/img_03.jpg,1,0.388639
dataset/person_289/img_01.jpg,dataset/person_289/img_03.jpg,1,0.283374
dataset/person_309/img_04.jpg,dataset/person_309/img_05.jpg,1,0.162019
dataset/person_311/img_01.jpg,dataset/person_311/img_02.jpg,1,0.489464
dataset/person_313/img_02.jpg,dataset/person_313/img_03.jpg,1,0.645142
dataset/person_354/img_01.jpg,dataset/person_354/img_02.jpg,1,0.636586
dataset/person_355/img_03.jpg,dataset/person_355/img_04.jpg,1,0.572568
dataset/person_367/img_01.jpg,dataset/person_367/img_04.jpg,1,0.785202
dataset/person_369/img_02.jpg,dataset/person_369/img_04.jpg,1,0.347098
dataset/person_374/img_01.jpg,dataset/person_374/img_05.jpg,1,0.345502
dataset/person_391/img_02.jpg,dataset/person_391/img_04.jpg,1,0.476491
dataset/person_411/img_03.jpg,dataset/person_411/img_07.jpg,1,0.508938
dataset/person_412/img_01.jpg,dataset/person_412/img_03.jpg,1,0.571639
dataset/person_431/img_03.jpg,dataset/person_431/img_05.jpg,1,0.087239
dataset/person_474/img_04.jpg,dataset/person_474/img_05.jpg,1,0.426163
dataset/person_491/img_02.jpg,dataset/person_491/img_04.jpg,1,0.159476
dataset/person_515/img_01.jpg,dataset/person_515/img_04.jpg,1,0.458005
dataset/person_519/img_02.jpg,dataset/person_519/img_07.jpg,1,0.289808
dataset/person_527/img_02.jpg,dataset/person_527/img_05.jpg,1,0.144719
dataset/person_535/img_02.jpg,dataset/person_535/img_03.jpg,1,0.470431
dataset/person_544/img_01.jpg,dataset/person_544/img_02.jpg,1,0.458274
dataset/person_547/img_01.jpg,dataset/person_547/img_03.jpg,1,0.463677
dataset/person_559/img_02.jpg,dataset/person_559/img_03.jpg,1,0.536189
dataset/person_585/img_15.jpg,dataset/person_585/img_18.jpg,1,0.248815
dataset/person_601/img_03.jpg,dataset/person_601/img_04.jpg,1,0.525242
dataset/person_655/img_02.jpg,dataset/person_655/img_10.jpg,1,0.380380
dataset/person_661/img_03.jpg,dataset/person_661/img_13.jpg,1,0.234588
dataset/person_687/img_01.jpg,dataset/person_687/img_02.jpg,1,0.720062
dataset/person_710/img_09.jpg,dataset/person_710/img_13.jpg,1,0.396571
dataset/person_711/img_05.jpg,dataset/person_711/img_14.jpg,1,0.326474
dataset/person_713/img_01.jpg,dataset/person_713/img_12.jpg,1,0.227650
dataset/person_744/img_03.jpg,dataset/person_744/img_17.jpg,1,0.595369
dataset/person_769/img_03.jpg,dataset/person_769/img_11.jpg,1,0.621471
dataset/person_776/img_07.jpg,dataset/person_776/img_08.jpg,1,0.225958
dataset/person_783/img_01.jpg,dataset/person_783/img_06.jpg,1,0.294804
dataset/person_785/img_02.jpg,dataset/person_785/img_07.jpg,1,0.421852
dataset/person_804/img_01.jpg,dataset/person_804/img_03.jpg,1,0.168878
dataset/person_815/img_04.jpg,dataset/person_815/img_05.jpg,1,0.494776
dataset/person_844/img_04.jpg,dataset/person_844/img_07.jpg,1,0.322227
dataset/person_853/img_02.jpg,dataset/person_853/img_19.jpg,1,0.384965
dataset/person_861/img_04.jpg,dataset/person_861/img_07.jpg,1,0.210400
dataset/person_869/img_04.jpg,dataset/person_869/img_06.jpg,1,0.318403
dataset/person_870/img_01.jpg,dataset/person_870/img_02.jpg,1,0.442070
dataset/person_871/img_02.jpg,dataset/person_871/img_04.jpg,1,0.302956
dataset/person_891/img_02.jpg,dataset/person_891/img_05.jpg,1,0.569311
dataset/person_896/img_10.jpg,dataset/person_896/img_14.jpg,1,0.165630
dataset/person_909/img_07.jpg,dataset/person_909/img_18.jpg,1,0.602681
dataset/person_911/img_04.jpg,dataset/person_911/img_05.jpg,1,0.285632
dataset/person_916/img_01.jpg,dataset/person_916/img_03.jpg,1,0.319170
dataset/person_924/img_02.jpg,dataset/person_924/img_04.jpg,1,0.263915
dataset/person_930/img_02.jpg,dataset/person_930/img_03.jpg,1,0.564045
dataset/person_935/img_03.jpg,dataset/person_935/img_04.jpg,1,0.272960
dataset/person_963/img_02.jpg,dataset/person_963/img_03.jpg,1,0.086179
dataset/person_989/img_02.jpg,dataset/person_989/img_03.jpg,1,0.566117
dataset/person_022/img_02.jpg,dataset/person_022/img_03.jpg,1,0.645833
dataset/person_034/img_01.jpg,dataset/person_034/img_02.jpg,1,0.339275
dataset/person_040/img_02.jpg,dataset/person_040/img_03.jpg,1,0.124163
dataset/person_043/img_01.jpg,dataset/person_043/img_08.jpg,1,0.197988
dataset/person_049/img_02.jpg,dataset/person_049/img_03.jpg,1,0.454901
dataset/person_064/img_02.jpg,dataset/person_064/img_03.jpg,1,0.498439
dataset/person_065/img_09.jpg,dataset/person_065/img_17.jpg,1,0.556059
dataset/person_070/img_01.jpg,dataset/person_070/img_02.jpg,1,0.513514
dataset/person_1018/img_01.jpg,dataset/person_1018/img_04.jpg,1,0.186101
dataset/person_1022/img_01.jpg,dataset/person_1022/img_02.jpg,1,0.130832
dataset/person_1052/img_02.jpg,dataset/person_1052/img_04.jpg,1,0.243939
dataset/person_1097/img_01.jpg,dataset/person_1097/img_03.jpg,1,0.357061
dataset/person_1098/img_03.jpg,dataset/person_1098/img_05.jpg,1,0.523382
dataset/person_1101/img_01.jpg,dataset/person_1101/img_03.jpg,1,0.497979
dataset/person_111/img_01.jpg,dataset/person_111/img_04.jpg,1,0.254061
dataset/person_1151/img_01.jpg,dataset/person_1151/img_05.jpg,1,0.267552
dataset/person_1155/img_03.jpg,dataset/person_1155/img_04.jpg,1,0.585956
dataset/person_1170/img_03.jpg,dataset/person_1170/img_04.jpg,1,0.320316
dataset/person_1191/img_01.jpg,dataset/person_1191/img_05.jpg,1,0.229329
dataset/person_1192/img_03.jpg,dataset/person_1192/img_08.jpg,1,0.511561
dataset/person_1202/img_02.jpg,dataset/person_1202/img_04.jpg,1,0.237667
dataset/person_1217/img_01.jpg,dataset/person_1217/img_03.jpg,1,0.750534
dataset/person_1226/img_01.jpg,dataset/person_1226/img_09.jpg,1,0.243179
dataset/person_1244/img_16.jpg,dataset/person_1244/img_18.jpg,1,0.602054
dataset/person_1262/img_05.jpg,dataset/person_1262/img_10.jpg,1,0.447763
dataset/person_1302/img_04.jpg,dataset/person_1302/img_05.jpg,1,0.133143
dataset/person_1309/img_01.jpg,dataset/person_1309/img_05.jpg,1,0.334005
dataset/person_1316/img_01.jpg,dataset/person_1316/img_04.jpg,1,0.177486
dataset/person_1326/img_02.jpg,dataset/person_1326/img_06.jpg,1,0.253108
dataset/person_1334/img_04.jpg,dataset/person_1334/img_25.jpg,1,0.211280
dataset/person_1352/img_04.jpg,dataset/person_1352/img_05.jpg,1,0.208199
dataset/person_1355/img_02.jpg,dataset/person_1355/img_04.jpg,1,0.542718
dataset/person_1369/img_02.jpg,dataset/person_1369/img_04.jpg,1,0.394907
dataset/person_1371/img_02.jpg,dataset/person_1371/img_03.jpg,1,0.536568
dataset/person_1382/img_05.jpg,dataset/person_1382/img_06.jpg,1,0.762750
dataset/person_1387/img_01.jpg,dataset/person_1387/img_05.jpg,1,0.439488
dataset/person_1396/img_01.jpg,dataset/person_1396/img_03.jpg,1,0.467468
dataset/person_1411/img_01.jpg,dataset/person_1411/img_05.jpg,1,0.285408
dataset/person_1420/img_01.jpg,dataset/person_1420/img_04.jpg,1,0.163972
dataset/person_1438/img_01.jpg,dataset/person_1438/img_03.jpg,1,0.410126
dataset/person_1439/img_03.jpg,dataset/person_1439/img_04.jpg,1,0.480249
dataset/person_1454/img_02.jpg,dataset/person_1454/img_03.jpg,1,0.587937
dataset/person_1486/img_03.jpg,dataset/person_1486/img_08.jpg,1,0.188033
dataset/person_149/img_02.jpg,dataset/person_149/img_04.jpg,1,0.344223
dataset/person_1490/img_01.jpg,dataset/person_1490/img_02.jpg,1,0.329755
dataset/person_1492/img_04.jpg,dataset/person_1492/img_33.jpg,1,0.426355
dataset/person_1531/img_02.jpg,dataset/person_1531/img_04.jpg,1,-0.062132
dataset/person_1546/img_01.jpg,dataset/person_1546/img_05.jpg,1,0.534785
dataset/person_1563/img_03.jpg,dataset/person_1563/img_04.jpg,1,0.260805
dataset/person_1572/img_01.jpg,dataset/person_1572/img_04.jpg,1,0.273684
dataset/person_1577/img_01.jpg,dataset/person_1577/img_03.jpg,1,0.507077
dataset/person_1580/img_06.jpg,dataset/person_1580/img_14.jpg,1,0.472777
dataset/person_1588/img_01.jpg,dataset/person_1588/img_03.jpg,1,0.474788
dataset/person_1601/img_03.jpg,dataset/person_1601/img_05.jpg,1,0.508728
dataset/person_162/img_03.jpg,dataset/person_162/img_04.jpg,1,0.158297
dataset/person_1653/img_02.jpg,dataset/person_1653/img_04.jpg,1,0.591165
dataset/person_1658/img_01.jpg,dataset/person_1658/img_05.jpg,1,0.380502
dataset/person_1669/img_01.jpg,dataset/person_1669/img_03.jpg,1,0.443209
dataset/person_1680/img_02.jpg,dataset/person_1680/img_03.jpg,1,0.381294
dataset/person_191/img_03.jpg,dataset/person_191/img_05.jpg,1,0.451046
dataset/person_194/img_01.jpg,dataset/person_194/img_02.jpg,1,0.316148
dataset/person_219/img_01.jpg,dataset/person_219/img_03.jpg,1,0.490679
dataset/person_229/img_02.jpg,dataset/person_229/img_06.jpg,1,0.137447
dataset/person_235/img_01.jpg,dataset/person_235/img_05.jpg,1,0.245721
dataset/person_246/img_03.jpg,dataset/person_246/img_05.jpg,1,0.391999
dataset/person_256/img_01.jpg,dataset/person_256/img_05.jpg,1,0.462383
dataset/person_287/img_05.jpg,dataset/person_287/img_06.jpg,1,0.177101
dataset/person_289/img_01.jpg,dataset/person_289/img_04.jpg,1,0.486323
dataset/person_309/img_01.jpg,dataset/person_309/img_03.jpg,1,0.520706
dataset/person_311/img_01.jpg,dataset/person_311/img_04.jpg,1,0.102285
dataset/person_313/img_07.jpg,dataset/person_313/img_09.jpg,1,0.287049
dataset/person_354/img_03.jpg,dataset/person_354/img_05.jpg,1,0.171849
dataset/person_355/img_04.jpg,dataset/person_355/img_07.jpg,1,0.560458
dataset/person_367/img_02.jpg,dataset/person_367/img_07.jpg,1,0.496707
dataset/person_369/img_01.jpg,dataset/person_369/img_05.jpg,1,0.261983
dataset/person_374/img_01.jpg,dataset/person_374/img_03.jpg,1,0.368653
dataset/person_391/img_02.jpg,dataset/person_391/img_03.jpg,1,0.313916
dataset/person_411/img_02.jpg,dataset/person_411/img_12.jpg,1,0.255163
dataset/person_412/img_03.jpg,dataset/person_412/img_05.jpg,1,0.596311
dataset/person_431/img_02.jpg,dataset/person_431/img_05.jpg,1,0.193681
dataset/person_474/img_05.jpg,dataset/person_474/img_08.jpg,1,0.283607
dataset/person_491/img_01.jpg,dataset/person_491/img_02.jpg,1,0.552807
dataset/person_515/img_02.jpg,dataset/person_515/img_03.jpg,1,0.297022
dataset/person_519/img_05.jpg,dataset/person_519/img_08.jpg,1,0.409523
dataset/person_527/img_01.jpg,dataset/person_527/img_03.jpg,1,0.537249
dataset/person_535/img_01.jpg,dataset/person_535/img_04.jpg,1,0.589404
dataset/person_544/img_03.jpg,dataset/person_544/img_04.jpg,1,0.415988
dataset/person_547/img_02.jpg,dataset/person_547/img_04.jpg,1,0.600151
dataset/person_559/img_02.jpg,dataset/person_559/img_05.jpg,1,0.310348
dataset/person_585/img_01.jpg,dataset/person_585/img_04.jpg,1,0.393118
dataset/person_601/img_02.jpg,dataset/person_601/img_04.jpg,1,0.369901
dataset/person_655/img_03.jpg,dataset/person_655/img_07.jpg,1,0.136679
dataset/person_661/img_01.jpg,dataset/person_661/img_13.jpg,1,0.231066
dataset/person_687/img_02.jpg,dataset/person_687/img_03.jpg,1,0.506484
dataset/person_710/img_09.jpg,dataset/person_710/img_15.jpg,1,0.397019
dataset/person_711/img_01.jpg,dataset/person_711/img_53.jpg,1,0.575794
dataset/person_713/img_02.jpg,dataset/person_713/img_06.jpg,1,0.260937
dataset/person_744/img_09.jpg,dataset/person_744/img_14.jpg,1,0.433553
dataset/person_769/img_03.jpg,dataset/person_769/img_05.jpg,1,0.735803
dataset/person_776/img_03.jpg,dataset/person_776/img_08.jpg,1,0.374457
dataset/person_783/img_06.jpg,dataset/person_783/img_07.jpg,1,0.455800
dataset/person_785/img_03.jpg,dataset/person_785/img_04.jpg,1,0.125803
dataset/person_804/img_01.jpg,dataset/person_804/img_05.jpg,1,0.214220
dataset/person_815/img_05.jpg,dataset/person_815/img_07.jpg,1,0.679202
dataset/person_844/img_01.jpg,dataset/person_844/img_08.jpg,1,0.304733
dataset/person_853/img_09.jpg,dataset/person_853/img_17.jpg,1,0.315362
dataset/person_861/img_05.jpg,dataset/person_861/img_06.jpg,1,0.409302
dataset/person_869/img_02.jpg,dataset/person_869/img_03.jpg,1,0.391728
dataset/person_870/img_02.jpg,dataset/person_870/img_03.jpg,1,0.577887
dataset/person_871/img_01.jpg,dataset/person_871/img_02.jpg,1,0.252977
dataset/person_891/img_01.jpg,dataset/person_891/img_03.jpg,1,0.452906
dataset/person_896/img_01.jpg,dataset/person_896/img_09.jpg,1,0.519211
dataset/person_909/img_04.jpg,dataset/person_909/img_30.jpg,1,0.681121
dataset/person_911/img_02.jpg,dataset/person_911/img_04.jpg,1,0.526767
dataset/person_916/img_04.jpg,dataset/person_916/img_05.jpg,1,0.164616
dataset/person_924/img_03.jpg,dataset/person_924/img_07.jpg,1,0.236362
dataset/person_930/img_02.jpg,dataset/person_930/img_04.jpg,1,0.309483
dataset/person_935/img_02.jpg,dataset/person_935/img_03.jpg,1,0.462130
dataset/person_963/img_05.jpg,dataset/person_963/img_09.jpg,1,0.557537
dataset/person_989/img_01.jpg,dataset/person_989/img_02.jpg,1,0.491097
dataset/person_022/img_04.jpg,dataset/person_022/img_05.jpg,1,0.322184
dataset/person_034/img_03.jpg,dataset/person_034/img_04.jpg,1,0.598743
dataset/person_040/img_01.jpg,dataset/person_040/img_02.jpg,1,0.427025
dataset/person_043/img_05.jpg,dataset/person_043/img_23.jpg,1,0.322028
dataset/person_049/img_01.jpg,dataset/person_049/img_02.jpg,1,0.512932
dataset/person_064/img_01.jpg,dataset/person_064/img_03.jpg,1,0.156457
dataset/person_065/img_03.jpg,dataset/person_065/img_25.jpg,1,0.277537
dataset/person_070/img_01.jpg,dataset/person_070/img_03.jpg,1,0.382822
dataset/person_1018/img_04.jpg,dataset/person_1018/img_05.jpg,1,0.390578
dataset/person_1022/img_01.jpg,dataset/person_1022/img_07.jpg,1,0.249928
dataset/person_1052/img_01.jpg,dataset/person_1052/img_03.jpg,1,0.414440
dataset/person_1097/img_01.jpg,dataset/person_1097/img_02.jpg,1,0.770502
dataset/person_1098/img_04.jpg,dataset/person_1098/img_06.jpg,1,0.334081
dataset/person_1101/img_02.jpg,dataset/person_1101/img_03.jpg,1,0.353884
dataset/person_111/img_03.jpg,dataset/person_111/img_04.jpg,1,0.348626
dataset/person_1151/img_02.jpg,dataset/person_1151/img_06.jpg,1,0.524633
dataset/person_1155/img_02.jpg,dataset/person_1155/img_04.jpg,1,0.382520
dataset/person_1170/img_01.jpg,dataset/person_1170/img_03.jpg,1,0.421384
dataset/person_1191/img_01.jpg,dataset/person_1191/img_03.jpg,1,0.257715
dataset/person_1192/img_01.jpg,dataset/person_1192/img_09.jpg,1,0.341386
dataset/person_1202/img_01.jpg,dataset/person_1202/img_03.jpg,1,0.533720
dataset/person_1217/img_02.jpg,dataset/person_1217/img_04.jpg,1,0.522430
dataset/person_1226/img_03.jpg,dataset/person_1226/img_05.jpg,1,0.492785
dataset/person_1244/img_13.jpg,dataset/person_1244/img_15.jpg,1,0.303855
dataset/person_1262/img_02.jpg,dataset/person_1262/img_09.jpg,1,0.142220
dataset/person_1302/img_01.jpg,dataset/person_1302/img_05.jpg,1,0.264227
dataset/person_1309/img_04.jpg,dataset/person_1309/img_12.jpg,1,0.246271
dataset/person_1316/img_01.jpg,dataset/person_1316/img_02.jpg,1,0.469281
dataset/person_1326/img_02.jpg,dataset/person_1326/img_03.jpg,1,0.656713
dataset/person_1334/img_13.jpg,dataset/person_1334/img_22.jpg,1,0.285327
dataset/person_1352/img_03.jpg,dataset/person_1352/img_06.jpg,1,0.455298
dataset/person_1355/img_01.jpg,dataset/person_1355/img_04.jpg,1,0.330115
dataset/person_1369/img_01.jpg,dataset/person_1369/img_03.jpg,1,0.445435
dataset/person_1371/img_04.jpg,dataset/person_1371/img_06.jpg,1,0.648872
dataset/person_1382/img_01.jpg,dataset/person_1382/img_08.jpg,1,0.426650
dataset/person_1387/img_01.jpg,dataset/person_1387/img_03.jpg,1,0.565585
dataset/person_1396/img_01.jpg,dataset/person_1396/img_02.jpg,1,0.340112
dataset/person_1411/img_05.jpg,dataset/person_1411/img_06.jpg,1,0.664294
dataset/person_1420/img_02.jpg,dataset/person_1420/img_04.jpg,1,0.382524
dataset/person_1438/img_01.jpg,dataset/person_1438/img_04.jpg,1,0.240955
dataset/person_1439/img_01.jpg,dataset/person_1439/img_02.jpg,1,0.490043
dataset/person_1454/img_01.jpg,dataset/person_1454/img_02.jpg,1,0.442973
dataset/person_1486/img_03.jpg,dataset/person_1486/img_07.jpg,1,0.416088
dataset/person_149/img_01.jpg,dataset/person_149/img_02.jpg,1,0.401019
dataset/person_1490/img_01.jpg,dataset/person_1490/img_06.jpg,1,0.470272
dataset/person_1492/img_23.jpg,dataset/person_1492/img_27.jpg,1,0.424705
dataset/person_1531/img_01.jpg,dataset/person_1531/img_06.jpg,1,0.171891
dataset/person_1546/img_02.jpg,dataset/person_1546/img_05.jpg,1,0.406354
dataset/person_1563/img_01.jpg,dataset/person_1563/img_02.jpg,1,0.652524
dataset/person_1572/img_02.jpg,dataset/person_1572/img_04.jpg,1,0.425348
dataset/person_1577/img_02.jpg,dataset/person_1577/img_05.jpg,1,0.221132
dataset/person_1580/img_19.jpg,dataset/person_1580/img_30.jpg,1,0.376864
dataset/person_1588/img_02.jpg,dataset/person_1588/img_03.jpg,1,0.446712
dataset/person_1601/img_02.jpg,dataset/person_1601/img_05.jpg,1,0.391471
dataset/person_162/img_08.jpg,dataset/person_162/img_09.jpg,1,0.602063
dataset/person_1653/img_01.jpg,dataset/person_1653/img_02.jpg,1,0.495953
dataset/person_1658/img_01.jpg,dataset/person_1658/img_04.jpg,1,0.467832
dataset/person_1669/img_01.jpg,dataset/person_1669/img_04.jpg,1,0.502668
dataset/person_1680/img_02.jpg,dataset/person_1680/img_04.jpg,1,0.451425
dataset/person_191/img_03.jpg,dataset/person_191/img_06.jpg,1,0.165256
dataset/person_194/img_02.jpg,dataset/person_194/img_04.jpg,1,0.188809
dataset/person_219/img_01.jpg,dataset/person_219/img_04.jpg,1,0.248943
dataset/person_229/img_12.jpg,dataset/person_229/img_18.jpg,1,0.145375
dataset/person_235/img_01.jpg,dataset/person_235/img_04.jpg,1,0.344522
dataset/person_246/img_01.jpg,dataset/person_246/img_03.jpg,1,0.386424
dataset/person_256/img_02.jpg,dataset/person_256/img_05.jpg,1,0.475674
dataset/person_287/img_01.jpg,dataset/person_287/img_05.jpg,1,0.386350
dataset/person_289/img_01.jpg,dataset/person_289/img_02.jpg,1,0.306554
dataset/person_309/img_02.jpg,dataset/person_309/img_05.jpg,1,0.543660
dataset/person_311/img_01.jpg,dataset/person_311/img_03.jpg,1,0.346652
dataset/person_313/img_04.jpg,dataset/person_313/img_05.jpg,1,0.016845
dataset/person_354/img_01.jpg,dataset/person_354/img_05.jpg,1,0.272760
dataset/person_355/img_06.jpg,dataset/person_355/img_07.jpg,1,0.345422
dataset/person_367/img_01.jpg,dataset/person_367/img_07.jpg,1,0.453996
dataset/person_369/img_04.jpg,dataset/person_369/img_05.jpg,1,0.142859
dataset/person_374/img_01.jpg,dataset/person_374/img_02.jpg,1,0.467914
dataset/person_391/img_01.jpg,dataset/person_391/img_02.jpg,1,0.552222
dataset/person_411/img_04.jpg,dataset/person_411/img_09.jpg,1,0.428095
dataset/person_412/img_01.jpg,dataset/person_412/img_05.jpg,1,0.658462
dataset/person_431/img_04.jpg,dataset/person_431/img_05.jpg,1,0.703853
dataset/person_474/img_07.jpg,dataset/person_474/img_08.jpg,1,0.568628
dataset/person_491/img_01.jpg,dataset/person_491/img_04.jpg,1,0.394423
dataset/person_515/img_02.jpg,dataset/person_515/img_04.jpg,1,0.624432
dataset/person_519/img_02.jpg,dataset/person_519/img_08.jpg,1,0.367928
dataset/person_527/img_02.jpg,dataset/person_527/img_04.jpg,1,0.242479
dataset/person_535/img_03.jpg,dataset/person_535/img_04.jpg,1,0.718328
dataset/person_544/img_02.jpg,dataset/person_544/img_04.jpg,1,0.469259
dataset/person_547/img_03.jpg,dataset/person_547/img_04.jpg,1,0.608193
dataset/person_559/img_03.jpg,dataset/person_559/img_05.jpg,1,0.640379
dataset/person_585/img_03.jpg,dataset/person_585/img_20.jpg,1,0.467573
dataset/person_601/img_01.jpg,dataset/person_601/img_02.jpg,1,0.050173
dataset/person_655/img_01.jpg,dataset/person_655/img_03.jpg,1,0.377449
dataset/person_661/img_05.jpg,dataset/person_661/img_07.jpg,1,0.811704
dataset/person_687/img_03.jpg,dataset/person_687/img_04.jpg,1,0.644797
dataset/person_710/img_01.jpg,dataset/person_710/img_11.jpg,1,0.440296
dataset/person_711/img_17.jpg,dataset/person_711/img_54.jpg,1,0.378511
dataset/person_713/img_06.jpg,dataset/person_713/img_09.jpg,1,0.454726
dataset/person_744/img_08.jpg,dataset/person_744/img_14.jpg,1,0.657838
dataset/person_769/img_04.jpg,dataset/person_769/img_06.jpg,1,0.404666
dataset/person_776/img_01.jpg,dataset/person_776/img_02.jpg,1,0.483992
dataset/person_783/img_02.jpg,dataset/person_783/img_06.jpg,1,0.176044
dataset/person_785/img_03.jpg,dataset/person_785/img_05.jpg,1,0.155889
dataset/person_804/img_04.jpg,dataset/person_804/img_06.jpg,1,0.340769
dataset/person_815/img_01.jpg,dataset/person_815/img_07.jpg,1,0.390718
dataset/person_844/img_05.jpg,dataset/person_844/img_06.jpg,1,0.030280
dataset/person_853/img_03.jpg,dataset/person_853/img_08.jpg,1,-0.138375
dataset/person_861/img_05.jpg,dataset/person_861/img_08.jpg,1,0.433851
dataset/person_869/img_06.jpg,dataset/person_869/img_09.jpg,1,0.318476
dataset/person_870/img_02.jpg,dataset/person_870/img_04.jpg,1,0.208651
dataset/person_871/img_01.jpg,dataset/person_871/img_03.jpg,1,0.325628
dataset/person_891/img_04.jpg,dataset/person_891/img_05.jpg,1,0.534949
dataset/person_896/img_01.jpg,dataset/person_896/img_13.jpg,1,0.169296
dataset/person_909/img_04.jpg,dataset/person_909/img_10.jpg,1,0.000260
dataset/person_911/img_01.jpg,dataset/person_911/img_04.jpg,1,0.179723
dataset/person_916/img_02.jpg,dataset/person_916/img_03.jpg,1,0.158828
dataset/person_924/img_02.jpg,dataset/person_924/img_07.jpg,1,0.242562
dataset/person_930/img_03.jpg,dataset/person_930/img_04.jpg,1,0.389149
dataset/person_935/img_01.jpg,dataset/person_935/img_02.jpg,1,0.432718
dataset/person_963/img_02.jpg,dataset/person_963/img_07.jpg,1,0.074792
dataset/person_989/img_02.jpg,dataset/person_989/img_04.jpg,1,0.074342
dataset/person_022/img_02.jpg,dataset/person_022/img_05.jpg,1,0.538034
dataset/person_034/img_03.jpg,dataset/person_034/img_05.jpg,1,0.285544
dataset/person_040/img_03.jpg,dataset/person_040/img_04.jpg,1,0.353375
dataset/person_043/img_32.jpg,dataset/person_043/img_34.jpg,1,0.479382
dataset/person_049/img_02.jpg,dataset/person_049/img_04.jpg,1,0.377803
dataset/person_064/img_01.jpg,dataset/person_064/img_04.jpg,1,0.138718
dataset/person_065/img_10.jpg,dataset/person_065/img_26.jpg,1,0.675469
dataset/person_070/img_02.jpg,dataset/person_070/img_07.jpg,1,0.381733
dataset/person_1018/img_02.jpg,dataset/person_1018/img_06.jpg,1,0.551331
dataset/person_1022/img_02.jpg,dataset/person_1022/img_04.jpg,1,0.162925
dataset/person_1052/img_03.jpg,dataset/person_1052/img_04.jpg,1,0.695809
dataset/person_1097/img_01.jpg,dataset/person_1097/img_04.jpg,1,0.556630
dataset/person_1098/img_02.jpg,dataset/person_1098/img_06.jpg,1,0.334647
dataset/person_1101/img_01.jpg,dataset/person_1101/img_04.jpg,1,0.412472
dataset/person_111/img_02.jpg,dataset/person_111/img_04.jpg,1,0.244276
dataset/person_1151/img_07.jpg,dataset/person_1151/img_08.jpg,1,0.627424
dataset/person_1155/img_01.jpg,dataset/person_1155/img_02.jpg,1,0.236317
dataset/person_1170/img_01.jpg,dataset/person_1170/img_02.jpg,1,0.503142
dataset/person_1191/img_02.jpg,dataset/person_1191/img_04.jpg,1,0.487232
dataset/person_1192/img_07.jpg,dataset/person_1192/img_11.jpg,1,0.729005
dataset/person_1202/img_03.jpg,dataset/person_1202/img_04.jpg,1,0.283607
dataset/person_1217/img_01.jpg,dataset/person_1217/img_02.jpg,1,0.510948
dataset/person_1226/img_06.jpg,dataset/person_1226/img_09.jpg,1,0.339231
dataset/person_1244/img_07.jpg,dataset/person_1244/img_15.jpg,1,0.470937
dataset/person_1262/img_03.jpg,dataset/person_1262/img_06.jpg,1,0.380580
dataset/person_1302/img_02.jpg,dataset/person_1302/img_03.jpg,1,0.132741
dataset/person_1309/img_02.jpg,dataset/person_1309/img_03.jpg,1,0.513010
dataset/person_1316/img_03.jpg,dataset/person_1316/img_04.jpg,1,0.268075
dataset/person_1326/img_01.jpg,dataset/person_1326/img_06.jpg,1,0.354083
dataset/person_1334/img_24.jpg,dataset/person_1334/img_27.jpg,1,0.305348
dataset/person_1352/img_01.jpg,dataset/person_1352/img_07.jpg,1,0.150931
dataset/person_1355/img_02.jpg,dataset/person_1355/img_03.jpg,1,0.586662
dataset/person_1369/img_01.jpg,dataset/person_1369/img_02.jpg,1,0.540985
dataset/person_1371/img_04.jpg,dataset/person_1371/img_05.jpg,1,0.633168
dataset/person_1382/img_06.jpg,dataset/person_1382/img_07.jpg,1,0.487749
dataset/person_1387/img_04.jpg,dataset/person_1387/img_05.jpg,1,0.586637
dataset/person_1396/img_01.jpg,dataset/person_1396/img_04.jpg,1,0.440140
dataset/person_1411/img_04.jpg,dataset/person_1411/img_05.jpg,1,0.223932
dataset/person_1420/img_03.jpg,dataset/person_1420/img_05.jpg,1,0.133049
dataset/person_1438/img_03.jpg,dataset/person_1438/img_04.jpg,1,0.499135
dataset/person_1439/img_02.jpg,dataset/person_1439/img_04.jpg,1,0.231654
dataset/person_1454/img_02.jpg,dataset/person_1454/img_05.jpg,1,0.372280
dataset/person_1486/img_03.jpg,dataset/person_1486/img_06.jpg,1,0.126267
dataset/person_149/img_01.jpg,dataset/person_149/img_05.jpg,1,0.252066
dataset/person_1490/img_02.jpg,dataset/person_1490/img_04.jpg,1,0.096100
dataset/person_1492/img_12.jpg,dataset/person_1492/img_30.jpg,1,0.200641
dataset/person_1531/img_02.jpg,dataset/person_1531/img_05.jpg,1,0.312064
dataset/person_1546/img_02.jpg,dataset/person_1546/img_03.jpg,1,0.409081
dataset/person_1563/img_02.jpg,dataset/person_1563/img_04.jpg,1,0.351043
dataset/person_1572/img_02.jpg,dataset/person_1572/img_03.jpg,1,0.497089
dataset/person_1577/img_01.jpg,dataset/person_1577/img_05.jpg,1,0.230064
dataset/person_1580/img_16.jpg,dataset/person_1580/img_28.jpg,1,0.446896
dataset/person_1588/img_01.jpg,dataset/person_1588/img_04.jpg,1,0.710618
dataset/person_1601/img_04.jpg,dataset/person_1601/img_07.jpg,1,0.355060
dataset/person_162/img_06.jpg,dataset/person_162/img_07.jpg,1,0.529684
dataset/person_1653/img_01.jpg,dataset/person_1653/img_03.jpg,1,0.285574
dataset/person_1658/img_02.jpg,dataset/person_1658/img_03.jpg,1,0.239610
dataset/person_1669/img_01.jpg,dataset/person_1669/img_02.jpg,1,0.426263
dataset/person_1680/img_01.jpg,dataset/person_1680/img_04.jpg,1,0.360451
dataset/person_191/img_01.jpg,dataset/person_191/img_02.jpg,1,0.615673
dataset/person_194/img_01.jpg,dataset/person_194/img_03.jpg,1,0.197621
dataset/person_219/img_02.jpg,dataset/person_219/img_03.jpg,1,0.679591
dataset/person_229/img_02.jpg,dataset/person_229/img_09.jpg,1,0.393124
dataset/person_235/img_01.jpg,dataset/person_235/img_03.jpg,1,0.309034
dataset/person_246/img_02.jpg,dataset/person_246/img_03.jpg,1,0.536917
dataset/person_256/img_03.jpg,dataset/person_256/img_04.jpg,1,0.504051
dataset/person_287/img_03.jpg,dataset/person_287/img_04.jpg,1,0.366437
dataset/person_289/img_02.jpg,dataset/person_289/img_03.jpg,1,0.492792
dataset/person_309/img_02.jpg,dataset/person_309/img_03.jpg,1,0.474972
dataset/person_311/img_02.jpg,dataset/person_311/img_03.jpg,1,0.427610
dataset/person_313/img_08.jpg,dataset/person_313/img_10.jpg,1,0.301254
dataset/person_354/img_02.jpg,dataset/person_354/img_05.jpg,1,0.604346
dataset/person_355/img_01.jpg,dataset/person_355/img_05.jpg,1,0.568055
dataset/person_367/img_03.jpg,dataset/person_367/img_05.jpg,1,0.539107
dataset/person_369/img_03.jpg,dataset/person_369/img_04.jpg,1,0.359830
dataset/person_374/img_02.jpg,dataset/person_374/img_04.jpg,1,0.416303
dataset/person_391/img_03.jpg,dataset/person_391/img_04.jpg,1,0.531171
dataset/person_411/img_01.jpg,dataset/person_411/img_12.jpg,1,0.300143
dataset/person_412/img_02.jpg,dataset/person_412/img_03.jpg,1,0.388545
dataset/person_431/img_01.jpg,dataset/person_431/img_05.jpg,1,0.306339
dataset/person_474/img_02.jpg,dataset/person_474/img_05.jpg,1,0.387888
dataset/person_491/img_02.jpg,dataset/person_491/img_05.jpg,1,0.404517
dataset/person_515/img_04.jpg,dataset/person_515/img_05.jpg,1,0.389190
dataset/person_519/img_05.jpg,dataset/person_519/img_06.jpg,1,0.361507
dataset/person_527/img_01.jpg,dataset/person_527/img_02.jpg,1,0.361787
dataset/person_535/img_01.jpg,dataset/person_535/img_02.jpg,1,0.497285
dataset/person_544/img_01.jpg,dataset/person_544/img_03.jpg,1,0.299906
dataset/person_547/img_01.jpg,dataset/person_547/img_04.jpg,1,0.377986
dataset/person_559/img_01.jpg,dataset/person_559/img_02.jpg,1,0.637509
dataset/person_585/img_04.jpg,dataset/person_585/img_09.jpg,1,0.536103
dataset/person_601/img_01.jpg,dataset/person_601/img_03.jpg,1,0.279155
dataset/person_655/img_04.jpg,dataset/person_655/img_10.jpg,1,0.436759
dataset/person_661/img_04.jpg,dataset/person_661/img_12.jpg,1,0.414244
dataset/person_687/img_02.jpg,dataset/person_687/img_04.jpg,1,0.470298
dataset/person_710/img_01.jpg,dataset/person_710/img_02.jpg,1,0.255329
dataset/person_711/img_06.jpg,dataset/person_711/img_44.jpg,1,0.389992
dataset/person_713/img_01.jpg,dataset/person_713/img_05.jpg,1,0.304408
dataset/person_744/img_10.jpg,dataset/person_744/img_19.jpg,1,0.545868
dataset/person_769/img_01.jpg,dataset/person_769/img_03.jpg,1,0.548132
dataset/person_776/img_04.jpg,dataset/person_776/img_06.jpg,1,0.259520
dataset/person_783/img_02.jpg,dataset/person_783/img_07.jpg,1,0.668110
dataset/person_785/img_01.jpg,dataset/person_785/img_04.jpg,1,0.198024
dataset/person_804/img_01.jpg,dataset/person_804/img_04.jpg,1,0.508818
dataset/person_815/img_02.jpg,dataset/person_815/img_04.jpg,1,0.706454
dataset/person_844/img_02.jpg,dataset/person_844/img_05.jpg,1,0.197072
dataset/person_853/img_14.jpg,dataset/person_853/img_19.jpg,1,0.557212
dataset/person_861/img_03.jpg,dataset/person_861/img_05.jpg,1,0.410963
dataset/person_869/img_01.jpg,dataset/person_869/img_08.jpg,1,0.417685
dataset/person_870/img_03.jpg,dataset/person_870/img_04.jpg,1,0.300777
dataset/person_871/img_02.jpg,dataset/person_871/img_03.jpg,1,0.351501
dataset/person_891/img_01.jpg,dataset/person_891/img_02.jpg,1,0.470938
dataset/person_896/img_03.jpg,dataset/person_896/img_06.jpg,1,0.462586
dataset/person_909/img_08.jpg,dataset/person_909/img_30.jpg,1,0.652867
dataset/person_911/img_01.jpg,dataset/person_911/img_03.jpg,1,0.369014
dataset/person_916/img_03.jpg,dataset/person_916/img_05.jpg,1,0.501340
dataset/person_924/img_03.jpg,dataset/person_924/img_06.jpg,1,0.052798
dataset/person_930/img_01.jpg,dataset/person_930/img_03.jpg,1,0.383873
dataset/person_935/img_02.jpg,dataset/person_935/img_04.jpg,1,0.342766
dataset/person_963/img_04.jpg,dataset/person_963/img_06.jpg,1,0.436169
dataset/person_989/img_01.jpg,dataset/person_989/img_05.jpg,1,0.479392
dataset/person_022/img_02.jpg,dataset/person_022/img_04.jpg,1,0.333039
dataset/person_034/img_01.jpg,dataset/person_034/img_03.jpg,1,0.591733
dataset/person_040/img_01.jpg,dataset/person_040/img_04.jpg,1,0.424306
dataset/person_043/img_14.jpg,dataset/person_043/img_31.jpg,1,0.324447
dataset/person_049/img_01.jpg,dataset/person_049/img_04.jpg,1,0.212987
dataset/person_064/img_01.jpg,dataset/person_064/img_02.jpg,1,0.117888
dataset/person_065/img_19.jpg,dataset/person_065/img_22.jpg,1,0.329443
dataset/person_070/img_02.jpg,dataset/person_070/img_04.jpg,1,0.562465
dataset/person_1018/img_05.jpg,dataset/person_1018/img_06.jpg,1,0.099137
dataset/person_1022/img_01.jpg,dataset/person_1022/img_03.jpg,1,0.285867
dataset/person_1052/img_01.jpg,dataset/person_1052/img_04.jpg,1,0.469298
dataset/person_1097/img_02.jpg,dataset/person_1097/img_03.jpg,1,0.237620
dataset/person_1098/img_02.jpg,dataset/person_1098/img_03.jpg,1,0.365503
dataset/person_1101/img_01.jpg,dataset/person_1101/img_02.jpg,1,0.269693
dataset/person_111/img_01.jpg,dataset/person_111/img_02.jpg,1,0.388060
dataset/person_1151/img_05.jpg,dataset/person_1151/img_08.jpg,1,0.407585
dataset/person_1155/img_01.jpg,dataset/person_1155/img_03.jpg,1,0.443032
dataset/person_1170/img_02.jpg,dataset/person_1170/img_03.jpg,1,0.430475
dataset/person_1191/img_03.jpg,dataset/person_1191/img_04.jpg,1,0.368077
dataset/person_1192/img_02.jpg,dataset/person_1192/img_10.jpg,1,0.373791
dataset/person_1202/img_01.jpg,dataset/person_1202/img_02.jpg,1,0.640895
dataset/person_1217/img_03.jpg,dataset/person_1217/img_04.jpg,1,0.731857
dataset/person_1226/img_05.jpg,dataset/person_1226/img_07.jpg,1,0.325933
dataset/person_1244/img_05.jpg,dataset/person_1244/img_10.jpg,1,0.421717
dataset/person_1262/img_05.jpg,dataset/person_1262/img_06.jpg,1,0.513908
dataset/person_1302/img_01.jpg,dataset/person_1302/img_04.jpg,1,0.409554
dataset/person_1309/img_05.jpg,dataset/person_1309/img_06.jpg,1,0.548881
dataset/person_1316/img_02.jpg,dataset/person_1316/img_03.jpg,1,0.561397
dataset/person_1326/img_04.jpg,dataset/person_1326/img_06.jpg,1,0.256051
dataset/person_1334/img_09.jpg,dataset/person_1334/img_18.jpg,1,0.565218
dataset/person_1352/img_03.jpg,dataset/person_1352/img_07.jpg,1,0.284623
dataset/person_1355/img_01.jpg,dataset/person_1355/img_02.jpg,1,0.364697
dataset/person_1369/img_01.jpg,dataset/person_1369/img_04.jpg,1,0.489861
dataset/person_1371/img_01.jpg,dataset/person_1371/img_06.jpg,1,0.444493
dataset/person_1382/img_05.jpg,dataset/person_1382/img_07.jpg,1,0.459193
dataset/person_1387/img_01.jpg,dataset/person_1387/img_04.jpg,1,0.465698
dataset/person_1396/img_02.jpg,dataset/person_1396/img_03.jpg,1,0.402077
dataset/person_1411/img_01.jpg,dataset/person_1411/img_02.jpg,1,0.334329
dataset/person_1420/img_02.jpg,dataset/person_1420/img_05.jpg,1,0.147999
dataset/person_1438/img_02.jpg,dataset/person_1438/img_03.jpg,1,0.401595
dataset/person_1439/img_01.jpg,dataset/person_1439/img_04.jpg,1,0.310622
dataset/person_1454/img_03.jpg,dataset/person_1454/img_05.jpg,1,0.595631
dataset/person_1486/img_01.jpg,dataset/person_1486/img_06.jpg,1,0.211614
dataset/person_149/img_04.jpg,dataset/person_149/img_05.jpg,1,0.666529
dataset/person_1490/img_04.jpg,dataset/person_1490/img_06.jpg,1,0.348984
dataset/person_1492/img_06.jpg,dataset/person_1492/img_20.jpg,1,0.508130
dataset/person_1531/img_02.jpg,dataset/person_1531/img_08.jpg,1,0.282698
dataset/person_1546/img_01.jpg,dataset/person_1546/img_04.jpg,1,0.691113
dataset/person_1563/img_01.jpg,dataset/person_1563/img_03.jpg,1,0.424217
dataset/person_1572/img_01.jpg,dataset/person_1572/img_02.jpg,1,0.418985
dataset/person_1577/img_02.jpg,dataset/person_1577/img_04.jpg,1,0.445663
dataset/person_1580/img_03.jpg,dataset/person_1580/img_16.jpg,1,0.368206
dataset/person_1588/img_02.jpg,dataset/person_1588/img_04.jpg,1,0.541502
dataset/person_1601/img_01.jpg,dataset/person_1601/img_06.jpg,1,-0.226187
dataset/person_162/img_02.jpg,dataset/person_162/img_06.jpg,1,0.190113
dataset/person_1653/img_02.jpg,dataset/person_1653/img_03.jpg,1,0.485692
dataset/person_1658/img_02.jpg,dataset/person_1658/img_05.jpg,1,0.226930
dataset/person_1669/img_03.jpg,dataset/person_1669/img_04.jpg,1,0.518420
dataset/person_1680/img_03.jpg,dataset/person_1680/img_04.jpg,1,0.148106
dataset/person_191/img_04.jpg,dataset/person_191/img_06.jpg,1,0.449166
dataset/person_194/img_01.jpg,dataset/person_194/img_04.jpg,1,0.696095
dataset/person_219/img_02.jpg,dataset/person_219/img_04.jpg,1,0.179899
dataset/person_229/img_10.jpg,dataset/person_229/img_14.jpg,1,0.610568
dataset/person_235/img_05.jpg,dataset/person_235/img_06.jpg,1,0.622128
dataset/person_246/img_03.jpg,dataset/person_246/img_04.jpg,1,0.524336
dataset/person_256/img_02.jpg,dataset/person_256/img_03.jpg,1,0.455722
dataset/person_287/img_03.jpg,dataset/person_287/img_06.jpg,1,0.353716
dataset/person_289/img_02.jpg,dataset/person_289/img_04.jpg,1,0.298412
dataset/person_309/img_03.jpg,dataset/person_309/img_05.jpg,1,0.344451
dataset/person_311/img_03.jpg,dataset/person_311/img_04.jpg,1,0.331927
dataset/person_313/img_06.jpg,dataset/person_313/img_07.jpg,1,0.564239
dataset/person_354/img_02.jpg,dataset/person_354/img_04.jpg,1,0.513695
dataset/person_355/img_04.jpg,dataset/person_355/img_05.jpg,1,0.607775
dataset/person_367/img_04.jpg,dataset/person_367/img_07.jpg,1,0.453779
dataset/person_369/img_02.jpg,dataset/person_369/img_03.jpg,1,0.382506
dataset/person_374/img_03.jpg,dataset/person_374/img_04.jpg,1,0.125497
dataset/person_391/img_01.jpg,dataset/person_391/img_03.jpg,1,0.358990
dataset/person_411/img_07.jpg,dataset/person_411/img_11.jpg,1,0.453167
dataset/person_412/img_02.jpg,dataset/person_412/img_05.jpg,1,0.501063
dataset/person_431/img_01.jpg,dataset/person_431/img_03.jpg,1,0.275918
dataset/person_474/img_03.jpg,dataset/person_474/img_08.jpg,1,0.495559
dataset/person_491/img_03.jpg,dataset/person_491/img_05.jpg,1,0.209614
dataset/person_515/img_03.jpg,dataset/person_515/img_05.jpg,1,0.263474
dataset/person_519/img_04.jpg,dataset/person_519/img_07.jpg,1,0.512461
dataset/person_527/img_03.jpg,dataset/person_527/img_04.jpg,1,0.326022
dataset/person_535/img_02.jpg,dataset/person_535/img_04.jpg,1,0.454090
dataset/person_544/img_02.jpg,dataset/person_544/img_03.jpg,1,0.703054
dataset/person_547/img_02.jpg,dataset/person_547/img_03.jpg,1,0.592142
dataset/person_559/img_02.jpg,dataset/person_559/img_04.jpg,1,0.434700
dataset/person_585/img_10.jpg,dataset/person_585/img_13.jpg,1,0.385362
dataset/person_601/img_01.jpg,dataset/person_601/img_04.jpg,1,0.200768
dataset/person_655/img_06.jpg,dataset/person_655/img_10.jpg,1,0.349239
dataset/person_661/img_02.jpg,dataset/person_661/img_13.jpg,1,0.347179
dataset/person_687/img_01.jpg,dataset/person_687/img_03.jpg,1,0.489679
dataset/person_710/img_02.jpg,dataset/person_710/img_10.jpg,1,0.513289
dataset/person_711/img_03.jpg,dataset/person_711/img_05.jpg,1,0.466375
dataset/person_713/img_02.jpg,dataset/person_713/img_07.jpg,1,0.476553
dataset/person_744/img_16.jpg,dataset/person_744/img_19.jpg,1,0.539859
dataset/person_769/img_02.jpg,dataset/person_769/img_04.jpg,1,0.387953
dataset/person_776/img_06.jpg,dataset/person_776/img_08.jpg,1,0.287174
dataset/person_783/img_01.jpg,dataset/person_783/img_04.jpg,1,0.412677
dataset/person_785/img_03.jpg,dataset/person_785/img_06.jpg,1,0.339816
dataset/person_804/img_04.jpg,dataset/person_804/img_05.jpg,1,0.147731
dataset/person_815/img_02.jpg,dataset/person_815/img_06.jpg,1,0.526632
dataset/person_844/img_02.jpg,dataset/person_844/img_04.jpg,1,0.487746
dataset/person_853/img_09.jpg,dataset/person_853/img_11.jpg,1,0.595770
dataset/person_861/img_03.jpg,dataset/person_861/img_06.jpg,1,0.381587
dataset/person_869/img_02.jpg,dataset/person_869/img_07.jpg,1,0.245163
dataset/person_870/img_01.jpg,dataset/person_870/img_04.jpg,1,0.220905
dataset/person_871/img_03.jpg,dataset/person_871/img_04.jpg,1,0.225173
dataset/person_891/img_03.jpg,dataset/person_891/img_05.jpg,1,0.583182
dataset/person_896/img_02.jpg,dataset/person_896/img_07.jpg,1,0.217937
dataset/person_909/img_13.jpg,dataset/person_909/img_17.jpg,1,0.371916
dataset/person_911/img_01.jpg,dataset/person_911/img_05.jpg,1,0.316088
dataset/person_916/img_02.jpg,dataset/person_916/img_04.jpg,1,0.411891
dataset/person_924/img_02.jpg,dataset/person_924/img_03.jpg,1,0.228420
dataset/person_930/img_01.jpg,dataset/person_930/img_04.jpg,1,0.439306
dataset/person_935/img_01.jpg,dataset/person_935/img_04.jpg,1,0.324482
dataset/person_963/img_07.jpg,dataset/person_963/img_09.jpg,1,0.438715
dataset/person_989/img_01.jpg,dataset/person_989/img_03.jpg,1,0.546668
dataset/person_022/img_03.jpg,dataset/person_022/img_05.jpg,1,0.435633
dataset/person_034/img_02.jpg,dataset/person_034/img_03.jpg,1,0.527818
dataset/person_043/img_11.jpg,dataset/person_043/img_25.jpg,1,0.323565
dataset/person_065/img_09.jpg,dataset/person_065/img_15.jpg,1,0.286499
dataset/person_070/img_01.jpg,dataset/person_070/img_04.jpg,1,0.512638
dataset/person_1018/img_03.jpg,dataset/person_1018/img_06.jpg,1,0.489280
dataset/person_1022/img_01.jpg,dataset/person_1022/img_06.jpg,1,0.336706
dataset/person_1097/img_03.jpg,dataset/person_1097/img_05.jpg,1,0.272934
dataset/person_1098/img_02.jpg,dataset/person_1098/img_04.jpg,1,0.357679
dataset/person_1151/img_04.jpg,dataset/person_1151/img_08.jpg,1,0.633308
dataset/person_1191/img_02.jpg,dataset/person_1191/img_05.jpg,1,0.269647
dataset/person_1192/img_05.jpg,dataset/person_1192/img_08.jpg,1,0.386278
dataset/person_1226/img_05.jpg,dataset/person_1226/img_09.jpg,1,0.308687
dataset/person_1244/img_02.jpg,dataset/person_1244/img_13.jpg,1,0.287442
dataset/person_1262/img_02.jpg,dataset/person_1262/img_06.jpg,1,0.560491
dataset/person_1302/img_01.jpg,dataset/person_1302/img_03.jpg,1,0.220923
dataset/person_1309/img_02.jpg,dataset/person_1309/img_09.jpg,1,0.393491
dataset/person_1316/img_03.jpg,dataset/person_1316/img_05.jpg,1,0.516156
dataset/person_1326/img_04.jpg,dataset/person_1326/img_08.jpg,1,0.277942
dataset/person_1334/img_14.jpg,dataset/person_1334/img_20.jpg,1,0.319153
dataset/person_1352/img_04.jpg,dataset/person_1352/img_07.jpg,1,0.164296
dataset/person_1371/img_05.jpg,dataset/person_1371/img_06.jpg,1,0.568882
dataset/person_1382/img_03.jpg,dataset/person_1382/img_06.jpg,1,0.602712
dataset/person_1387/img_02.jpg,dataset/person_1387/img_04.jpg,1,0.563051
dataset/person_1411/img_01.jpg,dataset/person_1411/img_03.jpg,1,0.254646
dataset/person_1420/img_03.jpg,dataset/person_1420/img_04.jpg,1,0.697143
dataset/person_1454/img_02.jpg,dataset/person_1454/img_04.jpg,1,0.169070
dataset/person_1486/img_05.jpg,dataset/person_1486/img_08.jpg,1,0.169770
dataset/person_149/img_01.jpg,dataset/person_149/img_03.jpg,1,0.268350
dataset/person_1490/img_02.jpg,dataset/person_1490/img_05.jpg,1,0.431400
dataset/person_1492/img_18.jpg,dataset/person_1492/img_26.jpg,1,0.383780
dataset/person_1531/img_02.jpg,dataset/person_1531/img_03.jpg,1,0.600900
dataset/person_1546/img_02.jpg,dataset/person_1546/img_04.jpg,1,0.519760
dataset/person_1572/img_01.jpg,dataset/person_1572/img_05.jpg,1,0.411925
dataset/person_1577/img_04.jpg,dataset/person_1577/img_05.jpg,1,0.236452
dataset/person_1580/img_21.jpg,dataset/person_1580/img_31.jpg,1,0.620003
dataset/person_1601/img_06.jpg,dataset/person_1601/img_08.jpg,1,0.453486
dataset/person_162/img_02.jpg,dataset/person_162/img_07.jpg,1,0.377703
dataset/person_1658/img_01.jpg,dataset/person_1658/img_03.jpg,1,0.566340
dataset/person_191/img_04.jpg,dataset/person_191/img_05.jpg,1,0.300874
dataset/person_229/img_02.jpg,dataset/person_229/img_19.jpg,1,0.106894
dataset/person_235/img_04.jpg,dataset/person_235/img_06.jpg,1,0.394774
dataset/person_246/img_04.jpg,dataset/person_246/img_05.jpg,1,0.640632
dataset/person_256/img_03.jpg,dataset/person_256/img_05.jpg,1,0.208768
dataset/person_287/img_04.jpg,dataset/person_287/img_05.jpg,1,0.320228
dataset/person_309/img_01.jpg,dataset/person_309/img_02.jpg,1,0.482107
dataset/person_313/img_04.jpg,dataset/person_313/img_09.jpg,1,0.438100
dataset/person_354/img_04.jpg,dataset/person_354/img_05.jpg,1,0.320456
dataset/person_355/img_05.jpg,dataset/person_355/img_06.jpg,1,0.333439
dataset/person_367/img_03.jpg,dataset/person_367/img_04.jpg,1,0.622993
dataset/person_369/img_01.jpg,dataset/person_369/img_04.jpg,1,0.329756
dataset/person_374/img_02.jpg,dataset/person_374/img_06.jpg,1,0.566240
dataset/person_411/img_02.jpg,dataset/person_411/img_05.jpg,1,0.336764
dataset/person_412/img_01.jpg,dataset/person_412/img_04.jpg,1,0.541723
dataset/person_431/img_02.jpg,dataset/person_431/img_03.jpg,1,0.298735
dataset/person_474/img_02.jpg,dataset/person_474/img_07.jpg,1,0.338372
dataset/person_491/img_04.jpg,dataset/person_491/img_05.jpg,1,0.520398
dataset/person_515/img_03.jpg,dataset/person_515/img_04.jpg,1,0.418328
dataset/person_519/img_03.jpg,dataset/person_519/img_04.jpg,1,0.170684
dataset/person_527/img_01.jpg,dataset/person_527/img_04.jpg,1,0.271120
dataset/person_559/img_04.jpg,dataset/person_559/img_05.jpg,1,0.458509
dataset/person_585/img_15.jpg,dataset/person_585/img_19.jpg,1,0.360408
dataset/person_655/img_02.jpg,dataset/person_655/img_03.jpg,1,0.504156
dataset/person_661/img_02.jpg,dataset/person_661/img_04.jpg,1,0.609134
dataset/person_710/img_06.jpg,dataset/person_710/img_14.jpg,1,0.293910
dataset/person_711/img_40.jpg,dataset/person_711/img_48.jpg,1,0.194192
dataset/person_713/img_05.jpg,dataset/person_713/img_07.jpg,1,0.520854
dataset/person_744/img_01.jpg,dataset/person_744/img_07.jpg,1,0.385072
dataset/person_769/img_04.jpg,dataset/person_769/img_07.jpg,1,0.437158
dataset/person_776/img_02.jpg,dataset/person_776/img_03.jpg,1,0.200873
dataset/person_783/img_01.jpg,dataset/person_783/img_02.jpg,1,0.380298
dataset/person_785/img_04.jpg,dataset/person_785/img_05.jpg,1,0.249773
dataset/person_804/img_03.jpg,dataset/person_804/img_04.jpg,1,0.095384
dataset/person_815/img_01.jpg,dataset/person_815/img_05.jpg,1,0.513954
dataset/person_844/img_01.jpg,dataset/person_844/img_04.jpg,1,0.261463
dataset/person_853/img_11.jpg,dataset/person_853/img_14.jpg,1,0.442557
dataset/person_861/img_02.jpg,dataset/person_861/img_03.jpg,1,0.101519
dataset/person_869/img_05.jpg,dataset/person_869/img_06.jpg,1,0.292900
dataset/person_891/img_01.jpg,dataset/person_891/img_05.jpg,1,0.570114
dataset/person_896/img_08.jpg,dataset/person_896/img_13.jpg,1,0.079273
dataset/person_909/img_01.jpg,dataset/person_909/img_05.jpg,1,0.563662
dataset/person_911/img_02.jpg,dataset/person_911/img_05.jpg,1,0.375317
dataset/person_916/img_03.jpg,dataset/person_916/img_04.jpg,1,0.107123
dataset/person_924/img_03.jpg,dataset/person_924/img_04.jpg,1,0.228102
dataset/person_963/img_01.jpg,dataset/person_963/img_08.jpg,1,0.605514
dataset/person_989/img_03.jpg,dataset/person_989/img_05.jpg,1,0.520302
dataset/person_022/img_01.jpg,dataset/person_022/img_04.jpg,1,0.249302
dataset/person_034/img_01.jpg,dataset/person_034/img_04.jpg,1,0.540372
dataset/person_043/img_37.jpg,dataset/person_043/img_39.jpg,1,0.445580
dataset/person_065/img_20.jpg,dataset/person_065/img_21.jpg,1,0.343984
dataset/person_070/img_03.jpg,dataset/person_070/img_05.jpg,1,0.506182
dataset/person_1018/img_01.jpg,dataset/person_1018/img_03.jpg,1,0.218185
dataset/person_1022/img_03.jpg,dataset/person_1022/img_04.jpg,1,0.409566
dataset/person_1097/img_02.jpg,dataset/person_1097/img_05.jpg,1,0.333603
dataset/person_1098/img_05.jpg,dataset/person_1098/img_06.jpg,1,0.503233
dataset/person_1151/img_02.jpg,dataset/person_1151/img_04.jpg,1,0.657811
dataset/person_1191/img_01.jpg,dataset/person_1191/img_02.jpg,1,0.510361
dataset/person_1192/img_02.jpg,dataset/person_1192/img_07.jpg,1,0.442031
dataset/person_1226/img_03.jpg,dataset/person_1226/img_06.jpg,1,0.441463
dataset/person_1244/img_18.jpg,dataset/person_1244/img_20.jpg,1,0.472767
dataset/person_1262/img_03.jpg,dataset/person_1262/img_10.jpg,1,0.389209
dataset/person_1302/img_03.jpg,dataset/person_1302/img_05.jpg,1,0.061560
dataset/person_1309/img_02.jpg,dataset/person_1309/img_08.jpg,1,0.090663
dataset/person_1316/img_01.jpg,dataset/person_1316/img_05.jpg,1,0.415581
dataset/person_1326/img_02.jpg,dataset/person_1326/img_09.jpg,1,0.389844
dataset/person_1334/img_06.jpg,dataset/person_1334/img_23.jpg,1,0.505646
dataset/person_1352/img_04.jpg,dataset/person_1352/img_06.jpg,1,0.378956
dataset/person_1371/img_01.jpg,dataset/person_1371/img_05.jpg,1,0.413226
dataset/person_1382/img_02.jpg,dataset/person_1382/img_06.jpg,1,0.429857
dataset/person_1387/img_01.jpg,dataset/person_1387/img_02.jpg,1,0.674233
dataset/person_1411/img_02.jpg,dataset/person_1411/img_04.jpg,1,0.315183
dataset/person_1420/img_01.jpg,dataset/person_1420/img_05.jpg,1,0.011570
dataset/person_1454/img_01.jpg,dataset/person_1454/img_03.jpg,1,0.768095
dataset/person_1486/img_07.jpg,dataset/person_1486/img_08.jpg,1,0.298167
dataset/person_149/img_02.jpg,dataset/person_149/img_03.jpg,1,0.141797
dataset/person_1490/img_03.jpg,dataset/person_1490/img_06.jpg,1,0.157937
dataset/person_1492/img_28.jpg,dataset/person_1492/img_30.jpg,1,0.245111
dataset/person_1531/img_06.jpg,dataset/person_1531/img_07.jpg,1,0.214176
dataset/person_1546/img_03.jpg,dataset/person_1546/img_05.jpg,1,0.317727
dataset/person_1572/img_03.jpg,dataset/person_1572/img_04.jpg,1,0.332296
dataset/person_1577/img_01.jpg,dataset/person_1577/img_04.jpg,1,0.431453
dataset/person_1580/img_24.jpg,dataset/person_1580/img_32.jpg,1,0.303588
dataset/person_1601/img_04.jpg,dataset/person_1601/img_08.jpg,1,0.537449
dataset/person_162/img_01.jpg,dataset/person_162/img_06.jpg,1,0.373235
dataset/person_1658/img_03.jpg,dataset/person_1658/img_04.jpg,1,0.397869
dataset/person_191/img_02.jpg,dataset/person_191/img_04.jpg,1,0.376585
dataset/person_229/img_15.jpg,dataset/person_229/img_18.jpg,1,0.508543
dataset/person_235/img_01.jpg,dataset/person_235/img_06.jpg,1,0.375359
dataset/person_246/img_01.jpg,dataset/person_246/img_05.jpg,1,0.132733
dataset/person_256/img_01.jpg,dataset/person_256/img_02.jpg,1,0.300167
dataset/person_287/img_02.jpg,dataset/person_287/img_05.jpg,1,0.170943
dataset/person_309/img_03.jpg,dataset/person_309/img_04.jpg,1,0.212090
dataset/person_313/img_06.jpg,dataset/person_313/img_08.jpg,1,0.579944
dataset/person_354/img_02.jpg,dataset/person_354/img_03.jpg,1,0.367020
dataset/person_355/img_03.jpg,dataset/person_355/img_06.jpg,1,0.246233
dataset/person_367/img_01.jpg,dataset/person_367/img_03.jpg,1,0.616167
dataset/person_369/img_03.jpg,dataset/person_369/img_05.jpg,1,0.507049
dataset/person_374/img_02.jpg,dataset/person_374/img_05.jpg,1,0.380547
dataset/person_411/img_04.jpg,dataset/person_411/img_11.jpg,1,0.534103
dataset/person_412/img_03.jpg,dataset/person_412/img_04.jpg,1,0.663144
dataset/person_431/img_01.jpg,dataset/person_431/img_04.jpg,1,0.456773
dataset/person_474/img_03.jpg,dataset/person_474/img_04.jpg,1,0.584661
dataset/person_491/img_01.jpg,dataset/person_491/img_03.jpg,1,0.406301
dataset/person_515/img_02.jpg,dataset/person_515/img_05.jpg,1,0.385009
dataset/person_519/img_04.jpg,dataset/person_519/img_08.jpg,1,0.344668
dataset/person_527/img_02.jpg,dataset/person_527/img_03.jpg,1,0.325903
dataset/person_559/img_03.jpg,dataset/person_559/img_04.jpg,1,0.515701
dataset/person_585/img_05.jpg,dataset/person_585/img_06.jpg,1,0.561303
dataset/person_655/img_08.jpg,dataset/person_655/img_12.jpg,1,0.268052
dataset/person_661/img_05.jpg,dataset/person_661/img_11.jpg,1,0.480016
dataset/person_710/img_04.jpg,dataset/person_710/img_12.jpg,1,-0.105228
dataset/person_711/img_03.jpg,dataset/person_711/img_12.jpg,1,0.422722
dataset/person_713/img_01.jpg,dataset/person_713/img_11.jpg,1,0.298883
dataset/person_744/img_01.jpg,dataset/person_744/img_12.jpg,1,0.671085
dataset/person_769/img_05.jpg,dataset/person_769/img_09.jpg,1,0.507212
dataset/person_776/img_01.jpg,dataset/person_776/img_08.jpg,1,0.385422
dataset/person_783/img_05.jpg,dataset/person_783/img_06.jpg,1,0.404429
dataset/person_785/img_02.jpg,dataset/person_785/img_05.jpg,1,0.444553
dataset/person_804/img_03.jpg,dataset/person_804/img_07.jpg,1,0.427950
dataset/person_815/img_01.jpg,dataset/person_815/img_02.jpg,1,0.542076
dataset/person_844/img_05.jpg,dataset/person_844/img_07.jpg,1,0.054888
dataset/person_853/img_06.jpg,dataset/person_853/img_12.jpg,1,0.169764
dataset/person_861/img_07.jpg,dataset/person_861/img_08.jpg,1,0.070644
dataset/person_869/img_07.jpg,dataset/person_869/img_09.jpg,1,0.418673
dataset/person_891/img_03.jpg,dataset/person_891/img_04.jpg,1,0.579271
dataset/person_896/img_10.jpg,dataset/person_896/img_11.jpg,1,0.278523
dataset/person_909/img_12.jpg,dataset/person_909/img_22.jpg,1,0.640783
dataset/person_911/img_03.jpg,dataset/person_911/img_04.jpg,1,-0.109674
dataset/person_916/img_02.jpg,dataset/person_916/img_05.jpg,1,0.382553
dataset/person_924/img_04.jpg,dataset/person_924/img_07.jpg,1,0.151634
dataset/person_963/img_02.jpg,dataset/person_963/img_05.jpg,1,-0.087327
dataset/person_989/img_02.jpg,dataset/person_989/img_05.jpg,1,0.416908
dataset/person_022/img_01.jpg,dataset/person_022/img_05.jpg,1,0.415771
dataset/person_034/img_02.jpg,dataset/person_034/img_04.jpg,1,0.426921
dataset/person_043/img_05.jpg,dataset/person_043/img_19.jpg,1,0.525463
dataset/person_065/img_30.jpg,dataset/person_065/img_34.jpg,1,0.481496
dataset/person_070/img_02.jpg,dataset/person_070/img_06.jpg,1,0.328039
dataset/person_1018/img_02.jpg,dataset/person_1018/img_03.jpg,1,0.515045
dataset/person_1022/img_03.jpg,dataset/person_1022/img_07.jpg,1,0.428306
dataset/person_1097/img_02.jpg,dataset/person_1097/img_04.jpg,1,0.588851
dataset/person_1098/img_01.jpg,dataset/person_1098/img_05.jpg,1,0.533884
dataset/person_1151/img_02.jpg,dataset/person_1151/img_07.jpg,1,0.607203
dataset/person_1191/img_02.jpg,dataset/person_1191/img_03.jpg,1,0.451820
dataset/person_1192/img_04.jpg,dataset/person_1192/img_05.jpg,1,0.424783
dataset/person_1226/img_01.jpg,dataset/person_1226/img_04.jpg,1,0.389433
dataset/person_1244/img_01.jpg,dataset/person_1244/img_07.jpg,1,0.490162
dataset/person_1262/img_06.jpg,dataset/person_1262/img_08.jpg,1,0.312922
dataset/person_1302/img_03.jpg,dataset/person_1302/img_04.jpg,1,0.161487
dataset/person_1309/img_01.jpg,dataset/person_1309/img_06.jpg,1,0.079509
dataset/person_1316/img_02.jpg,dataset/person_1316/img_05.jpg,1,0.692022
dataset/person_1326/img_01.jpg,dataset/person_1326/img_03.jpg,1,0.644852
dataset/person_1334/img_02.jpg,dataset/person_1334/img_19.jpg,1,0.456286
dataset/person_1352/img_02.jpg,dataset/person_1352/img_08.jpg,1,-0.090496
dataset/person_1371/img_01.jpg,dataset/person_1371/img_03.jpg,1,0.522241
dataset/person_1382/img_04.jpg,dataset/person_1382/img_08.jpg,1,0.439716
dataset/person_1387/img_03.jpg,dataset/person_1387/img_05.jpg,1,0.503319
dataset/person_1411/img_01.jpg,dataset/person_1411/img_04.jpg,1,0.546682
dataset/person_1420/img_03.jpg,dataset/person_1420/img_06.jpg,1,0.222502
dataset/person_1454/img_04.jpg,dataset/person_1454/img_05.jpg,1,0.426013
dataset/person_1486/img_02.jpg,dataset/person_1486/img_04.jpg,1,0.514306
dataset/person_149/img_03.jpg,dataset/person_149/img_04.jpg,1,0.307641
dataset/person_1490/img_01.jpg,dataset/person_1490/img_04.jpg,1,0.250731
dataset/person_1492/img_13.jpg,dataset/person_1492/img_14.jpg,1,0.421946
dataset/person_1531/img_07.jpg,dataset/person_1531/img_08.jpg,1,0.027487
dataset/person_1546/img_05.jpg,dataset/person_1546/img_06.jpg,1,0.598266
dataset/person_1572/img_02.jpg,dataset/person_1572/img_05.jpg,1,0.471279
dataset/person_1577/img_03.jpg,dataset/person_1577/img_05.jpg,1,0.337291
dataset/person_1580/img_18.jpg,dataset/person_1580/img_21.jpg,1,0.360752
dataset/person_1601/img_05.jpg,dataset/person_1601/img_07.jpg,1,0.530688
dataset/person_162/img_01.jpg,dataset/person_162/img_07.jpg,1,0.376696
dataset/person_1658/img_03.jpg,dataset/person_1658/img_05.jpg,1,0.377560
dataset/person_191/img_02.jpg,dataset/person_191/img_05.jpg,1,0.696505
dataset/person_229/img_07.jpg,dataset/person_229/img_15.jpg,1,0.236799
dataset/person_235/img_02.jpg,dataset/person_235/img_05.jpg,1,0.407739
dataset/person_246/img_01.jpg,dataset/person_246/img_02.jpg,1,0.486077
dataset/person_256/img_01.jpg,dataset/person_256/img_03.jpg,1,0.097681
dataset/person_287/img_02.jpg,dataset/person_287/img_06.jpg,1,0.038527
dataset/person_309/img_02.jpg,dataset/person_309/img_04.jpg,1,0.024784
dataset/person_313/img_03.jpg,dataset/person_313/img_05.jpg,1,-0.036131
dataset/person_354/img_01.jpg,dataset/person_354/img_04.jpg,1,0.576274
dataset/person_355/img_02.jpg,dataset/person_355/img_06.jpg,1,0.384076
dataset/person_367/img_02.jpg,dataset/person_367/img_05.jpg,1,0.600127
dataset/person_369/img_02.jpg,dataset/person_369/img_05.jpg,1,0.478115
dataset/person_374/img_04.jpg,dataset/person_374/img_05.jpg,1,0.475728
dataset/person_411/img_06.jpg,dataset/person_411/img_07.jpg,1,0.444986
dataset/person_412/img_04.jpg,dataset/person_412/img_05.jpg,1,0.595907
dataset/person_431/img_03.jpg,dataset/person_431/img_04.jpg,1,0.123503
dataset/person_474/img_02.jpg,dataset/person_474/img_04.jpg,1,0.386807
dataset/person_491/img_03.jpg,dataset/person_491/img_04.jpg,1,0.163973
dataset/person_515/img_01.jpg,dataset/person_515/img_03.jpg,1,0.271690
dataset/person_519/img_03.jpg,dataset/person_519/img_05.jpg,1,0.090634
dataset/person_527/img_01.jpg,dataset/person_527/img_05.jpg,1,0.329925
dataset/person_559/img_01.jpg,dataset/person_559/img_04.jpg,1,0.478273
dataset/person_585/img_12.jpg,dataset/person_585/img_19.jpg,1,0.382292
dataset/person_655/img_04.jpg,dataset/person_655/img_06.jpg,1,0.058317
dataset/person_661/img_10.jpg,dataset/person_661/img_13.jpg,1,0.395393
dataset/person_710/img_11.jpg,dataset/person_710/img_13.jpg,1,0.267594
dataset/person_711/img_09.jpg,dataset/person_711/img_15.jpg,1,0.594747
dataset/person_713/img_07.jpg,dataset/person_713/img_12.jpg,1,0.560025
dataset/person_744/img_04.jpg,dataset/person_744/img_14.jpg,1,0.474358
dataset/person_769/img_07.jpg,dataset/person_769/img_08.jpg,1,0.595192
dataset/person_776/img_04.jpg,dataset/person_776/img_05.jpg,1,0.763949
dataset/person_783/img_02.jpg,dataset/person_783/img_03.jpg,1,0.362021
dataset/person_785/img_01.jpg,dataset/person_785/img_03.jpg,1,0.633610
dataset/person_804/img_02.jpg,dataset/person_804/img_06.jpg,1,0.035958
dataset/person_815/img_01.jpg,dataset/person_815/img_03.jpg,1,0.403075
dataset/person_844/img_06.jpg,dataset/person_844/img_08.jpg,1,0.285760
dataset/person_853/img_09.jpg,dataset/person_853/img_12.jpg,1,0.287185
dataset/person_861/img_01.jpg,dataset/person_861/img_06.jpg,1,0.377334
dataset/person_869/img_04.jpg,dataset/person_869/img_09.jpg,1,0.383796
dataset/person_891/img_01.jpg,dataset/person_891/img_04.jpg,1,0.454613
dataset/person_896/img_01.jpg,dataset/person_896/img_02.jpg,1,0.296229
dataset/person_909/img_10.jpg,dataset/person_909/img_23.jpg,1,-0.094528
dataset/person_911/img_02.jpg,dataset/person_911/img_03.jpg,1,0.080017
dataset/person_916/img_01.jpg,dataset/person_916/img_05.jpg,1,0.225284
dataset/person_924/img_01.jpg,dataset/person_924/img_07.jpg,1,0.143801
dataset/person_963/img_01.jpg,dataset/person_963/img_06.jpg,1,0.496158
dataset/person_989/img_01.jpg,dataset/person_989/img_04.jpg,1,-0.022354
dataset/person_022/img_03.jpg,dataset/person_022/img_04.jpg,1,0.358464
dataset/person_034/img_01.jpg,dataset/person_034/img_05.jpg,1,0.356621
dataset/person_043/img_07.jpg,dataset/person_043/img_15.jpg,1,0.409370
dataset/person_065/img_15.jpg,dataset/person_065/img_19.jpg,1,0.314755
dataset/person_070/img_01.jpg,dataset/person_070/img_05.jpg,1,0.371219
dataset/person_1018/img_01.jpg,dataset/person_1018/img_02.jpg,1,0.494774
dataset/person_1022/img_01.jpg,dataset/person_1022/img_05.jpg,1,0.101270
dataset/person_1097/img_01.jpg,dataset/person_1097/img_05.jpg,1,0.317972
dataset/person_1098/img_02.jpg,dataset/person_1098/img_05.jpg,1,0.537517
dataset/person_1151/img_01.jpg,dataset/person_1151/img_06.jpg,1,0.359227
dataset/person_1191/img_01.jpg,dataset/person_1191/img_04.jpg,1,0.399776
dataset/person_1192/img_09.jpg,dataset/person_1192/img_11.jpg,1,0.618265
dataset/person_1226/img_02.jpg,dataset/person_1226/img_08.jpg,1,0.603774
dataset/person_1244/img_05.jpg,dataset/person_1244/img_19.jpg,1,0.339915
dataset/person_1262/img_09.jpg,dataset/person_1262/img_10.jpg,1,0.098843
dataset/person_1302/img_02.jpg,dataset/person_1302/img_04.jpg,1,0.416139
dataset/person_1309/img_04.jpg,dataset/person_1309/img_08.jpg,1,0.209097
dataset/person_1316/img_04.jpg,dataset/person_1316/img_05.jpg,1,0.098665
dataset/person_1326/img_02.jpg,dataset/person_1326/img_04.jpg,1,0.446475
dataset/person_1334/img_11.jpg,dataset/person_1334/img_14.jpg,1,0.366355
dataset/person_1352/img_01.jpg,dataset/person_1352/img_06.jpg,1,0.456687
dataset/person_1371/img_01.jpg,dataset/person_1371/img_04.jpg,1,0.433646
dataset/person_1382/img_02.jpg,dataset/person_1382/img_07.jpg,1,0.401931
dataset/person_1387/img_02.jpg,dataset/person_1387/img_05.jpg,1,0.439465
dataset/person_1411/img_02.jpg,dataset/person_1411/img_03.jpg,1,0.287335
dataset/person_1420/img_04.jpg,dataset/person_1420/img_05.jpg,1,0.180302
dataset/person_1454/img_01.jpg,dataset/person_1454/img_05.jpg,1,0.610217
dataset/person_1486/img_01.jpg,dataset/person_1486/img_08.jpg,1,0.438112
dataset/person_149/img_01.jpg,dataset/person_149/img_04.jpg,1,0.297831
dataset/person_1490/img_03.jpg,dataset/person_1490/img_05.jpg,1,0.094656
dataset/person_1492/img_04.jpg,dataset/person_1492/img_32.jpg,1,0.133503
dataset/person_1531/img_03.jpg,dataset/person_1531/img_04.jpg,1,0.154075
dataset/person_1546/img_04.jpg,dataset/person_1546/img_06.jpg,1,0.449685
dataset/person_1572/img_01.jpg,dataset/person_1572/img_03.jpg,1,0.367611
dataset/person_1577/img_01.jpg,dataset/person_1577/img_02.jpg,1,0.518118
dataset/person_1580/img_29.jpg,dataset/person_1580/img_30.jpg,1,0.299004
dataset/person_1601/img_02.jpg,dataset/person_1601/img_03.jpg,1,0.472968
dataset/person_162/img_01.jpg,dataset/person_162/img_03.jpg,1,0.521465
dataset/person_1658/img_04.jpg,dataset/person_1658/img_05.jpg,1,0.266758
dataset/person_191/img_03.jpg,dataset/person_191/img_04.jpg,1,0.262977
dataset/person_229/img_02.jpg,dataset/person_229/img_04.jpg,1,0.457088
dataset/person_235/img_02.jpg,dataset/person_235/img_03.jpg,1,0.270543
dataset/person_246/img_02.jpg,dataset/person_246/img_05.jpg,1,0.067639
dataset/person_256/img_04.jpg,dataset/person_256/img_05.jpg,1,0.480025
dataset/person_287/img_01.jpg,dataset/person_287/img_04.jpg,1,0.452213
dataset/person_309/img_01.jpg,dataset/person_309/img_05.jpg,1,0.460964
dataset/person_313/img_02.jpg,dataset/person_313/img_04.jpg,1,0.470548
dataset/person_354/img_03.jpg,dataset/person_354/img_04.jpg,1,0.531710
dataset/person_355/img_02.jpg,dataset/person_355/img_07.jpg,1,0.268755
dataset/person_367/img_03.jpg,dataset/person_367/img_06.jpg,1,0.302064
dataset/person_369/img_01.jpg,dataset/person_369/img_02.jpg,1,0.314390
dataset/person_374/img_03.jpg,dataset/person_374/img_06.jpg,1,0.441011
dataset/person_411/img_10.jpg,dataset/person_411/img_11.jpg,1,0.489544
dataset/person_412/img_01.jpg,dataset/person_412/img_02.jpg,1,0.540676
dataset/person_431/img_02.jpg,dataset/person_431/img_04.jpg,1,0.319739
dataset/person_474/img_02.jpg,dataset/person_474/img_08.jpg,1,0.330826
dataset/person_491/img_01.jpg,dataset/person_491/img_05.jpg,1,0.583421
dataset/person_515/img_01.jpg,dataset/person_515/img_02.jpg,1,0.462943
dataset/person_519/img_02.jpg,dataset/person_519/img_06.jpg,1,0.123823
dataset/person_527/img_04.jpg,dataset/person_527/img_05.jpg,1,0.272140
dataset/person_559/img_01.jpg,dataset/person_559/img_03.jpg,1,0.566081
dataset/person_585/img_12.jpg,dataset/person_585/img_18.jpg,1,0.235724
dataset/person_655/img_02.jpg,dataset/person_655/img_08.jpg,1,0.234753
dataset/person_661/img_06.jpg,dataset/person_661/img_10.jpg,1,0.564190
dataset/person_710/img_12.jpg,dataset/person_710/img_13.jpg,1,0.198639
dataset/person_711/img_12.jpg,dataset/person_711/img_20.jpg,1,0.466573
dataset/person_713/img_07.jpg,dataset/person_713/img_10.jpg,1,0.341307
dataset/person_744/img_10.jpg,dataset/person_744/img_11.jpg,1,0.751489
dataset/person_769/img_02.jpg,dataset/person_769/img_05.jpg,1,0.482633
dataset/person_776/img_05.jpg,dataset/person_776/img_06.jpg,1,0.152448
dataset/person_783/img_04.jpg,dataset/person_783/img_05.jpg,1,0.120444
dataset/person_785/img_01.jpg,dataset/person_785/img_06.jpg,1,0.434847
dataset/person_804/img_03.jpg,dataset/person_804/img_06.jpg,1,-0.168913
dataset/person_815/img_03.jpg,dataset/person_815/img_06.jpg,1,0.594281
dataset/person_844/img_03.jpg,dataset/person_844/img_07.jpg,1,-0.004507
dataset/person_853/img_08.jpg,dataset/person_853/img_09.jpg,1,-0.113173
dataset/person_861/img_02.jpg,dataset/person_861/img_04.jpg,1,0.269645
dataset/person_869/img_01.jpg,dataset/person_869/img_05.jpg,1,0.251791
dataset/person_891/img_02.jpg,dataset/person_891/img_04.jpg,1,0.465288
dataset/person_896/img_02.jpg,dataset/person_896/img_08.jpg,1,0.198512
dataset/person_909/img_21.jpg,dataset/person_909/img_25.jpg,1,0.690508
dataset/person_911/img_03.jpg,dataset/person_911/img_05.jpg,1,0.033874
dataset/person_916/img_01.jpg,dataset/person_916/img_04.jpg,1,0.136259
dataset/person_924/img_01.jpg,dataset/person_924/img_05.jpg,1,0.301132
dataset/person_963/img_01.jpg,dataset/person_963/img_03.jpg,1,0.578329
dataset/person_989/img_04.jpg,dataset/person_989/img_05.jpg,1,-0.036777
dataset/person_043/img_11.jpg,dataset/person_043/img_21.jpg,1,0.194187
dataset/person_065/img_13.jpg,dataset/person_065/img_16.jpg,1,0.106778
dataset/person_070/img_04.jpg,dataset/person_070/img_07.jpg,1,0.517993
dataset/person_1018/img_02.jpg,dataset/person_1018/img_05.jpg,1,0.306655
dataset/person_1022/img_01.jpg,dataset/person_1022/img_04.jpg,1,0.091142
dataset/person_1098/img_03.jpg,dataset/person_1098/img_06.jpg,1,0.504612
dataset/person_1151/img_03.jpg,dataset/person_1151/img_06.jpg,1,0.618272
dataset/person_1192/img_05.jpg,dataset/person_1192/img_11.jpg,1,0.432646
dataset/person_1226/img_04.jpg,dataset/person_1226/img_06.jpg,1,0.402699
dataset/person_1244/img_03.jpg,dataset/person_1244/img_10.jpg,1,0.425234
dataset/person_1262/img_04.jpg,dataset/person_1262/img_10.jpg,1,0.593538
dataset/person_1309/img_07.jpg,dataset/person_1309/img_11.jpg,1,0.332551
dataset/person_1326/img_01.jpg,dataset/person_1326/img_08.jpg,1,0.448736
dataset/person_1334/img_02.jpg,dataset/person_1334/img_17.jpg,1,0.528850
dataset/person_1352/img_02.jpg,dataset/person_1352/img_03.jpg,1,0.461283
dataset/person_1371/img_03.jpg,dataset/person_1371/img_04.jpg,1,0.493312
dataset/person_1382/img_03.jpg,dataset/person_1382/img_08.jpg,1,0.267058
dataset/person_1411/img_03.jpg,dataset/person_1411/img_06.jpg,1,0.113419
dataset/person_1420/img_02.jpg,dataset/person_1420/img_03.jpg,1,0.301173
dataset/person_1486/img_01.jpg,dataset/person_1486/img_05.jpg,1,0.359072
dataset/person_1490/img_02.jpg,dataset/person_1490/img_06.jpg,1,0.337692
dataset/person_1492/img_12.jpg,dataset/person_1492/img_18.jpg,1,0.615044
dataset/person_1531/img_04.jpg,dataset/person_1531/img_09.jpg,1,-0.121357
dataset/person_1546/img_04.jpg,dataset/person_1546/img_05.jpg,1,0.613384
dataset/person_1580/img_19.jpg,dataset/person_1580/img_25.jpg,1,0.322517
dataset/person_1601/img_05.jpg,dataset/person_1601/img_09.jpg,1,0.389266
dataset/person_162/img_03.jpg,dataset/person_162/img_06.jpg,1,0.198647
dataset/person_191/img_01.jpg,dataset/person_191/img_04.jpg,1,0.503060
dataset/person_229/img_13.jpg,dataset/person_229/img_15.jpg,1,0.247781
dataset/person_235/img_01.jpg,dataset/person_235/img_02.jpg,1,0.179610
dataset/person_287/img_01.jpg,dataset/person_287/img_06.jpg,1,0.321209
dataset/person_313/img_05.jpg,dataset/person_313/img_07.jpg,1,-0.178926
dataset/person_355/img_05.jpg,dataset/person_355/img_07.jpg,1,0.569371
dataset/person_367/img_04.jpg,dataset/person_367/img_05.jpg,1,0.461895
dataset/person_374/img_01.jpg,dataset/person_374/img_04.jpg,1,0.311944
dataset/person_411/img_07.jpg,dataset/person_411/img_13.jpg,1,0.018833
dataset/person_474/img_03.jpg,dataset/person_474/img_06.jpg,1,0.471848
dataset/person_519/img_01.jpg,dataset/person_519/img_03.jpg,1,0.098808
dataset/person_585/img_10.jpg,dataset/person_585/img_22.jpg,1,0.320519
dataset/person_655/img_10.jpg,dataset/person_655/img_11.jpg,1,0.292789
dataset/person_661/img_12.jpg,dataset/person_661/img_14.jpg,1,0.238897
dataset/person_710/img_03.jpg,dataset/person_710/img_16.jpg,1,0.525642
dataset/person_711/img_07.jpg,dataset/person_711/img_28.jpg,1,0.421471
dataset/person_713/img_07.jpg,dataset/person_713/img_09.jpg,1,0.362339
dataset/person_744/img_05.jpg,dataset/person_744/img_14.jpg,1,0.077570
dataset/person_769/img_07.jpg,dataset/person_769/img_11.jpg,1,0.544661
dataset/person_776/img_03.jpg,dataset/person_776/img_05.jpg,1,0.351490
dataset/person_783/img_03.jpg,dataset/person_783/img_04.jpg,1,0.651242
dataset/person_785/img_02.jpg,dataset/person_785/img_04.jpg,1,0.506779
dataset/person_804/img_01.jpg,dataset/person_804/img_06.jpg,1,0.151756
dataset/person_815/img_06.jpg,dataset/person_815/img_07.jpg,1,0.682259
dataset/person_844/img_03.jpg,dataset/person_844/img_08.jpg,1,0.137878
dataset/person_853/img_01.jpg,dataset/person_853/img_16.jpg,1,0.105811
dataset/person_861/img_02.jpg,dataset/person_861/img_07.jpg,1,0.113994
dataset/person_869/img_02.jpg,dataset/person_869/img_05.jpg,1,0.062842
dataset/person_896/img_02.jpg,dataset/person_896/img_09.jpg,1,0.366080
dataset/person_909/img_16.jpg,dataset/person_909/img_31.jpg,1,0.574716
dataset/person_924/img_01.jpg,dataset/person_924/img_03.jpg,1,0.093702
dataset/person_963/img_06.jpg,dataset/person_963/img_08.jpg,1,0.441245
dataset/person_043/img_03.jpg,dataset/person_043/img_33.jpg,1,-0.126448
dataset/person_065/img_01.jpg,dataset/person_065/img_31.jpg,1,0.122969
dataset/person_070/img_02.jpg,dataset/person_070/img_05.jpg,1,0.517915
dataset/person_1018/img_02.jpg,dataset/person_1018/img_04.jpg,1,0.560080
dataset/person_1022/img_03.jpg,dataset/person_1022/img_06.jpg,1,0.206998
dataset/person_1098/img_04.jpg,dataset/person_1098/img_05.jpg,1,0.303161
dataset/person_1151/img_01.jpg,dataset/person_1151/img_04.jpg,1,0.392911
dataset/person_1192/img_06.jpg,dataset/person_1192/img_11.jpg,1,0.615268
dataset/person_1226/img_01.jpg,dataset/person_1226/img_05.jpg,1,0.398933
dataset/person_1244/img_12.jpg,dataset/person_1244/img_17.jpg,1,0.326497
dataset/person_1262/img_03.jpg,dataset/person_1262/img_05.jpg,1,0.111656
dataset/person_1309/img_09.jpg,dataset/person_1309/img_12.jpg,1,0.362500
dataset/person_1326/img_05.jpg,dataset/person_1326/img_07.jpg,1,0.502297
dataset/person_1334/img_11.jpg,dataset/person_1334/img_17.jpg,1,0.702011
dataset/person_1352/img_06.jpg,dataset/person_1352/img_08.jpg,1,0.049477
dataset/person_1371/img_03.jpg,dataset/person_1371/img_05.jpg,1,0.543042
dataset/person_1382/img_02.jpg,dataset/person_1382/img_04.jpg,1,0.725326
dataset/person_1411/img_03.jpg,dataset/person_1411/img_04.jpg,1,0.098060
dataset/person_1420/img_01.jpg,dataset/person_1420/img_06.jpg,1,0.269981
dataset/person_1486/img_02.jpg,dataset/person_1486/img_06.jpg,1,0.138721
dataset/person_1490/img_04.jpg,dataset/person_1490/img_05.jpg,1,0.263827
dataset/person_1492/img_16.jpg,dataset/person_1492/img_18.jpg,1,0.270341
dataset/person_1531/img_01.jpg,dataset/person_1531/img_04.jpg,1,0.063369
dataset/person_1546/img_01.jpg,dataset/person_1546/img_03.jpg,1,0.467211
dataset/person_1580/img_02.jpg,dataset/person_1580/img_08.jpg,1,0.605861
dataset/person_1601/img_01.jpg,dataset/person_1601/img_05.jpg,1,-0.228619
dataset/person_162/img_04.jpg,dataset/person_162/img_06.jpg,1,0.563540
dataset/person_191/img_05.jpg,dataset/person_191/img_06.jpg,1,0.284390
dataset/person_229/img_12.jpg,dataset/person_229/img_15.jpg,1,0.401936
dataset/person_235/img_03.jpg,dataset/person_235/img_05.jpg,1,0.319572
dataset/person_287/img_04.jpg,dataset/person_287/img_06.jpg,1,0.193020
dataset/person_313/img_05.jpg,dataset/person_313/img_11.jpg,1,-0.073059
dataset/person_355/img_04.jpg,dataset/person_355/img_06.jpg,1,0.468035
dataset/person_367/img_02.jpg,dataset/person_367/img_06.jpg,1,0.287537
dataset/person_374/img_02.jpg,dataset/person_374/img_03.jpg,1,0.311889
dataset/person_411/img_04.jpg,dataset/person_411/img_05.jpg,1,0.321146
dataset/person_474/img_05.jpg,dataset/person_474/img_06.jpg,1,0.397741
dataset/person_519/img_05.jpg,dataset/person_519/img_07.jpg,1,0.518356
dataset/person_585/img_04.jpg,dataset/person_585/img_15.jpg,1,0.209258
dataset/person_655/img_02.jpg,dataset/person_655/img_04.jpg,1,0.547150
dataset/person_661/img_05.jpg,dataset/person_661/img_09.jpg,1,0.528126
dataset/person_710/img_04.jpg,dataset/person_710/img_06.jpg,1,-0.065858
dataset/person_711/img_13.jpg,dataset/person_711/img_18.jpg,1,-0.008419
dataset/person_713/img_02.jpg,dataset/person_713/img_10.jpg,1,0.205105
dataset/person_744/img_06.jpg,dataset/person_744/img_07.jpg,1,0.461519
dataset/person_769/img_01.jpg,dataset/person_769/img_07.jpg,1,0.383922
dataset/person_776/img_03.jpg,dataset/person_776/img_04.jpg,1,0.298068
dataset/person_783/img_05.jpg,dataset/person_783/img_07.jpg,1,0.688778
dataset/person_785/img_04.jpg,dataset/person_785/img_06.jpg,1,0.561431
dataset/person_804/img_02.jpg,dataset/person_804/img_03.jpg,1,0.116979
dataset/person_815/img_03.jpg,dataset/person_815/img_05.jpg,1,0.512599
dataset/person_844/img_02.jpg,dataset/person_844/img_06.jpg,1,0.323036
dataset/person_853/img_10.jpg,dataset/person_853/img_18.jpg,1,0.494824
dataset/person_861/img_02.jpg,dataset/person_861/img_08.jpg,1,0.180854
dataset/person_869/img_03.jpg,dataset/person_869/img_06.jpg,1,0.340366
dataset/person_896/img_06.jpg,dataset/person_896/img_09.jpg,1,0.259565
dataset/person_909/img_05.jpg,dataset/person_909/img_09.jpg,1,0.533164
dataset/person_924/img_03.jpg,dataset/person_924/img_05.jpg,1,0.198095
dataset/person_963/img_03.jpg,dataset/person_963/img_07.jpg,1,0.435877
dataset/person_043/img_03.jpg,dataset/person_043/img_23.jpg,1,0.041432
dataset/person_065/img_22.jpg,dataset/person_065/img_25.jpg,1,0.200004
dataset/person_070/img_03.jpg,dataset/person_070/img_04.jpg,1,0.486180
dataset/person_1018/img_03.jpg,dataset/person_1018/img_04.jpg,1,0.283547
dataset/person_1022/img_03.jpg,dataset/person_1022/img_05.jpg,1,0.422741
dataset/person_1098/img_01.jpg,dataset/person_1098/img_02.jpg,1,0.580969
dataset/person_1151/img_03.jpg,dataset/person_1151/img_07.jpg,1,0.590248
dataset/person_1192/img_06.jpg,dataset/person_1192/img_08.jpg,1,0.493735
dataset/person_1226/img_01.jpg,dataset/person_1226/img_02.jpg,1,0.498937
dataset/person_1244/img_08.jpg,dataset/person_1244/img_14.jpg,1,0.643695
dataset/person_1262/img_04.jpg,dataset/person_1262/img_05.jpg,1,0.376447
dataset/person_1309/img_08.jpg,dataset/person_1309/img_13.jpg,1,0.480449
dataset/person_1326/img_04.jpg,dataset/person_1326/img_09.jpg,1,0.227464
dataset/person_1334/img_18.jpg,dataset/person_1334/img_21.jpg,1,0.576023
dataset/person_1352/img_01.jpg,dataset/person_1352/img_05.jpg,1,0.315155
dataset/person_1371/img_01.jpg,dataset/person_1371/img_02.jpg,1,0.617993
dataset/person_1382/img_06.jpg,dataset/person_1382/img_08.jpg,1,0.387345
dataset/person_1411/img_02.jpg,dataset/person_1411/img_05.jpg,1,0.155949
dataset/person_1420/img_04.jpg,dataset/person_1420/img_06.jpg,1,0.176982
dataset/person_1486/img_01.jpg,dataset/person_1486/img_07.jpg,1,0.369095
dataset/person_1490/img_01.jpg,dataset/person_1490/img_03.jpg,1,-0.014878
dataset/person_1492/img_08.jpg,dataset/person_1492/img_32.jpg,1,0.234358
dataset/person_1531/img_02.jpg,dataset/person_1531/img_06.jpg,1,0.365118
dataset/person_1546/img_01.jpg,dataset/person_1546/img_06.jpg,1,0.308408
dataset/person_1580/img_15.jpg,dataset/person_1580/img_27.jpg,1,0.522942
dataset/person_1601/img_01.jpg,dataset/person_1601/img_02.jpg,1,-0.070600
dataset/person_162/img_04.jpg,dataset/person_162/img_07.jpg,1,0.286764
dataset/person_191/img_01.jpg,dataset/person_191/img_05.jpg,1,0.601078
dataset/person_229/img_01.jpg,dataset/person_229/img_17.jpg,1,0.495437
dataset/person_235/img_03.jpg,dataset/person_235/img_06.jpg,1,0.441968
dataset/person_287/img_02.jpg,dataset/person_287/img_04.jpg,1,0.306525
dataset/person_313/img_03.jpg,dataset/person_313/img_07.jpg,1,0.396847
dataset/person_355/img_01.jpg,dataset/person_355/img_04.jpg,1,0.632617
dataset/person_367/img_02.jpg,dataset/person_367/img_04.jpg,1,0.675834
dataset/person_374/img_03.jpg,dataset/person_374/img_05.jpg,1,0.226750
dataset/person_411/img_01.jpg,dataset/person_411/img_13.jpg,1,-0.007615
dataset/person_474/img_01.jpg,dataset/person_474/img_03.jpg,1,0.455500
dataset/person_519/img_08.jpg,dataset/person_519/img_09.jpg,1,0.385552
dataset/person_585/img_06.jpg,dataset/person_585/img_20.jpg,1,0.423734
dataset/person_655/img_08.jpg,dataset/person_655/img_11.jpg,1,0.221627
dataset/person_661/img_06.jpg,dataset/person_661/img_13.jpg,1,0.267115
dataset/person_710/img_15.jpg,dataset/person_710/img_16.jpg,1,0.388592
dataset/person_711/img_42.jpg,dataset/person_711/img_48.jpg,1,0.705554
dataset/person_713/img_01.jpg,dataset/person_713/img_02.jpg,1,0.269001
dataset/person_744/img_09.jpg,dataset/person_744/img_11.jpg,1,0.776100
dataset/person_769/img_02.jpg,dataset/person_769/img_09.jpg,1,0.548391
dataset/person_776/img_06.jpg,dataset/person_776/img_07.jpg,1,0.487973
dataset/person_783/img_02.jpg,dataset/person_783/img_05.jpg,1,0.486368
dataset/person_785/img_04.jpg,dataset/person_785/img_07.jpg,1,0.336013
dataset/person_804/img_01.jpg,dataset/person_804/img_07.jpg,1,0.132839
dataset/person_815/img_03.jpg,dataset/person_815/img_07.jpg,1,0.572770
dataset/person_844/img_07.jpg,dataset/person_844/img_08.jpg,1,0.476504
dataset/person_853/img_05.jpg,dataset/person_853/img_16.jpg,1,0.324729
dataset/person_861/img_01.jpg,dataset/person_861/img_07.jpg,1,0.161728
dataset/person_869/img_03.jpg,dataset/person_869/img_09.jpg,1,0.486711
dataset/person_896/img_07.jpg,dataset/person_896/img_13.jpg,1,0.368847
dataset/person_909/img_16.jpg,dataset/person_909/img_21.jpg,1,0.662592
dataset/person_924/img_05.jpg,dataset/person_924/img_06.jpg,1,0.370285
dataset/person_963/img_05.jpg,dataset/person_963/img_06.jpg,1,0.574850
dataset/person_043/img_12.jpg,dataset/person_043/img_39.jpg,1,0.673524
dataset/person_065/img_12.jpg,dataset/person_065/img_26.jpg,1,-0.241165
dataset/person_070/img_03.jpg,dataset/person_070/img_06.jpg,1,0.488664
dataset/person_1018/img_01.jpg,dataset/person_1018/img_05.jpg,1,-0.024660
dataset/person_1022/img_02.jpg,dataset/person_1022/img_08.jpg,1,0.408544
dataset/person_1098/img_01.jpg,dataset/person_1098/img_04.jpg,1,0.250292
dataset/person_1151/img_06.jpg,dataset/person_1151/img_08.jpg,1,0.592144
dataset/person_1192/img_07.jpg,dataset/person_1192/img_08.jpg,1,0.409876
dataset/person_1226/img_02.jpg,dataset/person_1226/img_07.jpg,1,0.452155
dataset/person_1244/img_15.jpg,dataset/person_1244/img_17.jpg,1,0.468569
dataset/person_1262/img_04.jpg,dataset/person_1262/img_07.jpg,1,0.633349
dataset/person_1309/img_07.jpg,dataset/person_1309/img_08.jpg,1,0.531752
dataset/person_1326/img_08.jpg,dataset/person_1326/img_09.jpg,1,0.396651
dataset/person_1334/img_04.jpg,dataset/person_1334/img_22.jpg,1,0.448602
dataset/person_1352/img_05.jpg,dataset/person_1352/img_08.jpg,1,0.147177
dataset/person_1371/img_02.jpg,dataset/person_1371/img_04.jpg,1,0.477193
dataset/person_1382/img_01.jpg,dataset/person_1382/img_03.jpg,1,0.576617
dataset/person_1411/img_01.jpg,dataset/person_1411/img_06.jpg,1,0.228298
dataset/person_1420/img_05.jpg,dataset/person_1420/img_06.jpg,1,-0.097881
dataset/person_1486/img_02.jpg,dataset/person_1486/img_07.jpg,1,0.476093
dataset/person_1490/img_05.jpg,dataset/person_1490/img_06.jpg,1,0.588625
dataset/person_1492/img_08.jpg,dataset/person_1492/img_30.jpg,1,0.089890
dataset/person_1531/img_05.jpg,dataset/person_1531/img_09.jpg,1,0.356326
dataset/person_1546/img_02.jpg,dataset/person_1546/img_06.jpg,1,0.226935
dataset/person_1580/img_03.jpg,dataset/person_1580/img_28.jpg,1,0.377355
dataset/person_1601/img_06.jpg,dataset/person_1601/img_09.jpg,1,0.475440
dataset/person_162/img_03.jpg,dataset/person_162/img_09.jpg,1,0.378018
dataset/person_191/img_01.jpg,dataset/person_191/img_06.jpg,1,0.488586
dataset/person_229/img_08.jpg,dataset/person_229/img_15.jpg,1,0.234352
dataset/person_235/img_02.jpg,dataset/person_235/img_06.jpg,1,0.342947
dataset/person_287/img_03.jpg,dataset/person_287/img_05.jpg,1,0.385797
dataset/person_313/img_02.jpg,dataset/person_313/img_07.jpg,1,0.562565
dataset/person_355/img_02.jpg,dataset/person_355/img_04.jpg,1,0.316305
dataset/person_367/img_01.jpg,dataset/person_367/img_02.jpg,1,0.686102
dataset/person_374/img_04.jpg,dataset/person_374/img_06.jpg,1,0.359585
dataset/person_411/img_05.jpg,dataset/person_411/img_13.jpg,1,-0.050557
dataset/person_474/img_01.jpg,dataset/person_474/img_04.jpg,1,0.646368
dataset/person_519/img_01.jpg,dataset/person_519/img_04.jpg,1,0.316819
dataset/person_585/img_06.jpg,dataset/person_585/img_08.jpg,1,0.229795
dataset/person_655/img_02.jpg,dataset/person_655/img_06.jpg,1,0.039285
dataset/person_661/img_05.jpg,dataset/person_661/img_13.jpg,1,0.366609
dataset/person_710/img_01.jpg,dataset/person_710/img_08.jpg,1,0.464827
dataset/person_711/img_11.jpg,dataset/person_711/img_30.jpg,1,0.415285
dataset/person_713/img_03.jpg,dataset/person_713/img_04.jpg,1,0.268922
dataset/person_744/img_07.jpg,dataset/person_744/img_09.jpg,1,0.300940
dataset/person_769/img_09.jpg,dataset/person_769/img_10.jpg,1,0.702572
dataset/person_776/img_01.jpg,dataset/person_776/img_03.jpg,1,0.428158
dataset/person_783/img_04.jpg,dataset/person_783/img_06.jpg,1,0.352531
dataset/person_785/img_05.jpg,dataset/person_785/img_06.jpg,1,0.351726
dataset/person_804/img_02.jpg,dataset/person_804/img_07.jpg,1,0.164512
dataset/person_815/img_02.jpg,dataset/person_815/img_03.jpg,1,0.629845
dataset/person_844/img_01.jpg,dataset/person_844/img_03.jpg,1,0.485626
dataset/person_853/img_12.jpg,dataset/person_853/img_14.jpg,1,0.371463
dataset/person_861/img_03.jpg,dataset/person_861/img_08.jpg,1,0.256740
dataset/person_869/img_01.jpg,dataset/person_869/img_04.jpg,1,0.336283
dataset/person_896/img_04.jpg,dataset/person_896/img_06.jpg,1,0.569093
dataset/person_909/img_10.jpg,dataset/person_909/img_24.jpg,1,-0.058049
dataset/person_924/img_04.jpg,dataset/person_924/img_06.jpg,1,0.204632
dataset/person_963/img_06.jpg,dataset/person_963/img_07.jpg,1,0.505006
dataset/person_043/img_03.jpg,dataset/person_043/img_28.jpg,1,0.040708
dataset/person_065/img_06.jpg,dataset/person_065/img_33.jpg,1,0.291240
dataset/person_070/img_02.jpg,dataset/person_070/img_03.jpg,1,0.507784
dataset/person_1018/img_03.jpg,dataset/person_1018/img_05.jpg,1,0.212100
dataset/person_1022/img_05.jpg,dataset/person_1022/img_08.jpg,1,0.508420
dataset/person_1098/img_01.jpg,dataset/person_1098/img_03.jpg,1,0.475454
dataset/person_1151/img_01.jpg,dataset/person_1151/img_03.jpg,1,0.250858
dataset/person_1192/img_01.jpg,dataset/person_1192/img_03.jpg,1,0.281396
dataset/person_1226/img_02.jpg,dataset/person_1226/img_03.jpg,1,0.396150
dataset/person_1244/img_06.jpg,dataset/person_1244/img_14.jpg,1,0.362144
dataset/person_1262/img_07.jpg,dataset/person_1262/img_08.jpg,1,0.174270
dataset/person_1309/img_01.jpg,dataset/person_1309/img_02.jpg,1,0.501246
dataset/person_1326/img_02.jpg,dataset/person_1326/img_05.jpg,1,0.486809
dataset/person_1334/img_15.jpg,dataset/person_1334/img_22.jpg,1,0.506478
dataset/person_1352/img_01.jpg,dataset/person_1352/img_02.jpg,1,0.478517
dataset/person_1371/img_03.jpg,dataset/person_1371/img_06.jpg,1,0.325043
dataset/person_1382/img_04.jpg,dataset/person_1382/img_06.jpg,1,0.356544
dataset/person_1411/img_04.jpg,dataset/person_1411/img_06.jpg,1,0.137790
dataset/person_1420/img_01.jpg,dataset/person_1420/img_03.jpg,1,0.149394
dataset/person_1486/img_02.jpg,dataset/person_1486/img_03.jpg,1,0.579925
dataset/person_1490/img_03.jpg,dataset/person_1490/img_04.jpg,1,0.138855
dataset/person_1492/img_05.jpg,dataset/person_1492/img_20.jpg,1,0.422228
dataset/person_1531/img_01.jpg,dataset/person_1531/img_09.jpg,1,0.206052
dataset/person_1546/img_01.jpg,dataset/person_1546/img_02.jpg,1,0.554819
dataset/person_1580/img_04.jpg,dataset/person_1580/img_23.jpg,1,0.059017
dataset/person_1601/img_02.jpg,dataset/person_1601/img_08.jpg,1,0.442643
dataset/person_162/img_02.jpg,dataset/person_162/img_08.jpg,1,0.446637
dataset/person_191/img_01.jpg,dataset/person_191/img_03.jpg,1,0.378470
dataset/person_229/img_02.jpg,dataset/person_229/img_18.jpg,1,0.439936
dataset/person_235/img_02.jpg,dataset/person_235/img_04.jpg,1,0.387606
dataset/person_287/img_02.jpg,dataset/person_287/img_03.jpg,1,0.090482
dataset/person_313/img_05.jpg,dataset/person_313/img_09.jpg,1,-0.062855
dataset/person_355/img_01.jpg,dataset/person_355/img_02.jpg,1,0.345822
dataset/person_367/img_06.jpg,dataset/person_367/img_07.jpg,1,0.399999
dataset/person_374/img_05.jpg,dataset/person_374/img_06.jpg,1,0.418472
dataset/person_411/img_03.jpg,dataset/person_411/img_04.jpg,1,0.621161
dataset/person_474/img_01.jpg,dataset/person_474/img_06.jpg,1,0.507564
dataset/person_519/img_02.jpg,dataset/person_519/img_04.jpg,1,0.257730
dataset/person_585/img_05.jpg,dataset/person_585/img_17.jpg,1,0.689004
dataset/person_655/img_04.jpg,dataset/person_655/img_08.jpg,1,0.270051
dataset/person_661/img_02.jpg,dataset/person_661/img_11.jpg,1,0.460697
dataset/person_710/img_09.jpg,dataset/person_710/img_14.jpg,1,0.455513
dataset/person_711/img_06.jpg,dataset/person_711/img_46.jpg,1,0.741674
dataset/person_713/img_05.jpg,dataset/person_713/img_12.jpg,1,0.425598
dataset/person_744/img_03.jpg,dataset/person_744/img_07.jpg,1,0.422132
dataset/person_769/img_02.jpg,dataset/person_769/img_03.jpg,1,0.531535
dataset/person_776/img_02.jpg,dataset/person_776/img_05.jpg,1,0.376623
dataset/person_783/img_01.jpg,dataset/person_783/img_05.jpg,1,0.463398
dataset/person_785/img_06.jpg,dataset/person_785/img_07.jpg,1,0.322040
dataset/person_804/img_02.jpg,dataset/person_804/img_04.jpg,1,0.289829
dataset/person_815/img_02.jpg,dataset/person_815/img_05.jpg,1,0.531678
dataset/person_844/img_04.jpg,dataset/person_844/img_05.jpg,1,0.077531
dataset/person_853/img_06.jpg,dataset/person_853/img_07.jpg,1,0.351067
dataset/person_861/img_02.jpg,dataset/person_861/img_06.jpg,1,0.093243
dataset/person_869/img_02.jpg,dataset/person_869/img_04.jpg,1,0.131527
dataset/person_896/img_05.jpg,dataset/person_896/img_09.jpg,1,0.133463
dataset/person_909/img_05.jpg,dataset/person_909/img_25.jpg,1,0.577950
dataset/person_924/img_05.jpg,dataset/person_924/img_07.jpg,1,0.357117
dataset/person_963/img_05.jpg,dataset/person_963/img_07.jpg,1,0.500644
dataset/person_043/img_12.jpg,dataset/person_043/img_17.jpg,1,0.335213
dataset/person_065/img_21.jpg,dataset/person_065/img_31.jpg,1,0.339122
dataset/person_070/img_04.jpg,dataset/person_070/img_06.jpg,1,0.343266
dataset/person_1022/img_05.jpg,dataset/person_1022/img_07.jpg,1,0.653340
dataset/person_1151/img_03.jpg,dataset/person_1151/img_05.jpg,1,0.384030
dataset/person_1192/img_05.jpg,dataset/person_1192/img_10.jpg,1,0.258789
dataset/person_1226/img_01.jpg,dataset/person_1226/img_08.jpg,1,0.516807
dataset/person_1244/img_02.jpg,dataset/person_1244/img_06.jpg,1,0.596301
dataset/person_1262/img_01.jpg,dataset/person_1262/img_07.jpg,1,0.367256
dataset/person_1309/img_08.jpg,dataset/person_1309/img_10.jpg,1,0.140856
dataset/person_1326/img_05.jpg,dataset/person_1326/img_06.jpg,1,0.551679
dataset/person_1334/img_07.jpg,dataset/person_1334/img_17.jpg,1,0.436096
dataset/person_1352/img_03.jpg,dataset/person_1352/img_08.jpg,1,0.106677
dataset/person_1382/img_04.jpg,dataset/person_1382/img_07.jpg,1,0.367211
dataset/person_1486/img_04.jpg,dataset/person_1486/img_08.jpg,1,0.340650
dataset/person_1492/img_24.jpg,dataset/person_1492/img_31.jpg,1,0.506904
dataset/person_1531/img_03.jpg,dataset/person_1531/img_09.jpg,1,-0.056910
dataset/person_1580/img_10.jpg,dataset/person_1580/img_13.jpg,1,0.419664
dataset/person_1601/img_05.jpg,dataset/person_1601/img_06.jpg,1,0.570932
dataset/person_162/img_01.jpg,dataset/person_162/img_09.jpg,1,0.400536
dataset/person_229/img_04.jpg,dataset/person_229/img_14.jpg,1,0.487721
dataset/person_313/img_07.jpg,dataset/person_313/img_08.jpg,1,0.408775
dataset/person_355/img_02.jpg,dataset/person_355/img_03.jpg,1,0.240606
dataset/person_367/img_05.jpg,dataset/person_367/img_06.jpg,1,0.362367
dataset/person_411/img_08.jpg,dataset/person_411/img_09.jpg,1,0.586773
dataset/person_474/img_01.jpg,dataset/person_474/img_08.jpg,1,0.640583
dataset/person_519/img_07.jpg,dataset/person_519/img_08.jpg,1,0.464831
dataset/person_585/img_07.jpg,dataset/person_585/img_14.jpg,1,0.480930
dataset/person_655/img_01.jpg,dataset/person_655/img_09.jpg,1,0.355514
dataset/person_661/img_10.jpg,dataset/person_661/img_14.jpg,1,0.492227
dataset/person_710/img_02.jpg,dataset/person_710/img_15.jpg,1,0.391472
dataset/person_711/img_03.jpg,dataset/person_711/img_24.jpg,1,0.574263
dataset/person_713/img_01.jpg,dataset/person_713/img_09.jpg,1,0.297457
dataset/person_744/img_01.jpg,dataset/person_744/img_06.jpg,1,0.682797
dataset/person_769/img_01.jpg,dataset/person_769/img_09.jpg,1,0.606472
dataset/person_776/img_03.jpg,dataset/person_776/img_07.jpg,1,0.181948
dataset/person_783/img_01.jpg,dataset/person_783/img_07.jpg,1,0.458096
dataset/person_785/img_05.jpg,dataset/person_785/img_07.jpg,1,0.249204
dataset/person_804/img_03.jpg,dataset/person_804/img_05.jpg,1,-0.085748
dataset/person_815/img_03.jpg,dataset/person_815/img_04.jpg,1,0.805089
dataset/person_844/img_01.jpg,dataset/person_844/img_07.jpg,1,0.116777
dataset/person_853/img_11.jpg,dataset/person_853/img_19.jpg,1,0.304193
dataset/person_861/img_06.jpg,dataset/person_861/img_07.jpg,1,0.130364
dataset/person_869/img_04.jpg,dataset/person_869/img_08.jpg,1,0.277989
dataset/person_896/img_08.jpg,dataset/person_896/img_12.jpg,1,0.700242
dataset/person_909/img_08.jpg,dataset/person_909/img_23.jpg,1,0.665498
dataset/person_924/img_02.jpg,dataset/person_924/img_06.jpg,1,0.537255
dataset/person_963/img_01.jpg,dataset/person_963/img_05.jpg,1,0.695321
dataset/person_043/img_11.jpg,dataset/person_043/img_29.jpg,1,0.468304
dataset/person_065/img_08.jpg,dataset/person_065/img_09.jpg,1,0.298819
dataset/person_070/img_03.jpg,dataset/person_070/img_07.jpg,1,0.321271
dataset/person_1022/img_02.jpg,dataset/person_1022/img_05.jpg,1,0.459200
dataset/person_1151/img_01.jpg,dataset/person_1151/img_08.jpg,1,0.386764
dataset/person_1192/img_08.jpg,dataset/person_1192/img_09.jpg,1,0.661927
dataset/person_1226/img_04.jpg,dataset/person_1226/img_05.jpg,1,0.647172
dataset/person_1244/img_07.jpg,dataset/person_1244/img_20.jpg,1,0.424441
dataset/person_1262/img_05.jpg,dataset/person_1262/img_07.jpg,1,0.338361
dataset/person_1309/img_01.jpg,dataset/person_1309/img_07.jpg,1,0.390430
dataset/person_1326/img_03.jpg,dataset/person_1326/img_05.jpg,1,0.448250
dataset/person_1334/img_08.jpg,dataset/person_1334/img_12.jpg,1,0.601913
dataset/person_1352/img_07.jpg,dataset/person_1352/img_08.jpg,1,0.051701
dataset/person_1382/img_03.jpg,dataset/person_1382/img_07.jpg,1,0.376318
dataset/person_1486/img_05.jpg,dataset/person_1486/img_06.jpg,1,0.145610
dataset/person_1492/img_06.jpg,dataset/person_1492/img_13.jpg,1,0.504402
dataset/person_1531/img_05.jpg,dataset/person_1531/img_06.jpg,1,0.422569
dataset/person_1580/img_15.jpg,dataset/person_1580/img_22.jpg,1,0.424588
dataset/person_1601/img_07.jpg,dataset/person_1601/img_09.jpg,1,0.462507
dataset/person_162/img_02.jpg,dataset/person_162/img_05.jpg,1,0.285634
dataset/person_229/img_05.jpg,dataset/person_229/img_14.jpg,1,0.355886
dataset/person_313/img_03.jpg,dataset/person_313/img_09.jpg,1,0.374397
dataset/person_355/img_02.jpg,dataset/person_355/img_05.jpg,1,0.124444
dataset/person_367/img_03.jpg,dataset/person_367/img_07.jpg,1,0.467284
dataset/person_411/img_06.jpg,dataset/person_411/img_13.jpg,1,0.050283
dataset/person_474/img_03.jpg,dataset/person_474/img_05.jpg,1,0.464667
dataset/person_519/img_07.jpg,dataset/person_519/img_09.jpg,1,0.423871
dataset/person_585/img_19.jpg,dataset/person_585/img_21.jpg,1,0.306608
dataset/person_655/img_06.jpg,dataset/person_655/img_07.jpg,1,0.392865
dataset/person_661/img_02.jpg,dataset/person_661/img_06.jpg,1,0.611419
dataset/person_710/img_10.jpg,dataset/person_710/img_11.jpg,1,0.363749
dataset/person_711/img_43.jpg,dataset/person_711/img_51.jpg,1,0.541686
dataset/person_713/img_11.jpg,dataset/person_713/img_12.jpg,1,0.377603
dataset/person_744/img_06.jpg,dataset/person_744/img_10.jpg,1,0.617784
dataset/person_769/img_06.jpg,dataset/person_769/img_10.jpg,1,0.412978
dataset/person_776/img_05.jpg,dataset/person_776/img_08.jpg,1,0.358662
dataset/person_783/img_04.jpg,dataset/person_783/img_07.jpg,1,0.287628
dataset/person_785/img_01.jpg,dataset/person_785/img_05.jpg,1,0.255101
dataset/person_804/img_02.jpg,dataset/person_804/img_05.jpg,1,0.219842
dataset/person_815/img_01.jpg,dataset/person_815/img_04.jpg,1,0.410914
dataset/person_844/img_02.jpg,dataset/person_844/img_08.jpg,1,0.020322
dataset/person_853/img_15.jpg,dataset/person_853/img_19.jpg,1,0.236714
dataset/person_861/img_03.jpg,dataset/person_861/img_07.jpg,1,0.064313
dataset/person_869/img_02.jpg,dataset/person_869/img_09.jpg,1,0.237917
dataset/person_896/img_09.jpg,dataset/person_896/img_13.jpg,1,0.017895
dataset/person_909/img_25.jpg,dataset/person_909/img_32.jpg,1,0.603687
dataset/person_924/img_02.jpg,dataset/person_924/img_05.jpg,1,0.406397
dataset/person_963/img_02.jpg,dataset/person_963/img_09.jpg,1,0.094347
dataset/person_043/img_23.jpg,dataset/person_043/img_37.jpg,1,0.343725
dataset/person_065/img_13.jpg,dataset/person_065/img_35.jpg,1,0.567997
dataset/person_070/img_01.jpg,dataset/person_070/img_07.jpg,1,0.646065
dataset/person_1022/img_05.jpg,dataset/person_1022/img_06.jpg,1,0.245561
dataset/person_1151/img_02.jpg,dataset/person_1151/img_08.jpg,1,0.600549
dataset/person_1192/img_06.jpg,dataset/person_1192/img_07.jpg,1,0.759422
dataset/person_1226/img_01.jpg,dataset/person_1226/img_06.jpg,1,0.445994
dataset/person_1244/img_02.jpg,dataset/person_1244/img_11.jpg,1,0.435169
dataset/person_1262/img_01.jpg,dataset/person_1262/img_08.jpg,1,0.316618
dataset/person_1309/img_01.jpg,dataset/person_1309/img_03.jpg,1,0.648191
dataset/person_1326/img_02.jpg,dataset/person_1326/img_07.jpg,1,0.471872
dataset/person_1334/img_03.jpg,dataset/person_1334/img_05.jpg,1,0.384360
dataset/person_1352/img_01.jpg,dataset/person_1352/img_08.jpg,1,0.046223
dataset/person_1382/img_07.jpg,dataset/person_1382/img_08.jpg,1,0.398461
dataset/person_1486/img_01.jpg,dataset/person_1486/img_04.jpg,1,0.347849
dataset/person_1492/img_09.jpg,dataset/person_1492/img_14.jpg,1,0.349724
dataset/person_1531/img_01.jpg,dataset/person_1531/img_08.jpg,1,0.294022
dataset/person_1580/img_03.jpg,dataset/person_1580/img_26.jpg,1,0.422247
dataset/person_1601/img_01.jpg,dataset/person_1601/img_04.jpg,1,-0.171251
dataset/person_162/img_04.jpg,dataset/person_162/img_08.jpg,1,0.262538
dataset/person_229/img_05.jpg,dataset/person_229/img_06.jpg,1,0.415916
dataset/person_313/img_03.jpg,dataset/person_313/img_04.jpg,1,0.445096
dataset/person_355/img_01.jpg,dataset/person_355/img_07.jpg,1,0.503844
dataset/person_367/img_02.jpg,dataset/person_367/img_03.jpg,1,0.758742
dataset/person_411/img_03.jpg,dataset/person_411/img_05.jpg,1,0.320955
dataset/person_474/img_05.jpg,dataset/person_474/img_07.jpg,1,0.136250
dataset/person_519/img_01.jpg,dataset/person_519/img_06.jpg,1,0.448282
dataset/person_585/img_03.jpg,dataset/person_585/img_18.jpg,1,0.630566
dataset/person_655/img_01.jpg,dataset/person_655/img_08.jpg,1,0.292266
dataset/person_661/img_01.jpg,dataset/person_661/img_09.jpg,1,0.213498
dataset/person_710/img_05.jpg,dataset/person_710/img_06.jpg,1,0.160223
dataset/person_711/img_13.jpg,dataset/person_711/img_36.jpg,1,0.115478
dataset/person_713/img_03.jpg,dataset/person_713/img_11.jpg,1,0.277994
dataset/person_744/img_06.jpg,dataset/person_744/img_12.jpg,1,0.684138
dataset/person_769/img_05.jpg,dataset/person_769/img_11.jpg,1,0.556843
dataset/person_776/img_01.jpg,dataset/person_776/img_05.jpg,1,0.362460
dataset/person_783/img_02.jpg,dataset/person_783/img_04.jpg,1,0.217499
dataset/person_785/img_03.jpg,dataset/person_785/img_07.jpg,1,0.385203
dataset/person_804/img_04.jpg,dataset/person_804/img_07.jpg,1,0.038582
dataset/person_815/img_01.jpg,dataset/person_815/img_06.jpg,1,0.313040
dataset/person_844/img_06.jpg,dataset/person_844/img_07.jpg,1,0.199726
dataset/person_853/img_01.jpg,dataset/person_853/img_06.jpg,1,-0.043880
dataset/person_861/img_06.jpg,dataset/person_861/img_08.jpg,1,0.361802
dataset/person_869/img_06.jpg,dataset/person_869/img_07.jpg,1,0.296084
dataset/person_896/img_03.jpg,dataset/person_896/img_04.jpg,1,0.475924
dataset/person_909/img_11.jpg,dataset/person_909/img_26.jpg,1,0.627024
dataset/person_924/img_04.jpg,dataset/person_924/img_05.jpg,1,0.386107
dataset/person_963/img_03.jpg,dataset/person_963/img_08.jpg,1,0.552279
dataset/person_043/img_08.jpg,dataset/person_043/img_34.jpg,1,0.455349
dataset/person_065/img_09.jpg,dataset/person_065/img_30.jpg,1,0.491117
dataset/person_070/img_01.jpg,dataset/person_070/img_06.jpg,1,0.506936
dataset/person_1022/img_02.jpg,dataset/person_1022/img_03.jpg,1,0.520188
dataset/person_1151/img_01.jpg,dataset/person_1151/img_07.jpg,1,0.306437
dataset/person_1192/img_02.jpg,dataset/person_1192/img_04.jpg,1,0.429979
dataset/person_1226/img_04.jpg,dataset/person_1226/img_09.jpg,1,0.277360
dataset/person_1244/img_04.jpg,dataset/person_1244/img_13.jpg,1,0.427237
dataset/person_1262/img_04.jpg,dataset/person_1262/img_06.jpg,1,0.395209
dataset/person_1309/img_02.jpg,dataset/person_1309/img_07.jpg,1,0.201213
dataset/person_1326/img_03.jpg,dataset/person_1326/img_06.jpg,1,0.270679
dataset/person_1334/img_22.jpg,dataset/person_1334/img_27.jpg,1,0.534015
dataset/person_1352/img_01.jpg,dataset/person_1352/img_04.jpg,1,0.299311
dataset/person_1382/img_02.jpg,dataset/person_1382/img_08.jpg,1,0.351718
dataset/person_1486/img_01.jpg,dataset/person_1486/img_02.jpg,1,0.404120
dataset/person_1492/img_16.jpg,dataset/person_1492/img_24.jpg,1,0.233338
dataset/person_1531/img_02.jpg,dataset/person_1531/img_09.jpg,1,0.096797
dataset/person_1580/img_13.jpg,dataset/person_1580/img_27.jpg,1,0.498059
dataset/person_1601/img_03.jpg,dataset/person_1601/img_09.jpg,1,0.654587
dataset/person_162/img_04.jpg,dataset/person_162/img_05.jpg,1,0.305599
dataset/person_229/img_06.jpg,dataset/person_229/img_07.jpg,1,0.268772
dataset/person_313/img_02.jpg,dataset/person_313/img_11.jpg,1,0.639302
dataset/person_355/img_01.jpg,dataset/person_355/img_03.jpg,1,0.378449
dataset/person_367/img_04.jpg,dataset/person_367/img_06.jpg,1,0.296922
dataset/person_411/img_08.jpg,dataset/person_411/img_13.jpg,1,-0.030738
dataset/person_474/img_02.jpg,dataset/person_474/img_06.jpg,1,0.385508
dataset/person_519/img_03.jpg,dataset/person_519/img_09.jpg,1,-0.004249
dataset/person_585/img_07.jpg,dataset/person_585/img_16.jpg,1,0.654221
dataset/person_655/img_03.jpg,dataset/person_655/img_12.jpg,1,0.342739
dataset/person_661/img_02.jpg,dataset/person_661/img_10.jpg,1,0.399118
dataset/person_710/img_03.jpg,dataset/person_710/img_15.jpg,1,0.349928
dataset/person_711/img_09.jpg,dataset/person_711/img_23.jpg,1,0.339731
dataset/person_713/img_04.jpg,dataset/person_713/img_05.jpg,1,0.341727
dataset/person_744/img_14.jpg,dataset/person_744/img_18.jpg,1,0.726536
dataset/person_769/img_08.jpg,dataset/person_769/img_11.jpg,1,0.526264
dataset/person_776/img_02.jpg,dataset/person_776/img_04.jpg,1,0.318158
dataset/person_783/img_03.jpg,dataset/person_783/img_07.jpg,1,0.413357
dataset/person_785/img_02.jpg,dataset/person_785/img_03.jpg,1,0.381997
dataset/person_804/img_01.jpg,dataset/person_804/img_02.jpg,1,0.499290
dataset/person_815/img_02.jpg,dataset/person_815/img_07.jpg,1,0.697985
dataset/person_844/img_04.jpg,dataset/person_844/img_06.jpg,1,0.209923
dataset/person_853/img_04.jpg,dataset/person_853/img_07.jpg,1,0.149144
dataset/person_861/img_03.jpg,dataset/person_861/img_04.jpg,1,0.251093
dataset/person_869/img_02.jpg,dataset/person_869/img_08.jpg,1,0.372914
dataset/person_896/img_03.jpg,dataset/person_896/img_05.jpg,1,0.703265
dataset/person_909/img_28.jpg,dataset/person_909/img_31.jpg,1,0.704795
dataset/person_924/img_01.jpg,dataset/person_924/img_06.jpg,1,0.510823
dataset/person_963/img_02.jpg,dataset/person_963/img_08.jpg,1,-0.030663
dataset/person_043/img_02.jpg,dataset/person_043/img_09.jpg,1,0.290645
dataset/person_065/img_13.jpg,dataset/person_065/img_20.jpg,1,0.399480
dataset/person_070/img_05.jpg,dataset/person_070/img_06.jpg,1,0.258449
dataset/person_1022/img_04.jpg,dataset/person_1022/img_06.jpg,1,0.106598
dataset/person_1151/img_03.jpg,dataset/person_1151/img_08.jpg,1,0.504346
dataset/person_1192/img_06.jpg,dataset/person_1192/img_10.jpg,1,0.285827
dataset/person_1226/img_01.jpg,dataset/person_1226/img_10.jpg,1,0.498079
dataset/person_1244/img_14.jpg,dataset/person_1244/img_19.jpg,1,0.402412
dataset/person_1262/img_07.jpg,dataset/person_1262/img_09.jpg,1,0.164175
dataset/person_1309/img_02.jpg,dataset/person_1309/img_04.jpg,1,0.387696
dataset/person_1326/img_03.jpg,dataset/person_1326/img_04.jpg,1,0.405773
dataset/person_1334/img_08.jpg,dataset/person_1334/img_15.jpg,1,0.515804
dataset/person_1352/img_02.jpg,dataset/person_1352/img_06.jpg,1,0.653996
dataset/person_1382/img_01.jpg,dataset/person_1382/img_07.jpg,1,0.507209
dataset/person_1486/img_05.jpg,dataset/person_1486/img_07.jpg,1,0.503573
dataset/person_1492/img_26.jpg,dataset/person_1492/img_33.jpg,1,0.510871
dataset/person_1531/img_01.jpg,dataset/person_1531/img_05.jpg,1,0.132617
dataset/person_1580/img_12.jpg,dataset/person_1580/img_29.jpg,1,0.397042
dataset/person_1601/img_03.jpg,dataset/person_1601/img_07.jpg,1,0.465009
dataset/person_162/img_03.jpg,dataset/person_162/img_08.jpg,1,0.318012
dataset/person_229/img_15.jpg,dataset/person_229/img_17.jpg,1,0.350688
dataset/person_313/img_10.jpg,dataset/person_313/img_11.jpg,1,0.456663
dataset/person_355/img_01.jpg,dataset/person_355/img_06.jpg,1,0.334659
dataset/person_367/img_05.jpg,dataset/person_367/img_07.jpg,1,0.506124
dataset/person_411/img_08.jpg,dataset/person_411/img_11.jpg,1,0.493075
dataset/person_474/img_06.jpg,dataset/person_474/img_08.jpg,1,0.518343
dataset/person_519/img_01.jpg,dataset/person_519/img_02.jpg,1,0.280441
dataset/person_585/img_04.jpg,dataset/person_585/img_22.jpg,1,0.555609
dataset/person_655/img_09.jpg,dataset/person_655/img_13.jpg,1,0.269738
dataset/person_661/img_02.jpg,dataset/person_661/img_03.jpg,1,0.555528
dataset/person_710/img_06.jpg,dataset/person_710/img_08.jpg,1,0.409882
dataset/person_711/img_28.jpg,dataset/person_711/img_30.jpg,1,0.526882
dataset/person_713/img_01.jpg,dataset/person_713/img_03.jpg,1,0.476542
dataset/person_744/img_12.jpg,dataset/person_744/img_19.jpg,1,0.647859
dataset/person_769/img_03.jpg,dataset/person_769/img_08.jpg,1,0.470359
dataset/person_776/img_01.jpg,dataset/person_776/img_06.jpg,1,0.502015
dataset/person_783/img_03.jpg,dataset/person_783/img_05.jpg,1,0.420807
dataset/person_785/img_01.jpg,dataset/person_785/img_02.jpg,1,0.536970
dataset/person_804/img_06.jpg,dataset/person_804/img_07.jpg,1,0.020314
dataset/person_815/img_04.jpg,dataset/person_815/img_07.jpg,1,0.653915
dataset/person_844/img_03.jpg,dataset/person_844/img_06.jpg,1,0.008945
dataset/person_853/img_12.jpg,dataset/person_853/img_17.jpg,1,0.381085
dataset/person_861/img_01.jpg,dataset/person_861/img_02.jpg,1,0.257694
dataset/person_869/img_01.jpg,dataset/person_869/img_09.jpg,1,0.215915
dataset/person_896/img_04.jpg,dataset/person_896/img_09.jpg,1,0.365868
dataset/person_909/img_07.jpg,dataset/person_909/img_24.jpg,1,0.543861
dataset/person_924/img_01.jpg,dataset/person_924/img_02.jpg,1,0.334015
dataset/person_963/img_01.jpg,dataset/person_963/img_07.jpg,1,0.583318
dataset/person_043/img_16.jpg,dataset/person_043/img_22.jpg,1,0.312038
dataset/person_065/img_10.jpg,dataset/person_065/img_27.jpg,1,0.328084
dataset/person_070/img_04.jpg,dataset/person_070/img_05.jpg,1,0.483964
dataset/person_1022/img_07.jpg,dataset/person_1022/img_08.jpg,1,0.539083
dataset/person_1151/img_01.jpg,dataset/person_1151/img_02.jpg,1,0.256204
dataset/person_1192/img_03.jpg,dataset/person_1192/img_04.jpg,1,0.661311
dataset/person_1226/img_05.jpg,dataset/person_1226/img_06.jpg,1,0.548902
dataset/person_1244/img_11.jpg,dataset/person_1244/img_17.jpg,1,0.566674
dataset/person_1262/img_01.jpg,dataset/person_1262/img_06.jpg,1,0.342326
dataset/person_1309/img_06.jpg,dataset/person_1309/img_10.jpg,1,0.177175
dataset/person_1326/img_06.jpg,dataset/person_1326/img_09.jpg,1,0.340280
dataset/person_1334/img_07.jpg,dataset/person_1334/img_18.jpg,1,0.545108
dataset/person_1352/img_03.jpg,dataset/person_1352/img_05.jpg,1,0.528139
dataset/person_1382/img_01.jpg,dataset/person_1382/img_04.jpg,1,0.579617
dataset/person_1486/img_06.jpg,dataset/person_1486/img_08.jpg,1,0.449676
dataset/person_1492/img_12.jpg,dataset/person_1492/img_26.jpg,1,0.640308
dataset/person_1531/img_06.jpg,dataset/person_1531/img_09.jpg,1,0.255530
dataset/person_1580/img_01.jpg,dataset/person_1580/img_24.jpg,1,0.345142
dataset/person_1601/img_03.jpg,dataset/person_1601/img_04.jpg,1,0.393659
dataset/person_162/img_02.jpg,dataset/person_162/img_03.jpg,1,0.211507
dataset/person_229/img_06.jpg,dataset/person_229/img_10.jpg,1,0.380841
dataset/person_313/img_06.jpg,dataset/person_313/img_10.jpg,1,0.431719
dataset/person_355/img_03.jpg,dataset/person_355/img_07.jpg,1,0.488272
dataset/person_367/img_01.jpg,dataset/person_367/img_06.jpg,1,0.184771
dataset/person_411/img_03.jpg,dataset/person_411/img_09.jpg,1,0.462018
dataset/person_474/img_01.jpg,dataset/person_474/img_02.jpg,1,0.372911
dataset/person_519/img_06.jpg,dataset/person_519/img_07.jpg,1,0.628972
dataset/person_585/img_11.jpg,dataset/person_585/img_20.jpg,1,0.538215
dataset/person_655/img_10.jpg,dataset/person_655/img_12.jpg,1,0.331577
dataset/person_661/img_09.jpg,dataset/person_661/img_11.jpg,1,0.445106
dataset/person_710/img_08.jpg,dataset/person_710/img_16.jpg,1,0.519222
dataset/person_711/img_02.jpg,dataset/person_711/img_15.jpg,1,0.375910
dataset/person_713/img_08.jpg,dataset/person_713/img_10.jpg,1,0.429452
dataset/person_744/img_05.jpg,dataset/person_744/img_13.jpg,1,0.109711
dataset/person_769/img_05.jpg,dataset/person_769/img_10.jpg,1,0.424817
dataset/person_776/img_02.jpg,dataset/person_776/img_06.jpg,1,0.462020
dataset/person_783/img_03.jpg,dataset/person_783/img_06.jpg,1,0.535639
dataset/person_785/img_01.jpg,dataset/person_785/img_07.jpg,1,0.560588
dataset/person_804/img_05.jpg,dataset/person_804/img_06.jpg,1,0.137876
dataset/person_815/img_05.jpg,dataset/person_815/img_06.jpg,1,0.565340
dataset/person_844/img_04.jpg,dataset/person_844/img_08.jpg,1,0.218104
dataset/person_853/img_06.jpg,dataset/person_853/img_11.jpg,1,0.257964
dataset/person_861/img_01.jpg,dataset/person_861/img_03.jpg,1,0.288053
dataset/person_869/img_03.jpg,dataset/person_869/img_05.jpg,1,0.325175
dataset/person_896/img_04.jpg,dataset/person_896/img_07.jpg,1,0.290247
dataset/person_909/img_01.jpg,dataset/person_909/img_19.jpg,1,0.615062
dataset/person_924/img_06.jpg,dataset/person_924/img_07.jpg,1,0.403419
dataset/person_963/img_05.jpg,dataset/person_963/img_08.jpg,1,0.545984
dataset/person_043/img_19.jpg,dataset/person_043/img_38.jpg,1,0.175585
dataset/person_065/img_10.jpg,dataset/person_065/img_23.jpg,1,0.456849
dataset/person_1022/img_04.jpg,dataset/person_1022/img_08.jpg,1,0.191686
dataset/person_1151/img_04.jpg,dataset/person_1151/img_05.jpg,1,0.348962
dataset/person_1192/img_03.jpg,dataset/person_1192/img_06.jpg,1,0.627006
dataset/person_1226/img_02.jpg,dataset/person_1226/img_04.jpg,1,0.389979
dataset/person_1244/img_07.jpg,dataset/person_1244/img_11.jpg,1,0.452565
dataset/person_1262/img_01.jpg,dataset/person_1262/img_10.jpg,1,0.435611
dataset/person_1309/img_01.jpg,dataset/person_1309/img_11.jpg,1,0.373485
dataset/person_1326/img_01.jpg,dataset/person_1326/img_02.jpg,1,0.757513
dataset/person_1334/img_07.jpg,dataset/person_1334/img_23.jpg,1,0.454401
dataset/person_1352/img_04.jpg,dataset/person_1352/img_08.jpg,1,0.125732
dataset/person_1382/img_02.jpg,dataset/person_1382/img_03.jpg,1,0.491430
dataset/person_1486/img_03.jpg,dataset/person_1486/img_04.jpg,1,0.466546
dataset/person_1492/img_07.jpg,dataset/person_1492/img_22.jpg,1,0.775891
dataset/person_1531/img_03.jpg,dataset/person_1531/img_08.jpg,1,0.203065
dataset/person_1580/img_11.jpg,dataset/person_1580/img_25.jpg,1,0.377532
dataset/person_1601/img_01.jpg,dataset/person_1601/img_09.jpg,1,-0.145887
dataset/person_162/img_04.jpg,dataset/person_162/img_09.jpg,1,0.268190
dataset/person_229/img_06.jpg,dataset/person_229/img_08.jpg,1,0.419967
dataset/person_313/img_01.jpg,dataset/person_313/img_02.jpg,1,0.456289
dataset/person_411/img_01.jpg,dataset/person_411/img_04.jpg,1,0.667607
dataset/person_474/img_06.jpg,dataset/person_474/img_07.jpg,1,0.539374
dataset/person_519/img_01.jpg,dataset/person_519/img_05.jpg,1,0.219438
dataset/person_585/img_08.jpg,dataset/person_585/img_16.jpg,1,0.361740
dataset/person_655/img_07.jpg,dataset/person_655/img_09.jpg,1,0.116768
dataset/person_661/img_09.jpg,dataset/person_661/img_12.jpg,1,0.445038
dataset/person_710/img_06.jpg,dataset/person_710/img_16.jpg,1,0.563834
dataset/person_711/img_16.jpg,dataset/person_711/img_46.jpg,1,0.442695
dataset/person_713/img_02.jpg,dataset/person_713/img_05.jpg,1,0.540376
dataset/person_744/img_04.jpg,dataset/person_744/img_11.jpg,1,0.385653
dataset/person_769/img_04.jpg,dataset/person_769/img_11.jpg,1,0.532905
dataset/person_776/img_02.jpg,dataset/person_776/img_07.jpg,1,0.280898
dataset/person_844/img_03.jpg,dataset/person_844/img_05.jpg,1,0.331911
dataset/person_853/img_06.jpg,dataset/person_853/img_17.jpg,1,0.213010
dataset/person_861/img_01.jpg,dataset/person_861/img_05.jpg,1,0.275818
dataset/person_869/img_07.jpg,dataset/person_869/img_08.jpg,1,0.267294
dataset/person_896/img_08.jpg,dataset/person_896/img_09.jpg,1,0.633714
dataset/person_909/img_01.jpg,dataset/person_909/img_21.jpg,1,0.592666
dataset/person_963/img_03.jpg,dataset/person_963/img_09.jpg,1,0.478721
dataset/person_043/img_04.jpg,dataset/person_043/img_21.jpg,1,0.182955
dataset/person_065/img_28.jpg,dataset/person_065/img_31.jpg,1,0.121823
dataset/person_1022/img_06.jpg,dataset/person_1022/img_07.jpg,1,0.213101
dataset/person_1151/img_04.jpg,dataset/person_1151/img_06.jpg,1,0.569351
dataset/person_1192/img_03.jpg,dataset/person_1192/img_07.jpg,1,0.580809
dataset/person_1226/img_06.jpg,dataset/person_1226/img_10.jpg,1,0.450821
dataset/person_1244/img_09.jpg,dataset/person_1244/img_20.jpg,1,0.452310
dataset/person_1262/img_01.jpg,dataset/person_1262/img_03.jpg,1,0.389743
dataset/person_1309/img_04.jpg,dataset/person_1309/img_07.jpg,1,0.323068
dataset/person_1326/img_03.jpg,dataset/person_1326/img_07.jpg,1,0.332844
dataset/person_1334/img_11.jpg,dataset/person_1334/img_25.jpg,1,0.441565
dataset/person_1352/img_06.jpg,dataset/person_1352/img_07.jpg,1,0.296868
dataset/person_1382/img_01.jpg,dataset/person_1382/img_02.jpg,1,0.522116
dataset/person_1486/img_04.jpg,dataset/person_1486/img_06.jpg,1,0.264901
dataset/person_1492/img_08.jpg,dataset/person_1492/img_18.jpg,1,0.402935
dataset/person_1531/img_01.jpg,dataset/person_1531/img_02.jpg,1,0.414932
dataset/person_1580/img_26.jpg,dataset/person_1580/img_30.jpg,1,0.522303
dataset/person_1601/img_03.jpg,dataset/person_1601/img_06.jpg,1,0.444733
dataset/person_162/img_05.jpg,dataset/person_162/img_06.jpg,1,0.449657
dataset/person_229/img_08.jpg,dataset/person_229/img_19.jpg,1,0.298323
dataset/person_313/img_03.jpg,dataset/person_313/img_10.jpg,1,0.317440
dataset/person_411/img_02.jpg,dataset/person_411/img_07.jpg,1,0.406008
dataset/person_474/img_04.jpg,dataset/person_474/img_08.jpg,1,0.654426
dataset/person_519/img_06.jpg,dataset/person_519/img_09.jpg,1,0.417648
dataset/person_585/img_10.jpg,dataset/person_585/img_17.jpg,1,0.433884
dataset/person_655/img_05.jpg,dataset/person_655/img_13.jpg,1,0.186730
dataset/person_661/img_06.jpg,dataset/person_661/img_08.jpg,1,0.468320
dataset/person_710/img_06.jpg,dataset/person_710/img_13.jpg,1,0.268373
dataset/person_711/img_22.jpg,dataset/person_711/img_25.jpg,1,0.408400
dataset/person_713/img_04.jpg,dataset/person_713/img_09.jpg,1,0.328370
dataset/person_744/img_18.jpg,dataset/person_744/img_19.jpg,1,0.607359
dataset/person_769/img_03.jpg,dataset/person_769/img_09.jpg,1,0.546573
dataset/person_776/img_05.jpg,dataset/person_776/img_07.jpg,1,0.182364
dataset/person_844/img_02.jpg,dataset/person_844/img_03.jpg,1,0.304876
dataset/person_853/img_01.jpg,dataset/person_853/img_18.jpg,1,-0.041560
dataset/person_861/img_04.jpg,dataset/person_861/img_05.jpg,1,0.346567
dataset/person_869/img_05.jpg,dataset/person_869/img_08.jpg,1,0.284794
dataset/person_896/img_06.jpg,dataset/person_896/img_07.jpg,1,0.353673
dataset/person_909/img_12.jpg,dataset/person_909/img_17.jpg,1,0.529834
dataset/person_963/img_04.jpg,dataset/person_963/img_05.jpg,1,0.482944
dataset/person_043/img_12.jpg,dataset/person_043/img_37.jpg,1,0.451427
dataset/person_065/img_01.jpg,dataset/person_065/img_12.jpg,1,-0.122642
dataset/person_1022/img_01.jpg,dataset/person_1022/img_08.jpg,1,0.366773
dataset/person_1151/img_02.jpg,dataset/person_1151/img_05.jpg,1,0.383449
dataset/person_1192/img_01.jpg,dataset/person_1192/img_02.jpg,1,0.100960
dataset/person_1226/img_05.jpg,dataset/person_1226/img_08.jpg,1,0.420727
dataset/person_1244/img_02.jpg,dataset/person_1244/img_04.jpg,1,0.329588
dataset/person_1262/img_03.jpg,dataset/person_1262/img_07.jpg,1,0.359369
dataset/person_1309/img_05.jpg,dataset/person_1309/img_10.jpg,1,0.293977
dataset/person_1326/img_04.jpg,dataset/person_1326/img_05.jpg,1,0.333396
dataset/person_1334/img_22.jpg,dataset/person_1334/img_25.jpg,1,0.261872
dataset/person_1352/img_02.jpg,dataset/person_1352/img_07.jpg,1,0.261974
dataset/person_1382/img_03.jpg,dataset/person_1382/img_04.jpg,1,0.383028
dataset/person_1486/img_01.jpg,dataset/person_1486/img_03.jpg,1,0.292568
dataset/person_1492/img_15.jpg,dataset/person_1492/img_18.jpg,1,0.342183
dataset/person_1531/img_03.jpg,dataset/person_1531/img_07.jpg,1,0.062986
dataset/person_1580/img_13.jpg,dataset/person_1580/img_26.jpg,1,0.389484
dataset/person_1601/img_01.jpg,dataset/person_1601/img_07.jpg,1,-0.073391
dataset/person_162/img_02.jpg,dataset/person_162/img_04.jpg,1,0.256288
dataset/person_229/img_05.jpg,dataset/person_229/img_09.jpg,1,0.293825
dataset/person_313/img_01.jpg,dataset/person_313/img_04.jpg,1,0.271321
dataset/person_411/img_07.jpg,dataset/person_411/img_08.jpg,1,0.622826
dataset/person_474/img_03.jpg,dataset/person_474/img_07.jpg,1,0.393784
dataset/person_519/img_02.jpg,dataset/person_519/img_09.jpg,1,0.178988
dataset/person_585/img_06.jpg,dataset/person_585/img_13.jpg,1,0.578317
dataset/person_655/img_02.jpg,dataset/person_655/img_07.jpg,1,0.112108
dataset/person_661/img_11.jpg,dataset/person_661/img_12.jpg,1,0.560945
dataset/person_710/img_05.jpg,dataset/person_710/img_08.jpg,1,0.038812
dataset/person_711/img_04.jpg,dataset/person_711/img_55.jpg,1,0.171256
dataset/person_713/img_07.jpg,dataset/person_713/img_08.jpg,1,0.453423
dataset/person_744/img_05.jpg,dataset/person_744/img_06.jpg,1,0.090976
dataset/person_769/img_06.jpg,dataset/person_769/img_07.jpg,1,0.525586
dataset/person_776/img_01.jpg,dataset/person_776/img_07.jpg,1,0.341253
dataset/person_844/img_02.jpg,dataset/person_844/img_07.jpg,1,0.273718
dataset/person_853/img_03.jpg,dataset/person_853/img_07.jpg,1,0.473788
dataset/person_861/img_01.jpg,dataset/person_861/img_04.jpg,1,0.319708
dataset/person_869/img_03.jpg,dataset/person_869/img_04.jpg,1,0.348411
dataset/person_896/img_04.jpg,dataset/person_896/img_13.jpg,1,0.373332
dataset/person_909/img_10.jpg,dataset/person_909/img_15.jpg,1,-0.037758
dataset/person_963/img_02.jpg,dataset/person_963/img_04.jpg,1,0.035965
dataset/person_043/img_03.jpg,dataset/person_043/img_09.jpg,1,0.054550
dataset/person_065/img_24.jpg,dataset/person_065/img_25.jpg,1,0.208320
dataset/person_1022/img_03.jpg,dataset/person_1022/img_08.jpg,1,0.588538
dataset/person_1151/img_04.jpg,dataset/person_1151/img_07.jpg,1,0.650106
dataset/person_1192/img_01.jpg,dataset/person_1192/img_07.jpg,1,0.331737
dataset/person_1226/img_02.jpg,dataset/person_1226/img_09.jpg,1,0.377671
dataset/person_1244/img_07.jpg,dataset/person_1244/img_10.jpg,1,0.731901
dataset/person_1262/img_07.jpg,dataset/person_1262/img_10.jpg,1,0.484523
dataset/person_1309/img_04.jpg,dataset/person_1309/img_10.jpg,1,0.511142
dataset/person_1326/img_01.jpg,dataset/person_1326/img_05.jpg,1,0.459139
dataset/person_1334/img_11.jpg,dataset/person_1334/img_15.jpg,1,0.564767
dataset/person_1352/img_02.jpg,dataset/person_1352/img_04.jpg,1,0.377331
dataset/person_1382/img_04.jpg,dataset/person_1382/img_05.jpg,1,0.401457
dataset/person_1486/img_04.jpg,dataset/person_1486/img_05.jpg,1,0.468811
dataset/person_1492/img_11.jpg,dataset/person_1492/img_18.jpg,1,0.576863
dataset/person_1531/img_01.jpg,dataset/person_1531/img_07.jpg,1,0.073922
dataset/person_1580/img_14.jpg,dataset/person_1580/img_23.jpg,1,0.350527
dataset/person_1601/img_04.jpg,dataset/person_1601/img_09.jpg,1,0.388886
dataset/person_162/img_05.jpg,dataset/person_162/img_07.jpg,1,0.395286
dataset/person_229/img_04.jpg,dataset/person_229/img_13.jpg,1,0.403904
dataset/person_313/img_01.jpg,dataset/person_313/img_07.jpg,1,0.447857
dataset/person_411/img_03.jpg,dataset/person_411/img_10.jpg,1,0.557399
dataset/person_474/img_02.jpg,dataset/person_474/img_03.jpg,1,0.315927
dataset/person_519/img_03.jpg,dataset/person_519/img_06.jpg,1,0.221814
dataset/person_585/img_09.jpg,dataset/person_585/img_19.jpg,1,0.492736
dataset/person_655/img_08.jpg,dataset/person_655/img_13.jpg,1,0.241968
dataset/person_661/img_05.jpg,dataset/person_661/img_08.jpg,1,0.471558
dataset/person_710/img_08.jpg,dataset/person_710/img_09.jpg,1,0.539502
dataset/person_711/img_34.jpg,dataset/person_711/img_42.jpg,1,0.613643
dataset/person_713/img_05.jpg,dataset/person_713/img_10.jpg,1,0.328462
dataset/person_744/img_01.jpg,dataset/person_744/img_17.jpg,1,0.619782
dataset/person_769/img_07.jpg,dataset/person_769/img_09.jpg,1,0.581511
dataset/person_776/img_04.jpg,dataset/person_776/img_07.jpg,1,0.248979
dataset/person_844/img_01.jpg,dataset/person_844/img_05.jpg,1,0.271478
dataset/person_853/img_05.jpg,dataset/person_853/img_11.jpg,1,0.495454
dataset/person_861/img_01.jpg,dataset/person_861/img_08.jpg,1,0.358855
dataset/person_869/img_06.jpg,dataset/person_869/img_08.jpg,1,0.591357
dataset/person_896/img_11.jpg,dataset/person_896/img_14.jpg,1,0.195632
dataset/person_909/img_16.jpg,dataset/person_909/img_17.jpg,1,0.377810
dataset/person_963/img_01.jpg,dataset/person_963/img_04.jpg,1,0.553729
dataset/person_043/img_20.jpg,dataset/person_043/img_35.jpg,1,0.399846
dataset/person_065/img_07.jpg,dataset/person_065/img_14.jpg,1,0.182614
dataset/person_1022/img_06.jpg,dataset/person_1022/img_08.jpg,1,0.310506
dataset/person_1151/img_06.jpg,dataset/person_1151/img_07.jpg,1,0.725537
dataset/person_1192/img_07.jpg,dataset/person_1192/img_09.jpg,1,0.656328
dataset/person_1226/img_07.jpg,dataset/person_1226/img_08.jpg,1,0.548385
dataset/person_1244/img_05.jpg,dataset/person_1244/img_15.jpg,1,0.343436
dataset/person_1262/img_02.jpg,dataset/person_1262/img_05.jpg,1,0.338600
dataset/person_1309/img_04.jpg,dataset/person_1309/img_05.jpg,1,0.513216
dataset/person_1326/img_06.jpg,dataset/person_1326/img_08.jpg,1,0.203321
dataset/person_1334/img_04.jpg,dataset/person_1334/img_15.jpg,1,0.327181
dataset/person_1352/img_02.jpg,dataset/person_1352/img_05.jpg,1,0.293030
dataset/person_1382/img_03.jpg,dataset/person_1382/img_05.jpg,1,0.573703
dataset/person_1486/img_02.jpg,dataset/person_1486/img_08.jpg,1,0.349274
dataset/person_1492/img_22.jpg,dataset/person_1492/img_28.jpg,1,0.417481
dataset/person_1531/img_05.jpg,dataset/person_1531/img_07.jpg,1,0.275876
dataset/person_1580/img_27.jpg,dataset/person_1580/img_30.jpg,1,0.538216
dataset/person_1601/img_02.jpg,dataset/person_1601/img_09.jpg,1,0.386312
dataset/person_162/img_02.jpg,dataset/person_162/img_09.jpg,1,0.422755
dataset/person_229/img_15.jpg,dataset/person_229/img_16.jpg,1,0.587045
dataset/person_313/img_08.jpg,dataset/person_313/img_09.jpg,1,0.295158
dataset/person_411/img_06.jpg,dataset/person_411/img_12.jpg,1,0.422676
dataset/person_474/img_01.jpg,dataset/person_474/img_07.jpg,1,0.525013
dataset/person_519/img_03.jpg,dataset/person_519/img_08.jpg,1,0.015384
dataset/person_585/img_02.jpg,dataset/person_585/img_08.jpg,1,0.469664
dataset/person_655/img_04.jpg,dataset/person_655/img_05.jpg,1,0.415099
dataset/person_661/img_04.jpg,dataset/person_661/img_14.jpg,1,0.346853
dataset/person_710/img_07.jpg,dataset/person_710/img_11.jpg,1,0.361126
dataset/person_711/img_41.jpg,dataset/person_711/img_45.jpg,1,0.475171
dataset/person_713/img_05.jpg,dataset/person_713/img_11.jpg,1,0.388112
dataset/person_744/img_14.jpg,dataset/person_744/img_16.jpg,1,0.553812
dataset/person_769/img_02.jpg,dataset/person_769/img_10.jpg,1,0.380170
dataset/person_776/img_01.jpg,dataset/person_776/img_04.jpg,1,0.355527
dataset/person_844/img_03.jpg,dataset/person_844/img_04.jpg,1,0.315658
dataset/person_853/img_01.jpg,dataset/person_853/img_09.jpg,1,-0.013662
dataset/person_861/img_02.jpg,dataset/person_861/img_05.jpg,1,0.193301
dataset/person_869/img_01.jpg,dataset/person_869/img_03.jpg,1,0.275047
dataset/person_896/img_01.jpg,dataset/person_896/img_03.jpg,1,0.238010
dataset/person_909/img_07.jpg,dataset/person_909/img_25.jpg,1,0.629329
dataset/person_963/img_03.jpg,dataset/person_963/img_04.jpg,1,0.607068
dataset/person_043/img_09.jpg,dataset/person_043/img_34.jpg,1,0.318932
dataset/person_065/img_03.jpg,dataset/person_065/img_24.jpg,1,0.213946
dataset/person_1022/img_04.jpg,dataset/person_1022/img_07.jpg,1,0.205549
dataset/person_1151/img_02.jpg,dataset/person_1151/img_03.jpg,1,0.523073
dataset/person_1192/img_01.jpg,dataset/person_1192/img_06.jpg,1,0.345481
dataset/person_1226/img_01.jpg,dataset/person_1226/img_07.jpg,1,0.400955
dataset/person_1244/img_06.jpg,dataset/person_1244/img_08.jpg,1,0.417602
dataset/person_1262/img_03.jpg,dataset/person_1262/img_04.jpg,1,0.308221
dataset/person_1309/img_03.jpg,dataset/person_1309/img_08.jpg,1,0.239853
dataset/person_1326/img_01.jpg,dataset/person_1326/img_07.jpg,1,0.565476
dataset/person_1334/img_11.jpg,dataset/person_1334/img_24.jpg,1,0.532645
dataset/person_1352/img_03.jpg,dataset/person_1352/img_04.jpg,1,0.266015
dataset/person_1382/img_01.jpg,dataset/person_1382/img_06.jpg,1,0.612908
dataset/person_1486/img_06.jpg,dataset/person_1486/img_07.jpg,1,0.244958
dataset/person_1492/img_32.jpg,dataset/person_1492/img_33.jpg,1,0.378134
dataset/person_1531/img_02.jpg,dataset/person_1531/img_07.jpg,1,0.153723
dataset/person_1580/img_08.jpg,dataset/person_1580/img_10.jpg,1,0.449073
dataset/person_1601/img_02.jpg,dataset/person_1601/img_04.jpg,1,0.414939
dataset/person_162/img_07.jpg,dataset/person_162/img_08.jpg,1,0.478506
dataset/person_229/img_04.jpg,dataset/person_229/img_05.jpg,1,0.387321
dataset/person_313/img_09.jpg,dataset/person_313/img_11.jpg,1,0.424398
dataset/person_411/img_09.jpg,dataset/person_411/img_13.jpg,1,0.034392
dataset/person_474/img_04.jpg,dataset/person_474/img_07.jpg,1,0.395112
dataset/person_519/img_06.jpg,dataset/person_519/img_08.jpg,1,0.341631
dataset/person_585/img_01.jpg,dataset/person_585/img_03.jpg,1,0.322447
dataset/person_655/img_06.jpg,dataset/person_655/img_13.jpg,1,0.147849
dataset/person_661/img_01.jpg,dataset/person_661/img_05.jpg,1,0.357083
dataset/person_710/img_12.jpg,dataset/person_710/img_16.jpg,1,0.460797
dataset/person_711/img_29.jpg,dataset/person_711/img_46.jpg,1,0.733717
dataset/person_713/img_04.jpg,dataset/person_713/img_08.jpg,1,0.255302
dataset/person_744/img_04.jpg,dataset/person_744/img_16.jpg,1,0.392006
dataset/person_769/img_04.jpg,dataset/person_769/img_08.jpg,1,0.496841
dataset/person_776/img_02.jpg,dataset/person_776/img_08.jpg,1,0.342943
dataset/person_844/img_05.jpg,dataset/person_844/img_08.jpg,1,0.187420
dataset/person_853/img_06.jpg,dataset/person_853/img_13.jpg,1,0.300416
dataset/person_861/img_05.jpg,dataset/person_861/img_07.jpg,1,-0.009925
dataset/person_869/img_01.jpg,dataset/person_869/img_07.jpg,1,0.300533
dataset/person_896/img_05.jpg,dataset/person_896/img_11.jpg,1,0.271480
dataset/person_909/img_02.jpg,dataset/person_909/img_29.jpg,1,0.607924
dataset/person_963/img_06.jpg,dataset/person_963/img_09.jpg,1,0.610281
dataset/person_043/img_25.jpg,dataset/person_043/img_33.jpg,1,0.229614
dataset/person_065/img_09.jpg,dataset/person_065/img_13.jpg,1,0.299151
dataset/person_1022/img_02.jpg,dataset/person_1022/img_07.jpg,1,0.449379
dataset/person_1151/img_05.jpg,dataset/person_1151/img_06.jpg,1,0.513457
dataset/person_1192/img_02.jpg,dataset/person_1192/img_11.jpg,1,0.451425
dataset/person_1226/img_08.jpg,dataset/person_1226/img_10.jpg,1,0.554528
dataset/person_1244/img_04.jpg,dataset/person_1244/img_07.jpg,1,0.439196
dataset/person_1262/img_01.jpg,dataset/person_1262/img_05.jpg,1,0.191584
dataset/person_1309/img_01.jpg,dataset/person_1309/img_09.jpg,1,0.531605
dataset/person_1326/img_05.jpg,dataset/person_1326/img_08.jpg,1,0.222033
dataset/person_1334/img_08.jpg,dataset/person_1334/img_27.jpg,1,0.628671
dataset/person_1352/img_05.jpg,dataset/person_1352/img_06.jpg,1,0.424475
dataset/person_1382/img_01.jpg,dataset/person_1382/img_05.jpg,1,0.471198
dataset/person_1486/img_02.jpg,dataset/person_1486/img_05.jpg,1,0.540596
dataset/person_1492/img_16.jpg,dataset/person_1492/img_29.jpg,1,0.162318
dataset/person_1531/img_04.jpg,dataset/person_1531/img_07.jpg,1,0.045076
dataset/person_1580/img_25.jpg,dataset/person_1580/img_29.jpg,1,0.376049
dataset/person_1601/img_03.jpg,dataset/person_1601/img_08.jpg,1,0.555625
dataset/person_162/img_07.jpg,dataset/person_162/img_09.jpg,1,0.481581
dataset/person_229/img_15.jpg,dataset/person_229/img_19.jpg,1,0.371365
dataset/person_313/img_04.jpg,dataset/person_313/img_10.jpg,1,0.340726
dataset/person_411/img_02.jpg,dataset/person_411/img_08.jpg,1,0.653672
dataset/person_474/img_04.jpg,dataset/person_474/img_06.jpg,1,0.501053
dataset/person_519/img_01.jpg,dataset/person_519/img_09.jpg,1,0.232199
dataset/person_585/img_08.jpg,dataset/person_585/img_13.jpg,1,0.346963
dataset/person_655/img_02.jpg,dataset/person_655/img_13.jpg,1,0.363406
dataset/person_661/img_08.jpg,dataset/person_661/img_13.jpg,1,0.232729
dataset/person_710/img_10.jpg,dataset/person_710/img_14.jpg,1,0.321144
dataset/person_711/img_10.jpg,dataset/person_711/img_20.jpg,1,0.401651
dataset/person_713/img_02.jpg,dataset/person_713/img_08.jpg,1,0.282001
dataset/person_744/img_07.jpg,dataset/person_744/img_08.jpg,1,0.329116
dataset/person_769/img_08.jpg,dataset/person_769/img_10.jpg,1,0.494230
dataset/person_776/img_04.jpg,dataset/person_776/img_08.jpg,1,0.382774
dataset/person_844/img_01.jpg,dataset/person_844/img_06.jpg,1,0.250260
dataset/person_853/img_07.jpg,dataset/person_853/img_11.jpg,1,0.450746
dataset/person_861/img_04.jpg,dataset/person_861/img_06.jpg,1,0.561501
dataset/person_869/img_05.jpg,dataset/person_869/img_09.jpg,1,0.292515
dataset/person_896/img_02.jpg,dataset/person_896/img_06.jpg,1,0.406951
dataset/person_909/img_12.jpg,dataset/person_909/img_24.jpg,1,0.837430
dataset/person_963/img_02.jpg,dataset/person_963/img_06.jpg,1,0.057550
dataset/person_043/img_24.jpg,dataset/person_043/img_37.jpg,1,0.301814
dataset/person_065/img_16.jpg,dataset/person_065/img_28.jpg,1,0.045750
dataset/person_1192/img_04.jpg,dataset/person_1192/img_11.jpg,1,0.559858
dataset/person_1226/img_02.jpg,dataset/person_1226/img_06.jpg,1,0.504047
dataset/person_1244/img_06.jpg,dataset/person_1244/img_07.jpg,1,0.550657
dataset/person_1262/img_02.jpg,dataset/person_1262/img_10.jpg,1,0.563006
dataset/person_1309/img_05.jpg,dataset/person_1309/img_13.jpg,1,0.630393
dataset/person_1326/img_03.jpg,dataset/person_1326/img_09.jpg,1,0.509302
dataset/person_1334/img_20.jpg,dataset/person_1334/img_26.jpg,1,0.483032
dataset/person_1492/img_11.jpg,dataset/person_1492/img_12.jpg,1,0.516468
dataset/person_1531/img_04.jpg,dataset/person_1531/img_05.jpg,1,0.134188
dataset/person_1580/img_16.jpg,dataset/person_1580/img_27.jpg,1,0.578980
dataset/person_1601/img_02.jpg,dataset/person_1601/img_07.jpg,1,0.483634
dataset/person_162/img_06.jpg,dataset/person_162/img_09.jpg,1,0.161340
dataset/person_229/img_02.jpg,dataset/person_229/img_12.jpg,1,0.219577
dataset/person_313/img_04.jpg,dataset/person_313/img_07.jpg,1,0.429356
dataset/person_411/img_04.jpg,dataset/person_411/img_08.jpg,1,0.717431
dataset/person_519/img_04.jpg,dataset/person_519/img_05.jpg,1,0.448251
dataset/person_585/img_11.jpg,dataset/person_585/img_16.jpg,1,0.709395
dataset/person_655/img_05.jpg,dataset/person_655/img_09.jpg,1,0.097642
dataset/person_661/img_03.jpg,dataset/person_661/img_09.jpg,1,0.468965
dataset/person_710/img_04.jpg,dataset/person_710/img_17.jpg,1,-0.051536
dataset/person_711/img_37.jpg,dataset/person_711/img_49.jpg,1,0.699261
dataset/person_713/img_04.jpg,dataset/person_713/img_10.jpg,1,0.391447
dataset/person_744/img_01.jpg,dataset/person_744/img_09.jpg,1,0.556469
dataset/person_769/img_04.jpg,dataset/person_769/img_10.jpg,1,0.546909
dataset/person_853/img_11.jpg,dataset/person_853/img_13.jpg,1,0.377383
dataset/person_869/img_02.jpg,dataset/person_869/img_06.jpg,1,0.274647
dataset/person_896/img_05.jpg,dataset/person_896/img_14.jpg,1,0.348640
dataset/person_909/img_10.jpg,dataset/person_909/img_14.jpg,1,-0.116847
dataset/person_963/img_04.jpg,dataset/person_963/img_08.jpg,1,0.368519
dataset/person_043/img_12.jpg,dataset/person_043/img_20.jpg,1,0.437659
dataset/person_065/img_21.jpg,dataset/person_065/img_32.jpg,1,0.529617
dataset/person_1192/img_02.jpg,dataset/person_1192/img_05.jpg,1,0.366880
dataset/person_1226/img_08.jpg,dataset/person_1226/img_09.jpg,1,0.444807
dataset/person_1244/img_15.jpg,dataset/person_1244/img_20.jpg,1,0.423640
dataset/person_1262/img_05.jpg,dataset/person_1262/img_09.jpg,1,0.119773
dataset/person_1309/img_09.jpg,dataset/person_1309/img_13.jpg,1,0.144422
dataset/person_1326/img_01.jpg,dataset/person_1326/img_04.jpg,1,0.366323
dataset/person_1334/img_01.jpg,dataset/person_1334/img_23.jpg,1,0.414601
dataset/person_1492/img_18.jpg,dataset/person_1492/img_21.jpg,1,0.424479
dataset/person_1531/img_04.jpg,dataset/person_1531/img_08.jpg,1,0.081559
dataset/person_1580/img_06.jpg,dataset/person_1580/img_26.jpg,1,0.496309
dataset/person_1601/img_01.jpg,dataset/person_1601/img_03.jpg,1,-0.128771
dataset/person_162/img_03.jpg,dataset/person_162/img_05.jpg,1,0.292283
dataset/person_229/img_03.jpg,dataset/person_229/img_08.jpg,1,0.479681
dataset/person_313/img_01.jpg,dataset/person_313/img_09.jpg,1,0.225951
dataset/person_411/img_12.jpg,dataset/person_411/img_13.jpg,1,-0.043210
dataset/person_519/img_04.jpg,dataset/person_519/img_06.jpg,1,0.495488
dataset/person_585/img_06.jpg,dataset/person_585/img_07.jpg,1,0.544210
dataset/person_655/img_11.jpg,dataset/person_655/img_12.jpg,1,0.623335
dataset/person_661/img_10.jpg,dataset/person_661/img_11.jpg,1,0.462968
dataset/person_710/img_01.jpg,dataset/person_710/img_16.jpg,1,0.468244
dataset/person_711/img_29.jpg,dataset/person_711/img_45.jpg,1,0.494424
dataset/person_713/img_09.jpg,dataset/person_713/img_12.jpg,1,0.387706
dataset/person_744/img_10.jpg,dataset/person_744/img_18.jpg,1,0.606955
dataset/person_769/img_05.jpg,dataset/person_769/img_06.jpg,1,0.501301
dataset/person_853/img_03.jpg,dataset/person_853/img_11.jpg,1,0.258961
dataset/person_869/img_08.jpg,dataset/person_869/img_09.jpg,1,0.294612
dataset/person_896/img_10.jpg,dataset/person_896/img_13.jpg,1,0.156666
dataset/person_909/img_15.jpg,dataset/person_909/img_26.jpg,1,0.396361
dataset/person_963/img_01.jpg,dataset/person_963/img_02.jpg,1,-0.029442
dataset/person_043/img_22.jpg,dataset/person_043/img_26.jpg,1,0.431290
dataset/person_065/img_09.jpg,dataset/person_065/img_12.jpg,1,0.008716
dataset/person_1192/img_01.jpg,dataset/person_1192/img_04.jpg,1,0.389895
dataset/person_1226/img_05.jpg,dataset/person_1226/img_10.jpg,1,0.478254
dataset/person_1244/img_02.jpg,dataset/person_1244/img_03.jpg,1,0.309810
dataset/person_1262/img_05.jpg,dataset/person_1262/img_08.jpg,1,0.199683
dataset/person_1309/img_02.jpg,dataset/person_1309/img_06.jpg,1,0.117138
dataset/person_1326/img_03.jpg,dataset/person_1326/img_08.jpg,1,0.397855
dataset/person_1334/img_09.jpg,dataset/person_1334/img_10.jpg,1,0.631278
dataset/person_1492/img_14.jpg,dataset/person_1492/img_17.jpg,1,0.261153
dataset/person_1531/img_03.jpg,dataset/person_1531/img_05.jpg,1,0.063247
dataset/person_1580/img_25.jpg,dataset/person_1580/img_28.jpg,1,0.473000
dataset/person_1601/img_04.jpg,dataset/person_1601/img_05.jpg,1,0.668628
dataset/person_162/img_05.jpg,dataset/person_162/img_08.jpg,1,0.348478
dataset/person_229/img_11.jpg,dataset/person_229/img_19.jpg,1,0.263489
dataset/person_313/img_09.jpg,dataset/person_313/img_10.jpg,1,0.253618
dataset/person_411/img_01.jpg,dataset/person_411/img_11.jpg,1,0.473616
dataset/person_519/img_05.jpg,dataset/person_519/img_09.jpg,1,0.406651
dataset/person_585/img_09.jpg,dataset/person_585/img_13.jpg,1,0.674091
dataset/person_655/img_02.jpg,dataset/person_655/img_09.jpg,1,0.327230
dataset/person_661/img_03.jpg,dataset/person_661/img_10.jpg,1,0.360020
dataset/person_710/img_01.jpg,dataset/person_710/img_14.jpg,1,0.282654
dataset/person_711/img_18.jpg,dataset/person_711/img_33.jpg,1,0.669525
dataset/person_713/img_08.jpg,dataset/person_713/img_11.jpg,1,0.498458
dataset/person_744/img_05.jpg,dataset/person_744/img_07.jpg,1,0.005295
dataset/person_769/img_04.jpg,dataset/person_769/img_09.jpg,1,0.445794
dataset/person_853/img_07.jpg,dataset/person_853/img_14.jpg,1,0.193324
dataset/person_869/img_03.jpg,dataset/person_869/img_08.jpg,1,0.459143
dataset/person_896/img_01.jpg,dataset/person_896/img_05.jpg,1,0.280274
dataset/person_909/img_02.jpg,dataset/person_909/img_12.jpg,1,0.682713
dataset/person_963/img_01.jpg,dataset/person_963/img_09.jpg,1,0.379087
dataset/person_043/img_06.jpg,dataset/person_043/img_23.jpg,1,0.248166
dataset/person_065/img_20.jpg,dataset/person_065/img_33.jpg,1,0.254218
dataset/person_1192/img_04.jpg,dataset/person_1192/img_06.jpg,1,0.606988
dataset/person_1226/img_06.jpg,dataset/person_1226/img_07.jpg,1,0.459981
dataset/person_1244/img_09.jpg,dataset/person_1244/img_16.jpg,1,0.479731
dataset/person_1262/img_03.jpg,dataset/person_1262/img_09.jpg,1,-0.122410
dataset/person_1309/img_02.jpg,dataset/person_1309/img_10.jpg,1,0.525698
dataset/person_1326/img_04.jpg,dataset/person_1326/img_07.jpg,1,0.330824
dataset/person_1334/img_18.jpg,dataset/person_1334/img_27.jpg,1,0.470147
dataset/person_1492/img_18.jpg,dataset/person_1492/img_33.jpg,1,0.561223
dataset/person_1531/img_08.jpg,dataset/person_1531/img_09.jpg,1,0.217905
dataset/person_1580/img_17.jpg,dataset/person_1580/img_33.jpg,1,0.458727
dataset/person_1601/img_02.jpg,dataset/person_1601/img_06.jpg,1,0.404935
dataset/person_162/img_05.jpg,dataset/person_162/img_09.jpg,1,0.355979
dataset/person_229/img_03.jpg,dataset/person_229/img_11.jpg,1,0.539520
dataset/person_313/img_05.jpg,dataset/person_313/img_08.jpg,1,0.041320
dataset/person_411/img_05.jpg,dataset/person_411/img_08.jpg,1,0.410205
dataset/person_519/img_04.jpg,dataset/person_519/img_09.jpg,1,0.352102
dataset/person_585/img_11.jpg,dataset/person_585/img_12.jpg,1,0.391796
dataset/person_655/img_01.jpg,dataset/person_655/img_12.jpg,1,0.616201
dataset/person_661/img_08.jpg,dataset/person_661/img_12.jpg,1,0.533225
dataset/person_710/img_08.jpg,dataset/person_710/img_15.jpg,1,0.363751
dataset/person_711/img_10.jpg,dataset/person_711/img_47.jpg,1,0.703708
dataset/person_713/img_06.jpg,dataset/person_713/img_08.jpg,1,0.569382
dataset/person_744/img_04.jpg,dataset/person_744/img_08.jpg,1,0.390819
dataset/person_769/img_02.jpg,dataset/person_769/img_11.jpg,1,0.483769
dataset/person_853/img_03.jpg,dataset/person_853/img_16.jpg,1,0.227940
dataset/person_869/img_01.jpg,dataset/person_869/img_06.jpg,1,0.304931
dataset/person_896/img_02.jpg,dataset/person_896/img_13.jpg,1,0.240468
dataset/person_909/img_03.jpg,dataset/person_909/img_15.jpg,1,0.592849
dataset/person_963/img_03.jpg,dataset/person_963/img_06.jpg,1,0.666280
dataset/person_043/img_02.jpg,dataset/person_043/img_36.jpg,1,0.520772
dataset/person_065/img_21.jpg,dataset/person_065/img_34.jpg,1,0.413237
dataset/person_1192/img_03.jpg,dataset/person_1192/img_05.jpg,1,0.409327
dataset/person_1226/img_03.jpg,dataset/person_1226/img_10.jpg,1,0.408271
dataset/person_1244/img_16.jpg,dataset/person_1244/img_20.jpg,1,0.386379
dataset/person_1262/img_06.jpg,dataset/person_1262/img_10.jpg,1,0.476130
dataset/person_1309/img_06.jpg,dataset/person_1309/img_07.jpg,1,0.406806
dataset/person_1326/img_07.jpg,dataset/person_1326/img_08.jpg,1,0.381064
dataset/person_1334/img_11.jpg,dataset/person_1334/img_19.jpg,1,0.654278
dataset/person_1492/img_04.jpg,dataset/person_1492/img_23.jpg,1,0.485397
dataset/person_1531/img_01.jpg,dataset/person_1531/img_03.jpg,1,0.350426
dataset/person_1580/img_08.jpg,dataset/person_1580/img_26.jpg,1,0.402293
dataset/person_1601/img_06.jpg,dataset/person_1601/img_07.jpg,1,0.569899
dataset/person_162/img_01.jpg,dataset/person_162/img_05.jpg,1,0.425955
dataset/person_229/img_16.jpg,dataset/person_229/img_19.jpg,1,0.366339
dataset/person_313/img_01.jpg,dataset/person_313/img_05.jpg,1,-0.152987
dataset/person_411/img_05.jpg,dataset/person_411/img_06.jpg,1,0.461446
dataset/person_519/img_01.jpg,dataset/person_519/img_08.jpg,1,0.382125
dataset/person_585/img_09.jpg,dataset/person_585/img_22.jpg,1,0.622654
dataset/person_655/img_01.jpg,dataset/person_655/img_04.jpg,1,0.476664
dataset/person_661/img_07.jpg,dataset/person_661/img_13.jpg,1,0.432621
dataset/person_710/img_10.jpg,dataset/person_710/img_13.jpg,1,0.423874
dataset/person_711/img_25.jpg,dataset/person_711/img_52.jpg,1,0.511344
dataset/person_713/img_03.jpg,dataset/person_713/img_07.jpg,1,0.508040
dataset/person_744/img_03.jpg,dataset/person_744/img_05.jpg,1,0.240988
dataset/person_769/img_03.jpg,dataset/person_769/img_06.jpg,1,0.576018
dataset/person_853/img_02.jpg,dataset/person_853/img_14.jpg,1,0.388546
dataset/person_869/img_04.jpg,dataset/person_869/img_07.jpg,1,0.462164
dataset/person_896/img_12.jpg,dataset/person_896/img_14.jpg,1,0.245238
dataset/person_909/img_16.jpg,dataset/person_909/img_30.jpg,1,0.575384
dataset/person_963/img_03.jpg,dataset/person_963/img_05.jpg,1,0.513162
dataset/person_043/img_02.jpg,dataset/person_043/img_11.jpg,1,0.325820
dataset/person_065/img_18.jpg,dataset/person_065/img_35.jpg,1,0.342889
dataset/person_1192/img_04.jpg,dataset/person_1192/img_09.jpg,1,0.632846
dataset/person_1226/img_07.jpg,dataset/person_1226/img_10.jpg,1,0.583194
dataset/person_1244/img_10.jpg,dataset/person_1244/img_11.jpg,1,0.260171
dataset/person_1262/img_01.jpg,dataset/person_1262/img_04.jpg,1,0.510309
dataset/person_1309/img_11.jpg,dataset/person_1309/img_12.jpg,1,0.482978
dataset/person_1326/img_07.jpg,dataset/person_1326/img_09.jpg,1,0.387838
dataset/person_1334/img_06.jpg,dataset/person_1334/img_27.jpg,1,0.607832
dataset/person_1492/img_16.jpg,dataset/person_1492/img_32.jpg,1,0.099547
dataset/person_1531/img_04.jpg,dataset/person_1531/img_06.jpg,1,0.011953
dataset/person_1580/img_02.jpg,dataset/person_1580/img_25.jpg,1,0.456878
dataset/person_1601/img_05.jpg,dataset/person_1601/img_08.jpg,1,0.617719
dataset/person_162/img_06.jpg,dataset/person_162/img_08.jpg,1,0.266981
dataset/person_229/img_09.jpg,dataset/person_229/img_13.jpg,1,0.529823
dataset/person_313/img_02.jpg,dataset/person_313/img_08.jpg,1,0.392242
dataset/person_411/img_01.jpg,dataset/person_411/img_08.jpg,1,0.775122
dataset/person_519/img_03.jpg,dataset/person_519/img_07.jpg,1,0.073324
dataset/person_585/img_19.jpg,dataset/person_585/img_20.jpg,1,0.497227
dataset/person_655/img_04.jpg,dataset/person_655/img_07.jpg,1,0.179660
dataset/person_661/img_03.jpg,dataset/person_661/img_05.jpg,1,0.436292
dataset/person_710/img_11.jpg,dataset/person_710/img_17.jpg,1,0.505535
dataset/person_711/img_44.jpg,dataset/person_711/img_51.jpg,1,0.488627
dataset/person_713/img_01.jpg,dataset/person_713/img_04.jpg,1,0.343875
dataset/person_744/img_06.jpg,dataset/person_744/img_09.jpg,1,0.546627
dataset/person_769/img_01.jpg,dataset/person_769/img_06.jpg,1,0.619116
dataset/person_853/img_05.jpg,dataset/person_853/img_18.jpg,1,0.379554
dataset/person_869/img_04.jpg,dataset/person_869/img_05.jpg,1,0.569279
dataset/person_896/img_03.jpg,dataset/person_896/img_14.jpg,1,0.194458
dataset/person_909/img_27.jpg,dataset/person_909/img_32.jpg,1,0.781366
dataset/person_963/img_07.jpg,dataset/person_963/img_08.jpg,1,0.485737
dataset/person_043/img_28.jpg,dataset/person_043/img_31.jpg,1,0.380328
dataset/person_065/img_01.jpg,dataset/person_065/img_19.jpg,1,0.291862
dataset/person_1192/img_03.jpg,dataset/person_1192/img_09.jpg,1,0.635686
dataset/person_1226/img_01.jpg,dataset/person_1226/img_03.jpg,1,0.444270
dataset/person_1244/img_15.jpg,dataset/person_1244/img_19.jpg,1,0.477246
dataset/person_1262/img_08.jpg,dataset/person_1262/img_10.jpg,1,0.382791
dataset/person_1309/img_12.jpg,dataset/person_1309/img_13.jpg,1,0.295474
dataset/person_1326/img_02.jpg,dataset/person_1326/img_08.jpg,1,0.564362
dataset/person_1334/img_02.jpg,dataset/person_1334/img_06.jpg,1,0.642438
dataset/person_1492/img_05.jpg,dataset/person_1492/img_10.jpg,1,0.496332
dataset/person_1531/img_07.jpg,dataset/person_1531/img_09.jpg,1,0.123141
dataset/person_1580/img_01.jpg,dataset/person_1580/img_07.jpg,1,0.404498
dataset/person_1601/img_04.jpg,dataset/person_1601/img_06.jpg,1,0.545065
dataset/person_162/img_01.jpg,dataset/person_162/img_08.jpg,1,0.394850
dataset/person_229/img_13.jpg,dataset/person_229/img_16.jpg,1,0.245014
dataset/person_313/img_01.jpg,dataset/person_313/img_06.jpg,1,0.436177
dataset/person_411/img_01.jpg,dataset/person_411/img_07.jpg,1,0.537821
dataset/person_519/img_02.jpg,dataset/person_519/img_05.jpg,1,0.239108
dataset/person_585/img_04.jpg,dataset/person_585/img_17.jpg,1,0.667817
dataset/person_655/img_07.jpg,dataset/person_655/img_10.jpg,1,0.205847
dataset/person_661/img_03.jpg,dataset/person_661/img_07.jpg,1,0.369924
dataset/person_710/img_14.jpg,dataset/person_710/img_16.jpg,1,0.441343
dataset/person_711/img_13.jpg,dataset/person_711/img_21.jpg,1,0.105448
dataset/person_713/img_05.jpg,dataset/person_713/img_06.jpg,1,0.529149
dataset/person_744/img_15.jpg,dataset/person_744/img_17.jpg,1,0.615213
dataset/person_769/img_10.jpg,dataset/person_769/img_11.jpg,1,0.451250
dataset/person_853/img_14.jpg,dataset/person_853/img_15.jpg,1,0.313201
dataset/person_869/img_01.jpg,dataset/person_869/img_02.jpg,1,0.212966
dataset/person_896/img_06.jpg,dataset/person_896/img_12.jpg,1,0.422792
dataset/person_909/img_11.jpg,dataset/person_909/img_16.jpg,1,0.648324
dataset/person_963/img_08.jpg,dataset/person_963/img_09.jpg,1,0.437323
dataset/person_043/img_07.jpg,dataset/person_043/img_28.jpg,1,0.612425
dataset/person_065/img_03.jpg,dataset/person_065/img_32.jpg,1,0.363890
dataset/person_1192/img_02.jpg,dataset/person_1192/img_09.jpg,1,0.558626
dataset/person_1226/img_04.jpg,dataset/person_1226/img_10.jpg,1,0.320075
dataset/person_1244/img_03.jpg,dataset/person_1244/img_16.jpg,1,0.204417
dataset/person_1262/img_01.jpg,dataset/person_1262/img_09.jpg,1,-0.043646
dataset/person_1309/img_03.jpg,dataset/person_1309/img_07.jpg,1,0.439718
dataset/person_1326/img_01.jpg,dataset/person_1326/img_09.jpg,1,0.355809
dataset/person_1334/img_02.jpg,dataset/person_1334/img_15.jpg,1,0.206576
dataset/person_1492/img_14.jpg,dataset/person_1492/img_25.jpg,1,0.634539
dataset/person_1531/img_05.jpg,dataset/person_1531/img_08.jpg,1,0.121496
dataset/person_1580/img_02.jpg,dataset/person_1580/img_21.jpg,1,0.635222
dataset/person_1601/img_01.jpg,dataset/person_1601/img_08.jpg,1,-0.242476
dataset/person_162/img_03.jpg,dataset/person_162/img_07.jpg,1,0.365411
dataset/person_229/img_07.jpg,dataset/person_229/img_19.jpg,1,0.181555
dataset/person_313/img_04.jpg,dataset/person_313/img_06.jpg,1,0.642272
dataset/person_411/img_05.jpg,dataset/person_411/img_09.jpg,1,0.329309
dataset/person_519/img_02.jpg,dataset/person_519/img_03.jpg,1,-0.110431
dataset/person_585/img_04.jpg,dataset/person_585/img_21.jpg,1,0.673324
dataset/person_655/img_09.jpg,dataset/person_655/img_12.jpg,1,0.264701
dataset/person_661/img_01.jpg,dataset/person_661/img_04.jpg,1,0.535870
dataset/person_710/img_12.jpg,dataset/person_710/img_17.jpg,1,0.470592
dataset/person_711/img_44.jpg,dataset/person_711/img_45.jpg,1,0.389903
dataset/person_713/img_01.jpg,dataset/person_713/img_07.jpg,1,0.318039
dataset/person_744/img_02.jpg,dataset/person_744/img_19.jpg,1,0.604308
dataset/person_769/img_03.jpg,dataset/person_769/img_07.jpg,1,0.466036
dataset/person_853/img_01.jpg,dataset/person_853/img_10.jpg,1,-0.000488
dataset/person_869/img_05.jpg,dataset/person_869/img_07.jpg,1,0.447162
dataset/person_896/img_13.jpg,dataset/person_896/img_14.jpg,1,0.673869
dataset/person_909/img_21.jpg,dataset/person_909/img_31.jpg,1,0.673056
dataset/person_963/img_04.jpg,dataset/person_963/img_09.jpg,1,0.335335
dataset/person_043/img_09.jpg,dataset/person_043/img_30.jpg,1,0.454891
dataset/person_065/img_11.jpg,dataset/person_065/img_18.jpg,1,0.322125
dataset/person_1192/img_01.jpg,dataset/person_1192/img_08.jpg,1,0.314541
dataset/person_1226/img_03.jpg,dataset/person_1226/img_08.jpg,1,0.428255
dataset/person_1244/img_06.jpg,dataset/person_1244/img_11.jpg,1,0.370526
dataset/person_1262/img_06.jpg,dataset/person_1262/img_09.jpg,1,0.074396
dataset/person_1309/img_10.jpg,dataset/person_1309/img_13.jpg,1,0.299668
dataset/person_1334/img_10.jpg,dataset/person_1334/img_20.jpg,1,0.523812
dataset/person_1492/img_16.jpg,dataset/person_1492/img_28.jpg,1,0.200865
dataset/person_1580/img_05.jpg,dataset/person_1580/img_16.jpg,1,0.399841
dataset/person_229/img_02.jpg,dataset/person_229/img_15.jpg,1,0.456929
dataset/person_313/img_07.jpg,dataset/person_313/img_11.jpg,1,0.489347
dataset/person_411/img_02.jpg,dataset/person_411/img_13.jpg,1,0.025475
dataset/person_585/img_11.jpg,dataset/person_585/img_22.jpg,1,0.642697
dataset/person_655/img_03.jpg,dataset/person_655/img_11.jpg,1,0.450733
dataset/person_661/img_01.jpg,dataset/person_661/img_06.jpg,1,0.508624
dataset/person_710/img_04.jpg,dataset/person_710/img_05.jpg,1,0.328048
dataset/person_711/img_39.jpg,dataset/person_711/img_51.jpg,1,0.468420
dataset/person_713/img_05.jpg,dataset/person_713/img_08.jpg,1,0.279602
dataset/person_744/img_02.jpg,dataset/person_744/img_06.jpg,1,0.645675
dataset/person_769/img_06.jpg,dataset/person_769/img_08.jpg,1,0.385458
dataset/person_853/img_05.jpg,dataset/person_853/img_09.jpg,1,0.455945
dataset/person_896/img_04.jpg,dataset/person_896/img_14.jpg,1,0.517142
dataset/person_909/img_17.jpg,dataset/person_909/img_26.jpg,1,0.339530
dataset/person_043/img_03.jpg,dataset/person_043/img_10.jpg,1,-0.015793
dataset/person_065/img_08.jpg,dataset/person_065/img_18.jpg,1,0.126168
dataset/person_1192/img_03.jpg,dataset/person_1192/img_10.jpg,1,0.319352
dataset/person_1226/img_04.jpg,dataset/person_1226/img_07.jpg,1,0.309915
dataset/person_1244/img_11.jpg,dataset/person_1244/img_20.jpg,1,0.371535
dataset/person_1262/img_06.jpg,dataset/person_1262/img_07.jpg,1,0.445604
dataset/person_1309/img_04.jpg,dataset/person_1309/img_11.jpg,1,0.262038
dataset/person_1334/img_09.jpg,dataset/person_1334/img_16.jpg,1,0.478295
dataset/person_1492/img_12.jpg,dataset/person_1492/img_21.jpg,1,0.433721
dataset/person_1580/img_04.jpg,dataset/person_1580/img_25.jpg,1,0.180399
dataset/person_229/img_06.jpg,dataset/person_229/img_18.jpg,1,0.057201
dataset/person_313/img_08.jpg,dataset/person_313/img_11.jpg,1,0.553894
dataset/person_411/img_04.jpg,dataset/person_411/img_06.jpg,1,0.555805
dataset/person_585/img_02.jpg,dataset/person_585/img_09.jpg,1,0.642491
dataset/person_655/img_02.jpg,dataset/person_655/img_12.jpg,1,0.413977
dataset/person_661/img_07.jpg,dataset/person_661/img_08.jpg,1,0.465429
dataset/person_710/img_07.jpg,dataset/person_710/img_08.jpg,1,0.305113
dataset/person_711/img_02.jpg,dataset/person_711/img_45.jpg,1,0.419546
dataset/person_713/img_04.jpg,dataset/person_713/img_12.jpg,1,0.355294
dataset/person_744/img_06.jpg,dataset/person_744/img_19.jpg,1,0.660329
dataset/person_769/img_04.jpg,dataset/person_769/img_05.jpg,1,0.587912
dataset/person_853/img_15.jpg,dataset/person_853/img_16.jpg,1,0.238053
dataset/person_896/img_06.jpg,dataset/person_896/img_10.jpg,1,0.229607
dataset/person_909/img_18.jpg,dataset/person_909/img_26.jpg,1,0.561189
dataset/person_043/img_07.jpg,dataset/person_043/img_33.jpg,1,0.424049
dataset/person_065/img_16.jpg,dataset/person_065/img_26.jpg,1,0.043252
dataset/person_1192/img_02.jpg,dataset/person_1192/img_06.jpg,1,0.452295
dataset/person_1226/img_07.jpg,dataset/person_1226/img_09.jpg,1,0.358093
dataset/person_1244/img_03.jpg,dataset/person_1244/img_04.jpg,1,0.476547
dataset/person_1262/img_04.jpg,dataset/person_1262/img_08.jpg,1,0.217220
dataset/person_1309/img_03.jpg,dataset/person_1309/img_10.jpg,1,0.523132
dataset/person_1334/img_14.jpg,dataset/person_1334/img_17.jpg,1,0.398823
dataset/person_1492/img_20.jpg,dataset/person_1492/img_31.jpg,1,0.500174
dataset/person_1580/img_10.jpg,dataset/person_1580/img_20.jpg,1,0.424404
dataset/person_229/img_04.jpg,dataset/person_229/img_07.jpg,1,0.313931
dataset/person_313/img_05.jpg,dataset/person_313/img_06.jpg,1,-0.029603
dataset/person_411/img_11.jpg,dataset/person_411/img_13.jpg,1,0.012837
dataset/person_585/img_07.jpg,dataset/person_585/img_20.jpg,1,0.459485
dataset/person_655/img_08.jpg,dataset/person_655/img_10.jpg,1,0.497900
dataset/person_661/img_04.jpg,dataset/person_661/img_10.jpg,1,0.451071
dataset/person_710/img_03.jpg,dataset/person_710/img_10.jpg,1,0.461624
dataset/person_711/img_17.jpg,dataset/person_711/img_55.jpg,1,0.317028
dataset/person_713/img_01.jpg,dataset/person_713/img_08.jpg,1,0.238911
dataset/person_744/img_09.jpg,dataset/person_744/img_19.jpg,1,0.610493
dataset/person_769/img_02.jpg,dataset/person_769/img_06.jpg,1,0.489433
dataset/person_853/img_02.jpg,dataset/person_853/img_07.jpg,1,0.399259
dataset/person_896/img_05.jpg,dataset/person_896/img_12.jpg,1,0.348518
dataset/person_909/img_05.jpg,dataset/person_909/img_31.jpg,1,0.598855
dataset/person_043/img_03.jpg,dataset/person_043/img_32.jpg,1,-0.213621
dataset/person_065/img_31.jpg,dataset/person_065/img_35.jpg,1,0.149819
dataset/person_1192/img_07.jpg,dataset/person_1192/img_10.jpg,1,0.162318
dataset/person_1226/img_09.jpg,dataset/person_1226/img_10.jpg,1,0.299312
dataset/person_1244/img_04.jpg,dataset/person_1244/img_11.jpg,1,0.356082
dataset/person_1262/img_03.jpg,dataset/person_1262/img_08.jpg,1,0.310751
dataset/person_1309/img_09.jpg,dataset/person_1309/img_11.jpg,1,0.404287
dataset/person_1334/img_04.jpg,dataset/person_1334/img_11.jpg,1,0.309945
dataset/person_1492/img_17.jpg,dataset/person_1492/img_29.jpg,1,0.240984
dataset/person_1580/img_16.jpg,dataset/person_1580/img_24.jpg,1,0.282327
dataset/person_229/img_11.jpg,dataset/person_229/img_15.jpg,1,0.142406
dataset/person_313/img_03.jpg,dataset/person_313/img_11.jpg,1,0.770599
dataset/person_411/img_10.jpg,dataset/person_411/img_13.jpg,1,0.076458
dataset/person_585/img_01.jpg,dataset/person_585/img_18.jpg,1,0.236273
dataset/person_655/img_01.jpg,dataset/person_655/img_02.jpg,1,0.384525
dataset/person_661/img_08.jpg,dataset/person_661/img_11.jpg,1,0.384430
dataset/person_710/img_06.jpg,dataset/person_710/img_07.jpg,1,0.212375
dataset/person_711/img_18.jpg,dataset/person_711/img_30.jpg,1,0.457843
dataset/person_713/img_03.jpg,dataset/person_713/img_08.jpg,1,0.344631
dataset/person_744/img_04.jpg,dataset/person_744/img_09.jpg,1,0.349066
dataset/person_769/img_01.jpg,dataset/person_769/img_11.jpg,1,0.557935
dataset/person_853/img_10.jpg,dataset/person_853/img_12.jpg,1,0.372760
dataset/person_896/img_02.jpg,dataset/person_896/img_12.jpg,1,0.093173
dataset/person_909/img_09.jpg,dataset/person_909/img_28.jpg,1,0.683561
dataset/person_043/img_34.jpg,dataset/person_043/img_36.jpg,1,0.517354
dataset/person_065/img_11.jpg,dataset/person_065/img_30.jpg,1,0.345910
dataset/person_1192/img_04.jpg,dataset/person_1192/img_08.jpg,1,0.497736
dataset/person_1226/img_03.jpg,dataset/person_1226/img_07.jpg,1,0.580685
dataset/person_1244/img_02.jpg,dataset/person_1244/img_10.jpg,1,0.385540
dataset/person_1262/img_01.jpg,dataset/person_1262/img_02.jpg,1,0.442597
dataset/person_1309/img_05.jpg,dataset/person_1309/img_09.jpg,1,0.276855
dataset/person_1334/img_01.jpg,dataset/person_1334/img_17.jpg,1,0.489801
dataset/person_1492/img_02.jpg,dataset/person_1492/img_12.jpg,1,0.525199
dataset/person_1580/img_10.jpg,dataset/person_1580/img_24.jpg,1,0.502967
dataset/person_229/img_05.jpg,dataset/person_229/img_18.jpg,1,0.529529
dataset/person_313/img_03.jpg,dataset/person_313/img_08.jpg,1,0.498656
dataset/person_411/img_06.jpg,dataset/person_411/img_08.jpg,1,0.677516
dataset/person_585/img_05.jpg,dataset/person_585/img_14.jpg,1,0.639632
dataset/person_655/img_07.jpg,dataset/person_655/img_08.jpg,1,0.171657
dataset/person_661/img_01.jpg,dataset/person_661/img_02.jpg,1,0.541394
dataset/person_710/img_05.jpg,dataset/person_710/img_14.jpg,1,-0.124098
dataset/person_711/img_19.jpg,dataset/person_711/img_54.jpg,1,0.540177
dataset/person_713/img_03.jpg,dataset/person_713/img_05.jpg,1,0.284622
dataset/person_744/img_07.jpg,dataset/person_744/img_15.jpg,1,0.423297
dataset/person_769/img_03.jpg,dataset/person_769/img_04.jpg,1,0.675844
dataset/person_853/img_04.jpg,dataset/person_853/img_14.jpg,1,0.276864
dataset/person_896/img_12.jpg,dataset/person_896/img_13.jpg,1,0.115621
dataset/person_909/img_10.jpg,dataset/person_909/img_32.jpg,1,-0.119726
dataset/person_043/img_35.jpg,dataset/person_043/img_38.jpg,1,0.282564
dataset/person_065/img_14.jpg,dataset/person_065/img_28.jpg,1,0.452274
dataset/person_1192/img_04.jpg,dataset/person_1192/img_10.jpg,1,0.267311
dataset/person_1226/img_06.jpg,dataset/person_1226/img_08.jpg,1,0.425858
dataset/person_1244/img_11.jpg,dataset/person_1244/img_18.jpg,1,0.567913
dataset/person_1262/img_02.jpg,dataset/person_1262/img_07.jpg,1,0.490399
dataset/person_1309/img_03.jpg,dataset/person_1309/img_12.jpg,1,0.497623
dataset/person_1334/img_03.jpg,dataset/person_1334/img_26.jpg,1,0.567294
dataset/person_1492/img_10.jpg,dataset/person_1492/img_28.jpg,1,0.187864
dataset/person_1580/img_11.jpg,dataset/person_1580/img_22.jpg,1,0.332430
dataset/person_229/img_09.jpg,dataset/person_229/img_12.jpg,1,0.330741
dataset/person_313/img_03.jpg,dataset/person_313/img_06.jpg,1,0.477617
dataset/person_411/img_04.jpg,dataset/person_411/img_07.jpg,1,0.546235
dataset/person_585/img_17.jpg,dataset/person_585/img_21.jpg,1,0.698607
dataset/person_655/img_01.jpg,dataset/person_655/img_07.jpg,1,0.242000
dataset/person_661/img_07.jpg,dataset/person_661/img_10.jpg,1,0.650180
dataset/person_710/img_04.jpg,dataset/person_710/img_07.jpg,1,0.106165
dataset/person_711/img_42.jpg,dataset/person_711/img_52.jpg,1,0.489358
dataset/person_713/img_06.jpg,dataset/person_713/img_11.jpg,1,0.464523
dataset/person_744/img_04.jpg,dataset/person_744/img_12.jpg,1,0.417486
dataset/person_769/img_08.jpg,dataset/person_769/img_09.jpg,1,0.627941
dataset/person_853/img_07.jpg,dataset/person_853/img_10.jpg,1,0.463296
dataset/person_896/img_06.jpg,dataset/person_896/img_13.jpg,1,0.427090
dataset/person_909/img_24.jpg,dataset/person_909/img_30.jpg,1,0.728442
dataset/person_043/img_15.jpg,dataset/person_043/img_39.jpg,1,0.352268
dataset/person_065/img_20.jpg,dataset/person_065/img_30.jpg,1,0.318524
dataset/person_1192/img_02.jpg,dataset/person_1192/img_08.jpg,1,0.494770
dataset/person_1226/img_02.jpg,dataset/person_1226/img_05.jpg,1,0.361312
dataset/person_1244/img_04.jpg,dataset/person_1244/img_16.jpg,1,0.292001
dataset/person_1262/img_08.jpg,dataset/person_1262/img_09.jpg,1,-0.097406
dataset/person_1309/img_04.jpg,dataset/person_1309/img_06.jpg,1,0.271870
dataset/person_1334/img_11.jpg,dataset/person_1334/img_21.jpg,1,0.497960
dataset/person_1492/img_09.jpg,dataset/person_1492/img_10.jpg,1,0.291030
dataset/person_1580/img_12.jpg,dataset/person_1580/img_13.jpg,1,0.214266
dataset/person_229/img_05.jpg,dataset/person_229/img_07.jpg,1,0.717233
dataset/person_313/img_01.jpg,dataset/person_313/img_03.jpg,1,0.508528
dataset/person_411/img_05.jpg,dataset/person_411/img_12.jpg,1,0.475042
dataset/person_585/img_10.jpg,dataset/person_585/img_21.jpg,1,0.441554
dataset/person_655/img_07.jpg,dataset/person_655/img_13.jpg,1,0.161436
dataset/person_661/img_11.jpg,dataset/person_661/img_13.jpg,1,0.473808
dataset/person_710/img_07.jpg,dataset/person_710/img_16.jpg,1,0.295574
dataset/person_711/img_14.jpg,dataset/person_711/img_31.jpg,1,0.573115
dataset/person_713/img_01.jpg,dataset/person_713/img_10.jpg,1,0.302685
dataset/person_744/img_11.jpg,dataset/person_744/img_13.jpg,1,0.921430
dataset/person_769/img_05.jpg,dataset/person_769/img_08.jpg,1,0.546564
dataset/person_853/img_08.jpg,dataset/person_853/img_19.jpg,1,-0.005526
dataset/person_896/img_07.jpg,dataset/person_896/img_10.jpg,1,0.332236
dataset/person_909/img_11.jpg,dataset/person_909/img_14.jpg,1,0.761717
dataset/person_043/img_26.jpg,dataset/person_043/img_27.jpg,1,0.608243
dataset/person_065/img_25.jpg,dataset/person_065/img_29.jpg,1,0.413511
dataset/person_1192/img_09.jpg,dataset/person_1192/img_10.jpg,1,0.437595
dataset/person_1226/img_02.jpg,dataset/person_1226/img_10.jpg,1,0.423920
dataset/person_1244/img_03.jpg,dataset/person_1244/img_17.jpg,1,0.156621
dataset/person_1262/img_02.jpg,dataset/person_1262/img_03.jpg,1,0.363349
dataset/person_1309/img_08.jpg,dataset/person_1309/img_11.jpg,1,0.281730
dataset/person_1334/img_01.jpg,dataset/person_1334/img_19.jpg,1,0.360866
dataset/person_1492/img_10.jpg,dataset/person_1492/img_29.jpg,1,0.475803
dataset/person_1580/img_14.jpg,dataset/person_1580/img_29.jpg,1,0.455987
dataset/person_229/img_10.jpg,dataset/person_229/img_19.jpg,1,0.321593
dataset/person_313/img_02.jpg,dataset/person_313/img_09.jpg,1,0.384198
dataset/person_411/img_09.jpg,dataset/person_411/img_10.jpg,1,0.597560
dataset/person_585/img_05.jpg,dataset/person_585/img_11.jpg,1,0.853375
dataset/person_655/img_05.jpg,dataset/person_655/img_07.jpg,1,0.266555
dataset/person_661/img_03.jpg,dataset/person_661/img_12.jpg,1,0.380805
dataset/person_710/img_01.jpg,dataset/person_710/img_15.jpg,1,0.146118
dataset/person_711/img_28.jpg,dataset/person_711/img_52.jpg,1,0.481273
dataset/person_713/img_03.jpg,dataset/person_713/img_12.jpg,1,0.446017
dataset/person_744/img_03.jpg,dataset/person_744/img_06.jpg,1,0.530104
dataset/person_769/img_07.jpg,dataset/person_769/img_10.jpg,1,0.481235
dataset/person_853/img_05.jpg,dataset/person_853/img_17.jpg,1,0.424942
dataset/person_896/img_02.jpg,dataset/person_896/img_05.jpg,1,0.219222
dataset/person_909/img_13.jpg,dataset/person_909/img_20.jpg,1,0.698831
dataset/person_043/img_12.jpg,dataset/person_043/img_23.jpg,1,0.513674
dataset/person_065/img_13.jpg,dataset/person_065/img_24.jpg,1,0.360986
dataset/person_1192/img_06.jpg,dataset/person_1192/img_09.jpg,1,0.699506
dataset/person_1226/img_03.jpg,dataset/person_1226/img_04.jpg,1,0.465223
dataset/person_1244/img_03.jpg,dataset/person_1244/img_11.jpg,1,0.119037
dataset/person_1262/img_02.jpg,dataset/person_1262/img_04.jpg,1,0.521008
dataset/person_1309/img_03.jpg,dataset/person_1309/img_13.jpg,1,0.357424
dataset/person_1334/img_03.jpg,dataset/person_1334/img_17.jpg,1,0.598747
dataset/person_1492/img_15.jpg,dataset/person_1492/img_19.jpg,1,0.166910
dataset/person_1580/img_11.jpg,dataset/person_1580/img_31.jpg,1,0.426209
dataset/person_229/img_01.jpg,dataset/person_229/img_13.jpg,1,0.424498
dataset/person_313/img_02.jpg,dataset/person_313/img_06.jpg,1,0.426771
dataset/person_411/img_08.jpg,dataset/person_411/img_12.jpg,1,0.486102
dataset/person_585/img_13.jpg,dataset/person_585/img_17.jpg,1,0.674528
dataset/person_655/img_01.jpg,dataset/person_655/img_11.jpg,1,0.589687
dataset/person_661/img_04.jpg,dataset/person_661/img_05.jpg,1,0.534675
dataset/person_710/img_01.jpg,dataset/person_710/img_07.jpg,1,0.170033
dataset/person_711/img_03.jpg,dataset/person_711/img_07.jpg,1,0.439893
dataset/person_713/img_10.jpg,dataset/person_713/img_11.jpg,1,0.491786
dataset/person_744/img_07.jpg,dataset/person_744/img_18.jpg,1,0.348530
dataset/person_769/img_02.jpg,dataset/person_769/img_07.jpg,1,0.444564
dataset/person_853/img_02.jpg,dataset/person_853/img_12.jpg,1,0.178227
dataset/person_896/img_11.jpg,dataset/person_896/img_13.jpg,1,0.121834
dataset/person_909/img_02.jpg,dataset/person_909/img_17.jpg,1,0.432650
dataset/person_043/img_05.jpg,dataset/person_043/img_26.jpg,1,0.551097
dataset/person_065/img_17.jpg,dataset/person_065/img_29.jpg,1,0.532988
dataset/person_1192/img_01.jpg,dataset/person_1192/img_11.jpg,1,0.353624
dataset/person_1244/img_03.jpg,dataset/person_1244/img_06.jpg,1,0.223756
dataset/person_1309/img_05.jpg,dataset/person_1309/img_07.jpg,1,0.712336
dataset/person_1334/img_02.jpg,dataset/person_1334/img_11.jpg,1,0.451162
dataset/person_1492/img_07.jpg,dataset/person_1492/img_16.jpg,1,0.214680
dataset/person_1580/img_29.jpg,dataset/person_1580/img_32.jpg,1,0.602628
dataset/person_229/img_02.jpg,dataset/person_229/img_05.jpg,1,0.399683
dataset/person_313/img_04.jpg,dataset/person_313/img_08.jpg,1,0.561996
dataset/person_411/img_09.jpg,dataset/person_411/img_12.jpg,1,0.545375
dataset/person_585/img_04.jpg,dataset/person_585/img_11.jpg,1,0.639414
dataset/person_655/img_08.jpg,dataset/person_655/img_09.jpg,1,0.580701
dataset/person_661/img_05.jpg,dataset/person_661/img_06.jpg,1,0.715047
dataset/person_710/img_02.jpg,dataset/person_710/img_08.jpg,1,0.300423
dataset/person_711/img_01.jpg,dataset/person_711/img_28.jpg,1,0.452144
dataset/person_713/img_02.jpg,dataset/person_713/img_12.jpg,1,0.344488
dataset/person_744/img_05.jpg,dataset/person_744/img_15.jpg,1,0.050546
dataset/person_769/img_01.jpg,dataset/person_769/img_04.jpg,1,0.405132
dataset/person_853/img_05.jpg,dataset/person_853/img_07.jpg,1,0.503259
dataset/person_896/img_07.jpg,dataset/person_896/img_12.jpg,1,0.516561
dataset/person_909/img_05.jpg,dataset/person_909/img_13.jpg,1,0.567283
dataset/person_043/img_12.jpg,dataset/person_043/img_29.jpg,1,0.538476
dataset/person_065/img_12.jpg,dataset/person_065/img_32.jpg,1,0.075635
dataset/person_1192/img_05.jpg,dataset/person_1192/img_09.jpg,1,0.481938
dataset/person_1244/img_12.jpg,dataset/person_1244/img_18.jpg,1,0.635810
dataset/person_1309/img_06.jpg,dataset/person_1309/img_13.jpg,1,0.604849
dataset/person_1334/img_06.jpg,dataset/person_1334/img_07.jpg,1,0.562109
dataset/person_1492/img_02.jpg,dataset/person_1492/img_10.jpg,1,0.510765
dataset/person_1580/img_09.jpg,dataset/person_1580/img_10.jpg,1,0.484869
dataset/person_229/img_07.jpg,dataset/person_229/img_18.jpg,1,0.418441
dataset/person_313/img_02.jpg,dataset/person_313/img_10.jpg,1,0.485614
dataset/person_411/img_03.jpg,dataset/person_411/img_11.jpg,1,0.507373
dataset/person_585/img_11.jpg,dataset/person_585/img_14.jpg,1,0.642913
dataset/person_655/img_01.jpg,dataset/person_655/img_06.jpg,1,0.372978
dataset/person_661/img_08.jpg,dataset/person_661/img_14.jpg,1,0.251085
dataset/person_710/img_05.jpg,dataset/person_710/img_11.jpg,1,0.148554
dataset/person_711/img_11.jpg,dataset/person_711/img_31.jpg,1,0.405360
dataset/person_713/img_08.jpg,dataset/person_713/img_09.jpg,1,0.371286
dataset/person_744/img_05.jpg,dataset/person_744/img_20.jpg,1,0.064151
dataset/person_769/img_06.jpg,dataset/person_769/img_11.jpg,1,0.549049
dataset/person_853/img_13.jpg,dataset/person_853/img_15.jpg,1,0.879998
dataset/person_896/img_09.jpg,dataset/person_896/img_11.jpg,1,0.482919
dataset/person_909/img_09.jpg,dataset/person_909/img_31.jpg,1,0.701698
dataset/person_043/img_12.jpg,dataset/person_043/img_13.jpg,1,0.676100
dataset/person_065/img_13.jpg,dataset/person_065/img_32.jpg,1,0.350235
dataset/person_1192/img_03.jpg,dataset/person_1192/img_11.jpg,1,0.629926
dataset/person_1244/img_03.jpg,dataset/person_1244/img_12.jpg,1,0.364575
dataset/person_1309/img_09.jpg,dataset/person_1309/img_10.jpg,1,0.509551
dataset/person_1334/img_09.jpg,dataset/person_1334/img_17.jpg,1,0.440466
dataset/person_1492/img_22.jpg,dataset/person_1492/img_30.jpg,1,0.172829
dataset/person_1580/img_07.jpg,dataset/person_1580/img_22.jpg,1,0.635642
dataset/person_229/img_06.jpg,dataset/person_229/img_14.jpg,1,0.516710
dataset/person_313/img_04.jpg,dataset/person_313/img_11.jpg,1,0.612863
dataset/person_411/img_02.jpg,dataset/person_411/img_09.jpg,1,0.430268
dataset/person_585/img_18.jpg,dataset/person_585/img_20.jpg,1,0.425826
dataset/person_655/img_03.jpg,dataset/person_655/img_04.jpg,1,0.868925
dataset/person_661/img_04.jpg,dataset/person_661/img_11.jpg,1,0.391840
dataset/person_710/img_02.jpg,dataset/person_710/img_04.jpg,1,-0.024850
dataset/person_711/img_09.jpg,dataset/person_711/img_21.jpg,1,0.448035
dataset/person_713/img_04.jpg,dataset/person_713/img_07.jpg,1,0.320011
dataset/person_744/img_08.jpg,dataset/person_744/img_11.jpg,1,0.769843
dataset/person_769/img_02.jpg,dataset/person_769/img_08.jpg,1,0.473322
dataset/person_853/img_10.jpg,dataset/person_853/img_17.jpg,1,0.371666
dataset/person_896/img_08.jpg,dataset/person_896/img_14.jpg,1,0.241228
dataset/person_909/img_13.jpg,dataset/person_909/img_30.jpg,1,0.682806
dataset/person_043/img_07.jpg,dataset/person_043/img_09.jpg,1,0.380242
dataset/person_065/img_19.jpg,dataset/person_065/img_25.jpg,1,0.306963
dataset/person_1192/img_01.jpg,dataset/person_1192/img_10.jpg,1,0.339032
dataset/person_1244/img_09.jpg,dataset/person_1244/img_12.jpg,1,0.631364
dataset/person_1309/img_07.jpg,dataset/person_1309/img_09.jpg,1,0.297353
dataset/person_1334/img_09.jpg,dataset/person_1334/img_15.jpg,1,0.532112
dataset/person_1492/img_11.jpg,dataset/person_1492/img_25.jpg,1,0.488456
dataset/person_1580/img_07.jpg,dataset/person_1580/img_31.jpg,1,0.561313
dataset/person_229/img_03.jpg,dataset/person_229/img_07.jpg,1,0.595109
dataset/person_313/img_07.jpg,dataset/person_313/img_10.jpg,1,0.628986
dataset/person_411/img_06.jpg,dataset/person_411/img_11.jpg,1,0.530511
dataset/person_585/img_11.jpg,dataset/person_585/img_13.jpg,1,0.659478
dataset/person_655/img_04.jpg,dataset/person_655/img_13.jpg,1,0.445427
dataset/person_661/img_09.jpg,dataset/person_661/img_10.jpg,1,0.374195
dataset/person_710/img_13.jpg,dataset/person_710/img_16.jpg,1,0.392652
dataset/person_711/img_34.jpg,dataset/person_711/img_51.jpg,1,0.420442
dataset/person_713/img_02.jpg,dataset/person_713/img_04.jpg,1,0.210208
dataset/person_744/img_10.jpg,dataset/person_744/img_14.jpg,1,0.566143
dataset/person_769/img_01.jpg,dataset/person_769/img_10.jpg,1,0.406944
dataset/person_853/img_16.jpg,dataset/person_853/img_18.jpg,1,0.407710
dataset/person_896/img_08.jpg,dataset/person_896/img_10.jpg,1,0.701212
dataset/person_909/img_17.jpg,dataset/person_909/img_21.jpg,1,0.577909
dataset/person_043/img_29.jpg,dataset/person_043/img_30.jpg,1,0.392941
dataset/person_065/img_10.jpg,dataset/person_065/img_18.jpg,1,0.362197
dataset/person_1192/img_04.jpg,dataset/person_1192/img_07.jpg,1,0.552833
dataset/person_1244/img_08.jpg,dataset/person_1244/img_15.jpg,1,0.463791
dataset/person_1309/img_08.jpg,dataset/person_1309/img_09.jpg,1,0.129592
dataset/person_1334/img_09.jpg,dataset/person_1334/img_26.jpg,1,0.693883
dataset/person_1492/img_02.jpg,dataset/person_1492/img_28.jpg,1,0.199147
dataset/person_1580/img_09.jpg,dataset/person_1580/img_19.jpg,1,0.412685
dataset/person_229/img_08.jpg,dataset/person_229/img_09.jpg,1,0.632635
dataset/person_313/img_02.jpg,dataset/person_313/img_05.jpg,1,-0.129512
dataset/person_411/img_01.jpg,dataset/person_411/img_09.jpg,1,0.461587
dataset/person_585/img_14.jpg,dataset/person_585/img_15.jpg,1,0.230236
dataset/person_655/img_01.jpg,dataset/person_655/img_05.jpg,1,0.244941
dataset/person_661/img_11.jpg,dataset/person_661/img_14.jpg,1,0.420064
dataset/person_710/img_08.jpg,dataset/person_710/img_10.jpg,1,0.451650
dataset/person_711/img_21.jpg,dataset/person_711/img_39.jpg,1,0.377252
dataset/person_713/img_03.jpg,dataset/person_713/img_06.jpg,1,0.394700
dataset/person_744/img_02.jpg,dataset/person_744/img_17.jpg,1,0.530194
dataset/person_769/img_01.jpg,dataset/person_769/img_02.jpg,1,0.731815
dataset/person_853/img_11.jpg,dataset/person_853/img_16.jpg,1,0.329223
dataset/person_896/img_02.jpg,dataset/person_896/img_10.jpg,1,0.039747
dataset/person_909/img_14.jpg,dataset/person_909/img_29.jpg,1,0.699414
dataset/person_043/img_08.jpg,dataset/person_043/img_37.jpg,1,0.265959
dataset/person_065/img_26.jpg,dataset/person_065/img_31.jpg,1,0.297017
dataset/person_1192/img_08.jpg,dataset/person_1192/img_10.jpg,1,0.416778
dataset/person_1244/img_08.jpg,dataset/person_1244/img_11.jpg,1,0.492964
dataset/person_1309/img_06.jpg,dataset/person_1309/img_11.jpg,1,0.053348
dataset/person_1334/img_16.jpg,dataset/person_1334/img_22.jpg,1,0.446046
dataset/person_1492/img_01.jpg,dataset/person_1492/img_33.jpg,1,0.508594
dataset/person_1580/img_17.jpg,dataset/person_1580/img_21.jpg,1,0.499649
dataset/person_229/img_06.jpg,dataset/person_229/img_17.jpg,1,0.144773
dataset/person_313/img_01.jpg,dataset/person_313/img_11.jpg,1,0.453607
dataset/person_411/img_02.jpg,dataset/person_411/img_06.jpg,1,0.519454
dataset/person_585/img_03.jpg,dataset/person_585/img_11.jpg,1,0.736834
dataset/person_655/img_01.jpg,dataset/person_655/img_10.jpg,1,0.326922
dataset/person_661/img_05.jpg,dataset/person_661/img_12.jpg,1,0.532345
dataset/person_710/img_03.jpg,dataset/person_710/img_05.jpg,1,-0.035501
dataset/person_711/img_10.jpg,dataset/person_711/img_22.jpg,1,0.305274
dataset/person_713/img_02.jpg,dataset/person_713/img_03.jpg,1,0.425317
dataset/person_744/img_03.jpg,dataset/person_744/img_19.jpg,1,0.559152
dataset/person_769/img_09.jpg,dataset/person_769/img_11.jpg,1,0.658100
dataset/person_853/img_07.jpg,dataset/person_853/img_15.jpg,1,0.275104
dataset/person_896/img_02.jpg,dataset/person_896/img_14.jpg,1,0.354686
dataset/person_909/img_14.jpg,dataset/person_909/img_32.jpg,1,0.701307
dataset/person_043/img_27.jpg,dataset/person_043/img_28.jpg,1,0.597647
dataset/person_065/img_09.jpg,dataset/person_065/img_23.jpg,1,0.243730
dataset/person_1192/img_08.jpg,dataset/person_1192/img_11.jpg,1,0.487915
dataset/person_1244/img_05.jpg,dataset/person_1244/img_18.jpg,1,0.436964
dataset/person_1309/img_01.jpg,dataset/person_1309/img_13.jpg,1,0.186331
dataset/person_1334/img_01.jpg,dataset/person_1334/img_18.jpg,1,0.546655
dataset/person_1492/img_19.jpg,dataset/person_1492/img_21.jpg,1,0.351623
dataset/person_1580/img_14.jpg,dataset/person_1580/img_24.jpg,1,0.666889
dataset/person_229/img_06.jpg,dataset/person_229/img_16.jpg,1,0.079624
dataset/person_313/img_06.jpg,dataset/person_313/img_11.jpg,1,0.559543
dataset/person_411/img_05.jpg,dataset/person_411/img_11.jpg,1,0.367019
dataset/person_585/img_02.jpg,dataset/person_585/img_20.jpg,1,0.517982
dataset/person_655/img_02.jpg,dataset/person_655/img_11.jpg,1,0.406362
dataset/person_661/img_04.jpg,dataset/person_661/img_08.jpg,1,0.347743
dataset/person_710/img_06.jpg,dataset/person_710/img_15.jpg,1,0.301494
dataset/person_711/img_36.jpg,dataset/person_711/img_39.jpg,1,0.312132
dataset/person_713/img_05.jpg,dataset/person_713/img_09.jpg,1,0.207663
dataset/person_744/img_12.jpg,dataset/person_744/img_13.jpg,1,0.902748
dataset/person_769/img_06.jpg,dataset/person_769/img_09.jpg,1,0.499105
dataset/person_853/img_13.jpg,dataset/person_853/img_17.jpg,1,0.252324
dataset/person_896/img_04.jpg,dataset/person_896/img_12.jpg,1,0.300522
dataset/person_909/img_02.jpg,dataset/person_909/img_11.jpg,1,0.742686
dataset/person_043/img_02.jpg,dataset/person_043/img_38.jpg,1,0.297984
dataset/person_065/img_08.jpg,dataset/person_065/img_28.jpg,1,0.333258
dataset/person_1192/img_05.jpg,dataset/person_1192/img_06.jpg,1,0.408094
dataset/person_1244/img_05.jpg,dataset/person_1244/img_16.jpg,1,0.303310
dataset/person_1309/img_04.jpg,dataset/person_1309/img_09.jpg,1,0.349774
dataset/person_1334/img_04.jpg,dataset/person_1334/img_08.jpg,1,0.403822
dataset/person_1492/img_11.jpg,dataset/person_1492/img_17.jpg,1,0.322111
dataset/person_1580/img_12.jpg,dataset/person_1580/img_17.jpg,1,0.308865
dataset/person_229/img_05.jpg,dataset/person_229/img_17.jpg,1,0.544266
dataset/person_313/img_05.jpg,dataset/person_313/img_10.jpg,1,-0.133584
dataset/person_411/img_07.jpg,dataset/person_411/img_12.jpg,1,0.217716
dataset/person_585/img_08.jpg,dataset/person_585/img_15.jpg,1,0.304188
dataset/person_655/img_05.jpg,dataset/person_655/img_08.jpg,1,0.130768
dataset/person_661/img_01.jpg,dataset/person_661/img_08.jpg,1,0.249528
dataset/person_710/img_02.jpg,dataset/person_710/img_12.jpg,1,0.149574
dataset/person_711/img_37.jpg,dataset/person_711/img_50.jpg,1,0.351763
dataset/person_713/img_03.jpg,dataset/person_713/img_09.jpg,1,0.319948
dataset/person_744/img_03.jpg,dataset/person_744/img_18.jpg,1,0.494904
dataset/person_769/img_05.jpg,dataset/person_769/img_07.jpg,1,0.467405
dataset/person_853/img_11.jpg,dataset/person_853/img_17.jpg,1,0.401679
dataset/person_896/img_04.jpg,dataset/person_896/img_11.jpg,1,0.433458
dataset/person_909/img_15.jpg,dataset/person_909/img_23.jpg,1,0.730357
dataset/person_043/img_24.jpg,dataset/person_043/img_27.jpg,1,0.520804
dataset/person_065/img_04.jpg,dataset/person_065/img_29.jpg,1,0.469212
dataset/person_1192/img_01.jpg,dataset/person_1192/img_05.jpg,1,0.222816
dataset/person_1244/img_03.jpg,dataset/person_1244/img_05.jpg,1,0.720049
dataset/person_1309/img_05.jpg,dataset/person_1309/img_12.jpg,1,0.300775
dataset/person_1334/img_11.jpg,dataset/person_1334/img_27.jpg,1,0.492324
dataset/person_1492/img_22.jpg,dataset/person_1492/img_23.jpg,1,0.542347
dataset/person_1580/img_14.jpg,dataset/person_1580/img_30.jpg,1,0.410250
dataset/person_229/img_01.jpg,dataset/person_229/img_07.jpg,1,0.585434
dataset/person_313/img_01.jpg,dataset/person_313/img_08.jpg,1,0.489011
dataset/person_411/img_02.jpg,dataset/person_411/img_03.jpg,1,0.494652
dataset/person_585/img_04.jpg,dataset/person_585/img_06.jpg,1,0.409148
dataset/person_655/img_02.jpg,dataset/person_655/img_05.jpg,1,0.447111
dataset/person_661/img_03.jpg,dataset/person_661/img_06.jpg,1,0.526194
dataset/person_710/img_02.jpg,dataset/person_710/img_11.jpg,1,0.296718
dataset/person_711/img_17.jpg,dataset/person_711/img_27.jpg,1,0.317004
dataset/person_713/img_08.jpg,dataset/person_713/img_12.jpg,1,0.420853
dataset/person_744/img_10.jpg,dataset/person_744/img_17.jpg,1,0.763155
dataset/person_769/img_01.jpg,dataset/person_769/img_08.jpg,1,0.452063
dataset/person_853/img_02.jpg,dataset/person_853/img_10.jpg,1,0.309390
dataset/person_896/img_05.jpg,dataset/person_896/img_06.jpg,1,0.592737
dataset/person_909/img_13.jpg,dataset/person_909/img_32.jpg,1,0.736037
dataset/person_043/img_30.jpg,dataset/person_043/img_32.jpg,1,0.300806
dataset/person_065/img_07.jpg,dataset/person_065/img_16.jpg,1,0.060187
dataset/person_1192/img_02.jpg,dataset/person_1192/img_03.jpg,1,0.523098
dataset/person_1244/img_08.jpg,dataset/person_1244/img_09.jpg,1,0.682294
dataset/person_1309/img_04.jpg,dataset/person_1309/img_13.jpg,1,0.245724
dataset/person_1334/img_09.jpg,dataset/person_1334/img_19.jpg,1,0.512992
dataset/person_1492/img_10.jpg,dataset/person_1492/img_17.jpg,1,0.089037
dataset/person_1580/img_10.jpg,dataset/person_1580/img_15.jpg,1,0.407377
dataset/person_229/img_11.jpg,dataset/person_229/img_17.jpg,1,0.451844
dataset/person_313/img_06.jpg,dataset/person_313/img_09.jpg,1,0.304865
dataset/person_411/img_04.jpg,dataset/person_411/img_13.jpg,1,0.040595
dataset/person_585/img_01.jpg,dataset/person_585/img_16.jpg,1,0.329760
dataset/person_655/img_06.jpg,dataset/person_655/img_09.jpg,1,0.395283
dataset/person_661/img_02.jpg,dataset/person_661/img_05.jpg,1,0.631052
dataset/person_710/img_01.jpg,dataset/person_710/img_17.jpg,1,0.375323
dataset/person_711/img_31.jpg,dataset/person_711/img_52.jpg,1,0.676623
dataset/person_713/img_01.jpg,dataset/person_713/img_06.jpg,1,0.206585
dataset/person_744/img_10.jpg,dataset/person_744/img_20.jpg,1,0.535839
dataset/person_769/img_01.jpg,dataset/person_769/img_05.jpg,1,0.587720
dataset/person_853/img_09.jpg,dataset/person_853/img_10.jpg,1,0.310602
dataset/person_896/img_03.jpg,dataset/person_896/img_13.jpg,1,0.379756
dataset/person_909/img_11.jpg,dataset/person_909/img_23.jpg,1,0.793356
dataset/person_043/img_05.jpg,dataset/person_043/img_35.jpg,1,0.219780
dataset/person_065/img_12.jpg,dataset/person_065/img_17.jpg,1,-0.088625
dataset/person_1244/img_01.jpg,dataset/person_1244/img_19.jpg,1,0.492147
dataset/person_1309/img_07.jpg,dataset/person_1309/img_12.jpg,1,0.373639
dataset/person_1334/img_09.jpg,dataset/person_1334/img_20.jpg,1,0.488157
dataset/person_1492/img_04.jpg,dataset/person_1492/img_15.jpg,1,0.243393
dataset/person_1580/img_03.jpg,dataset/person_1580/img_18.jpg,1,0.452109
dataset/person_229/img_08.jpg,dataset/person_229/img_10.jpg,1,0.591987
dataset/person_411/img_01.jpg,dataset/person_411/img_03.jpg,1,0.617501
dataset/person_585/img_21.jpg,dataset/person_585/img_22.jpg,1,0.680179
dataset/person_655/img_03.jpg,dataset/person_655/img_08.jpg,1,0.244889
dataset/person_661/img_06.jpg,dataset/person_661/img_14.jpg,1,0.368931
dataset/person_710/img_04.jpg,dataset/person_710/img_10.jpg,1,-0.121362
dataset/person_711/img_28.jpg,dataset/person_711/img_41.jpg,1,0.320947
dataset/person_713/img_10.jpg,dataset/person_713/img_12.jpg,1,0.247688
dataset/person_744/img_09.jpg,dataset/person_744/img_20.jpg,1,0.577164
dataset/person_853/img_01.jpg,dataset/person_853/img_13.jpg,1,-0.020535
dataset/person_896/img_02.jpg,dataset/person_896/img_03.jpg,1,0.302706
dataset/person_909/img_19.jpg,dataset/person_909/img_23.jpg,1,0.637473
dataset/person_043/img_19.jpg,dataset/person_043/img_35.jpg,1,0.240546
dataset/person_065/img_04.jpg,dataset/person_065/img_28.jpg,1,0.370669
dataset/person_1244/img_08.jpg,dataset/person_1244/img_17.jpg,1,0.380385
dataset/person_1309/img_02.jpg,dataset/person_1309/img_12.jpg,1,0.405313
dataset/person_1334/img_20.jpg,dataset/person_1334/img_22.jpg,1,0.441914
dataset/person_1492/img_11.jpg,dataset/person_1492/img_30.jpg,1,0.181373
dataset/person_1580/img_06.jpg,dataset/person_1580/img_33.jpg,1,0.227774
dataset/person_229/img_08.jpg,dataset/person_229/img_13.jpg,1,0.818958
dataset/person_411/img_06.jpg,dataset/person_411/img_09.jpg,1,0.498416
dataset/person_585/img_06.jpg,dataset/person_585/img_15.jpg,1,0.268476
dataset/person_655/img_03.jpg,dataset/person_655/img_05.jpg,1,0.395656
dataset/person_661/img_02.jpg,dataset/person_661/img_12.jpg,1,0.445415
dataset/person_710/img_02.jpg,dataset/person_710/img_14.jpg,1,0.401032
dataset/person_711/img_33.jpg,dataset/person_711/img_37.jpg,1,0.400159
dataset/person_713/img_03.jpg,dataset/person_713/img_10.jpg,1,0.237629
dataset/person_744/img_02.jpg,dataset/person_744/img_18.jpg,1,0.618557
dataset/person_853/img_04.jpg,dataset/person_853/img_10.jpg,1,0.093330
dataset/person_896/img_07.jpg,dataset/person_896/img_11.jpg,1,0.218003
dataset/person_909/img_12.jpg,dataset/person_909/img_23.jpg,1,0.782436
dataset/person_043/img_08.jpg,dataset/person_043/img_14.jpg,1,0.186916
dataset/person_065/img_07.jpg,dataset/person_065/img_08.jpg,1,0.452647
dataset/person_1244/img_08.jpg,dataset/person_1244/img_10.jpg,1,0.487725
dataset/person_1309/img_01.jpg,dataset/person_1309/img_04.jpg,1,0.267294
dataset/person_1334/img_02.jpg,dataset/person_1334/img_16.jpg,1,0.386177
dataset/person_1492/img_10.jpg,dataset/person_1492/img_33.jpg,1,0.517818
dataset/person_1580/img_01.jpg,dataset/person_1580/img_14.jpg,1,0.461067
dataset/person_229/img_03.jpg,dataset/person_229/img_10.jpg,1,0.394606
dataset/person_411/img_03.jpg,dataset/person_411/img_12.jpg,1,0.437948
dataset/person_585/img_14.jpg,dataset/person_585/img_22.jpg,1,0.649058
dataset/person_655/img_10.jpg,dataset/person_655/img_13.jpg,1,0.373399
dataset/person_661/img_02.jpg,dataset/person_661/img_14.jpg,1,0.407761
dataset/person_710/img_11.jpg,dataset/person_710/img_15.jpg,1,0.179178
dataset/person_711/img_08.jpg,dataset/person_711/img_54.jpg,1,0.482548
dataset/person_713/img_09.jpg,dataset/person_713/img_11.jpg,1,0.412599
dataset/person_744/img_07.jpg,dataset/person_744/img_19.jpg,1,0.448109
dataset/person_853/img_04.jpg,dataset/person_853/img_18.jpg,1,0.159162
dataset/person_896/img_03.jpg,dataset/person_896/img_09.jpg,1,0.090001
dataset/person_909/img_06.jpg,dataset/person_909/img_21.jpg,1,0.735663
dataset/person_043/img_05.jpg,dataset/person_043/img_27.jpg,1,0.376070
dataset/person_065/img_07.jpg,dataset/person_065/img_15.jpg,1,0.272333
dataset/person_1244/img_05.jpg,dataset/person_1244/img_13.jpg,1,0.371741
dataset/person_1309/img_07.jpg,dataset/person_1309/img_10.jpg,1,0.232854
dataset/person_1334/img_03.jpg,dataset/person_1334/img_23.jpg,1,0.627690
dataset/person_1492/img_03.jpg,dataset/person_1492/img_17.jpg,1,0.163670
dataset/person_1580/img_32.jpg,dataset/person_1580/img_33.jpg,1,0.297647
dataset/person_229/img_02.jpg,dataset/person_229/img_03.jpg,1,0.445309
dataset/person_411/img_11.jpg,dataset/person_411/img_12.jpg,1,0.356443
dataset/person_585/img_05.jpg,dataset/person_585/img_09.jpg,1,0.659956
dataset/person_655/img_03.jpg,dataset/person_655/img_09.jpg,1,0.282616
dataset/person_661/img_01.jpg,dataset/person_661/img_11.jpg,1,0.257949
dataset/person_710/img_07.jpg,dataset/person_710/img_09.jpg,1,0.348353
dataset/person_711/img_08.jpg,dataset/person_711/img_48.jpg,1,0.641293
dataset/person_713/img_06.jpg,dataset/person_713/img_10.jpg,1,0.272618
dataset/person_744/img_03.jpg,dataset/person_744/img_04.jpg,1,0.365060
dataset/person_853/img_01.jpg,dataset/person_853/img_05.jpg,1,0.068795
dataset/person_896/img_01.jpg,dataset/person_896/img_10.jpg,1,0.415143
dataset/person_909/img_13.jpg,dataset/person_909/img_21.jpg,1,0.721884
dataset/person_043/img_16.jpg,dataset/person_043/img_25.jpg,1,0.519646
dataset/person_065/img_08.jpg,dataset/person_065/img_13.jpg,1,0.237301
dataset/person_1244/img_05.jpg,dataset/person_1244/img_06.jpg,1,0.294984
dataset/person_1309/img_10.jpg,dataset/person_1309/img_11.jpg,1,0.348435
dataset/person_1334/img_14.jpg,dataset/person_1334/img_26.jpg,1,0.491940
dataset/person_1492/img_03.jpg,dataset/person_1492/img_25.jpg,1,0.335700
dataset/person_1580/img_02.jpg,dataset/person_1580/img_24.jpg,1,0.654224
dataset/person_229/img_10.jpg,dataset/person_229/img_11.jpg,1,0.575850
dataset/person_411/img_02.jpg,dataset/person_411/img_11.jpg,1,0.544162
dataset/person_585/img_02.jpg,dataset/person_585/img_17.jpg,1,0.651315
dataset/person_655/img_03.jpg,dataset/person_655/img_13.jpg,1,0.465045
dataset/person_661/img_07.jpg,dataset/person_661/img_09.jpg,1,0.456514
dataset/person_710/img_09.jpg,dataset/person_710/img_10.jpg,1,0.542582
dataset/person_711/img_13.jpg,dataset/person_711/img_34.jpg,1,0.104914
dataset/person_713/img_09.jpg,dataset/person_713/img_10.jpg,1,0.351270
dataset/person_744/img_15.jpg,dataset/person_744/img_16.jpg,1,0.575115
dataset/person_853/img_07.jpg,dataset/person_853/img_17.jpg,1,0.458449
dataset/person_896/img_01.jpg,dataset/person_896/img_14.jpg,1,0.311280
dataset/person_909/img_01.jpg,dataset/person_909/img_29.jpg,1,0.523544
dataset/person_043/img_12.jpg,dataset/person_043/img_38.jpg,1,0.441158
dataset/person_065/img_21.jpg,dataset/person_065/img_27.jpg,1,0.433045
dataset/person_1244/img_01.jpg,dataset/person_1244/img_16.jpg,1,0.287033
dataset/person_1309/img_02.jpg,dataset/person_1309/img_11.jpg,1,0.448052
dataset/person_1334/img_17.jpg,dataset/person_1334/img_25.jpg,1,0.467422
dataset/person_1492/img_06.jpg,dataset/person_1492/img_24.jpg,1,0.480399
dataset/person_1580/img_06.jpg,dataset/person_1580/img_08.jpg,1,0.645338
dataset/person_229/img_10.jpg,dataset/person_229/img_18.jpg,1,0.316086
dataset/person_411/img_01.jpg,dataset/person_411/img_06.jpg,1,0.635260
dataset/person_585/img_01.jpg,dataset/person_585/img_08.jpg,1,0.464999
dataset/person_655/img_05.jpg,dataset/person_655/img_12.jpg,1,0.136307
dataset/person_661/img_05.jpg,dataset/person_661/img_10.jpg,1,0.591232
dataset/person_710/img_07.jpg,dataset/person_710/img_13.jpg,1,0.258446
dataset/person_711/img_21.jpg,dataset/person_711/img_51.jpg,1,0.581470
dataset/person_713/img_04.jpg,dataset/person_713/img_11.jpg,1,0.480783
dataset/person_744/img_05.jpg,dataset/person_744/img_17.jpg,1,0.152067
dataset/person_853/img_04.jpg,dataset/person_853/img_15.jpg,1,0.227034
dataset/person_896/img_11.jpg,dataset/person_896/img_12.jpg,1,0.302175
dataset/person_909/img_07.jpg,dataset/person_909/img_12.jpg,1,0.634601
dataset/person_043/img_09.jpg,dataset/person_043/img_10.jpg,1,0.307085
dataset/person_065/img_10.jpg,dataset/person_065/img_24.jpg,1,0.354436
dataset/person_1244/img_06.jpg,dataset/person_1244/img_12.jpg,1,0.416146
dataset/person_1309/img_06.jpg,dataset/person_1309/img_08.jpg,1,0.506363
dataset/person_1334/img_10.jpg,dataset/person_1334/img_16.jpg,1,0.682401
dataset/person_1492/img_20.jpg,dataset/person_1492/img_21.jpg,1,0.376158
dataset/person_1580/img_08.jpg,dataset/person_1580/img_18.jpg,1,0.398289
dataset/person_229/img_02.jpg,dataset/person_229/img_16.jpg,1,0.491211
dataset/person_411/img_08.jpg,dataset/person_411/img_10.jpg,1,0.742215
dataset/person_585/img_12.jpg,dataset/person_585/img_21.jpg,1,0.296403
dataset/person_655/img_03.jpg,dataset/person_655/img_10.jpg,1,0.438752
dataset/person_661/img_10.jpg,dataset/person_661/img_12.jpg,1,0.399563
dataset/person_710/img_04.jpg,dataset/person_710/img_13.jpg,1,-0.139001
dataset/person_711/img_08.jpg,dataset/person_711/img_15.jpg,1,0.514039
dataset/person_713/img_02.jpg,dataset/person_713/img_09.jpg,1,0.215724
dataset/person_744/img_01.jpg,dataset/person_744/img_19.jpg,1,0.621129
dataset/person_853/img_08.jpg,dataset/person_853/img_17.jpg,1,-0.037385
dataset/person_896/img_03.jpg,dataset/person_896/img_10.jpg,1,0.175940
dataset/person_909/img_11.jpg,dataset/person_909/img_20.jpg,1,0.770670
dataset/person_043/img_26.jpg,dataset/person_043/img_32.jpg,1,0.398560
dataset/person_065/img_10.jpg,dataset/person_065/img_30.jpg,1,0.554554
dataset/person_1244/img_01.jpg,dataset/person_1244/img_20.jpg,1,0.503953
dataset/person_1309/img_11.jpg,dataset/person_1309/img_13.jpg,1,0.175066
dataset/person_1334/img_07.jpg,dataset/person_1334/img_27.jpg,1,0.502379
dataset/person_1492/img_10.jpg,dataset/person_1492/img_25.jpg,1,0.511561
dataset/person_1580/img_02.jpg,dataset/person_1580/img_14.jpg,1,0.680404
dataset/person_229/img_03.jpg,dataset/person_229/img_14.jpg,1,0.452370
dataset/person_411/img_04.jpg,dataset/person_411/img_10.jpg,1,0.621693
dataset/person_585/img_08.jpg,dataset/person_585/img_10.jpg,1,0.569562
dataset/person_655/img_01.jpg,dataset/person_655/img_13.jpg,1,0.439092
dataset/person_661/img_01.jpg,dataset/person_661/img_07.jpg,1,0.320218
dataset/person_710/img_11.jpg,dataset/person_710/img_16.jpg,1,0.502904
dataset/person_711/img_42.jpg,dataset/person_711/img_47.jpg,1,0.783940
dataset/person_713/img_07.jpg,dataset/person_713/img_11.jpg,1,0.409520
dataset/person_744/img_02.jpg,dataset/person_744/img_14.jpg,1,0.617966
dataset/person_853/img_02.jpg,dataset/person_853/img_04.jpg,1,0.377647
dataset/person_896/img_08.jpg,dataset/person_896/img_11.jpg,1,0.410384
dataset/person_909/img_23.jpg,dataset/person_909/img_31.jpg,1,0.752040
dataset/person_043/img_21.jpg,dataset/person_043/img_22.jpg,1,0.387637
dataset/person_065/img_04.jpg,dataset/person_065/img_08.jpg,1,0.144588
dataset/person_1244/img_10.jpg,dataset/person_1244/img_20.jpg,1,0.370993
dataset/person_1309/img_01.jpg,dataset/person_1309/img_08.jpg,1,0.148114
dataset/person_1334/img_07.jpg,dataset/person_1334/img_09.jpg,1,0.647551
dataset/person_1492/img_28.jpg,dataset/person_1492/img_31.jpg,1,0.370383
dataset/person_1580/img_02.jpg,dataset/person_1580/img_30.jpg,1,0.513303
dataset/person_229/img_03.jpg,dataset/person_229/img_19.jpg,1,0.232707
dataset/person_411/img_03.jpg,dataset/person_411/img_06.jpg,1,0.643819
dataset/person_585/img_04.jpg,dataset/person_585/img_20.jpg,1,0.359530
dataset/person_655/img_06.jpg,dataset/person_655/img_08.jpg,1,0.308088
dataset/person_661/img_08.jpg,dataset/person_661/img_09.jpg,1,0.687784
dataset/person_710/img_11.jpg,dataset/person_710/img_12.jpg,1,0.569084
dataset/person_711/img_03.jpg,dataset/person_711/img_49.jpg,1,0.441736
dataset/person_713/img_06.jpg,dataset/person_713/img_07.jpg,1,0.616714
dataset/person_744/img_02.jpg,dataset/person_744/img_07.jpg,1,0.577970
dataset/person_853/img_02.jpg,dataset/person_853/img_09.jpg,1,0.583521
dataset/person_896/img_04.jpg,dataset/person_896/img_05.jpg,1,0.461346
dataset/person_909/img_01.jpg,dataset/person_909/img_07.jpg,1,0.569997
dataset/person_043/img_07.jpg,dataset/person_043/img_19.jpg,1,0.445470
dataset/person_065/img_07.jpg,dataset/person_065/img_17.jpg,1,0.601996
dataset/person_1244/img_04.jpg,dataset/person_1244/img_10.jpg,1,0.478922
dataset/person_1309/img_03.jpg,dataset/person_1309/img_04.jpg,1,0.439257
dataset/person_1334/img_06.jpg,dataset/person_1334/img_14.jpg,1,0.552302
dataset/person_1492/img_02.jpg,dataset/person_1492/img_30.jpg,1,0.241335
dataset/person_1580/img_19.jpg,dataset/person_1580/img_22.jpg,1,0.561843
dataset/person_229/img_04.jpg,dataset/person_229/img_19.jpg,1,0.332890
dataset/person_411/img_03.jpg,dataset/person_411/img_08.jpg,1,0.589051
dataset/person_585/img_12.jpg,dataset/person_585/img_22.jpg,1,0.215614
dataset/person_655/img_05.jpg,dataset/person_655/img_10.jpg,1,0.381913
dataset/person_661/img_13.jpg,dataset/person_661/img_14.jpg,1,0.660631
dataset/person_710/img_09.jpg,dataset/person_710/img_17.jpg,1,0.516961
dataset/person_711/img_08.jpg,dataset/person_711/img_34.jpg,1,0.444932
dataset/person_713/img_06.jpg,dataset/person_713/img_12.jpg,1,0.493940
dataset/person_744/img_09.jpg,dataset/person_744/img_16.jpg,1,0.673922
dataset/person_853/img_03.jpg,dataset/person_853/img_12.jpg,1,0.344419
dataset/person_896/img_03.jpg,dataset/person_896/img_07.jpg,1,0.186626
dataset/person_909/img_09.jpg,dataset/person_909/img_30.jpg,1,0.588424
dataset/person_043/img_10.jpg,dataset/person_043/img_37.jpg,1,0.322099
dataset/person_065/img_11.jpg,dataset/person_065/img_20.jpg,1,0.504735
dataset/person_1244/img_04.jpg,dataset/person_1244/img_08.jpg,1,0.535798
dataset/person_1309/img_03.jpg,dataset/person_1309/img_06.jpg,1,0.241695
dataset/person_1334/img_03.jpg,dataset/person_1334/img_11.jpg,1,0.574602
dataset/person_1492/img_25.jpg,dataset/person_1492/img_26.jpg,1,0.312443
dataset/person_1580/img_15.jpg,dataset/person_1580/img_32.jpg,1,0.435337
dataset/person_229/img_01.jpg,dataset/person_229/img_08.jpg,1,0.433525
dataset/person_411/img_02.jpg,dataset/person_411/img_10.jpg,1,0.528432
dataset/person_585/img_06.jpg,dataset/person_585/img_19.jpg,1,0.278470
dataset/person_655/img_05.jpg,dataset/person_655/img_11.jpg,1,0.221453
dataset/person_661/img_06.jpg,dataset/person_661/img_09.jpg,1,0.446622
dataset/person_710/img_15.jpg,dataset/person_710/img_17.jpg,1,0.261181
dataset/person_711/img_07.jpg,dataset/person_711/img_54.jpg,1,0.550016
dataset/person_713/img_04.jpg,dataset/person_713/img_06.jpg,1,0.294857
dataset/person_744/img_07.jpg,dataset/person_744/img_16.jpg,1,0.337248
dataset/person_853/img_08.jpg,dataset/person_853/img_14.jpg,1,0.105109
dataset/person_896/img_05.jpg,dataset/person_896/img_13.jpg,1,0.460655
dataset/person_909/img_09.jpg,dataset/person_909/img_22.jpg,1,0.396477
dataset/person_043/img_02.jpg,dataset/person_043/img_22.jpg,1,0.451792
dataset/person_065/img_08.jpg,dataset/person_065/img_24.jpg,1,0.374106
dataset/person_1244/img_01.jpg,dataset/person_1244/img_06.jpg,1,0.604200
dataset/person_1309/img_06.jpg,dataset/person_1309/img_09.jpg,1,0.019939
dataset/person_1334/img_01.jpg,dataset/person_1334/img_15.jpg,1,0.483810
dataset/person_1492/img_04.jpg,dataset/person_1492/img_17.jpg,1,0.227186
dataset/person_1580/img_03.jpg,dataset/person_1580/img_13.jpg,1,0.417770
dataset/person_229/img_06.jpg,dataset/person_229/img_13.jpg,1,0.428134
dataset/person_411/img_04.jpg,dataset/person_411/img_12.jpg,1,0.433006
dataset/person_585/img_11.jpg,dataset/person_585/img_21.jpg,1,0.694824
dataset/person_655/img_12.jpg,dataset/person_655/img_13.jpg,1,0.590338
dataset/person_661/img_07.jpg,dataset/person_661/img_14.jpg,1,0.467009
dataset/person_710/img_05.jpg,dataset/person_710/img_12.jpg,1,0.015177
dataset/person_711/img_26.jpg,dataset/person_711/img_29.jpg,1,0.646952
dataset/person_744/img_08.jpg,dataset/person_744/img_09.jpg,1,0.684014
dataset/person_853/img_07.jpg,dataset/person_853/img_08.jpg,1,-0.169372
dataset/person_896/img_01.jpg,dataset/person_896/img_06.jpg,1,0.267892
dataset/person_909/img_10.jpg,dataset/person_909/img_30.jpg,1,-0.047120
dataset/person_043/img_07.jpg,dataset/person_043/img_29.jpg,1,0.508250
dataset/person_065/img_14.jpg,dataset/person_065/img_20.jpg,1,0.237286
dataset/person_1244/img_01.jpg,dataset/person_1244/img_09.jpg,1,0.477430
dataset/person_1309/img_01.jpg,dataset/person_1309/img_12.jpg,1,0.364111
dataset/person_1334/img_25.jpg,dataset/person_1334/img_26.jpg,1,0.392901
dataset/person_1492/img_15.jpg,dataset/person_1492/img_26.jpg,1,0.185356
dataset/person_1580/img_07.jpg,dataset/person_1580/img_09.jpg,1,0.249789
dataset/person_229/img_09.jpg,dataset/person_229/img_16.jpg,1,0.304827
dataset/person_411/img_02.jpg,dataset/person_411/img_04.jpg,1,0.575718
dataset/person_585/img_06.jpg,dataset/person_585/img_11.jpg,1,0.553183
dataset/person_655/img_09.jpg,dataset/person_655/img_10.jpg,1,0.528853
dataset/person_661/img_06.jpg,dataset/person_661/img_07.jpg,1,0.631580
dataset/person_710/img_07.jpg,dataset/person_710/img_15.jpg,1,0.248403
dataset/person_711/img_05.jpg,dataset/person_711/img_40.jpg,1,0.172006
dataset/person_744/img_01.jpg,dataset/person_744/img_20.jpg,1,0.589447
dataset/person_853/img_09.jpg,dataset/person_853/img_19.jpg,1,0.509583
dataset/person_896/img_01.jpg,dataset/person_896/img_11.jpg,1,0.383740
dataset/person_909/img_21.jpg,dataset/person_909/img_23.jpg,1,0.705296
dataset/person_043/img_01.jpg,dataset/person_043/img_34.jpg,1,0.231529
dataset/person_065/img_06.jpg,dataset/person_065/img_30.jpg,1,0.140475
dataset/person_1244/img_03.jpg,dataset/person_1244/img_14.jpg,1,0.277510
dataset/person_1309/img_02.jpg,dataset/person_1309/img_05.jpg,1,0.225644
dataset/person_1334/img_13.jpg,dataset/person_1334/img_23.jpg,1,0.404199
dataset/person_1492/img_12.jpg,dataset/person_1492/img_14.jpg,1,0.735444
dataset/person_1580/img_06.jpg,dataset/person_1580/img_16.jpg,1,0.276209
dataset/person_229/img_14.jpg,dataset/person_229/img_15.jpg,1,0.227078
dataset/person_411/img_01.jpg,dataset/person_411/img_02.jpg,1,0.657353
dataset/person_585/img_01.jpg,dataset/person_585/img_11.jpg,1,0.347470
dataset/person_655/img_05.jpg,dataset/person_655/img_06.jpg,1,0.240779
dataset/person_661/img_03.jpg,dataset/person_661/img_04.jpg,1,0.511233
dataset/person_710/img_08.jpg,dataset/person_710/img_11.jpg,1,0.452324
dataset/person_711/img_17.jpg,dataset/person_711/img_46.jpg,1,0.202948
dataset/person_744/img_06.jpg,dataset/person_744/img_15.jpg,1,0.615519
dataset/person_853/img_16.jpg,dataset/person_853/img_19.jpg,1,0.489062
dataset/person_896/img_02.jpg,dataset/person_896/img_11.jpg,1,0.319646
dataset/person_909/img_12.jpg,dataset/person_909/img_20.jpg,1,0.666452
dataset/person_043/img_10.jpg,dataset/person_043/img_28.jpg,1,0.336136
dataset/person_065/img_11.jpg,dataset/person_065/img_26.jpg,1,0.561830
dataset/person_1244/img_17.jpg,dataset/person_1244/img_19.jpg,1,0.474526
dataset/person_1309/img_02.jpg,dataset/person_1309/img_13.jpg,1,0.123409
dataset/person_1334/img_23.jpg,dataset/person_1334/img_27.jpg,1,0.527191
dataset/person_1492/img_09.jpg,dataset/person_1492/img_32.jpg,1,0.317002
dataset/person_1580/img_06.jpg,dataset/person_1580/img_32.jpg,1,0.368496
dataset/person_229/img_02.jpg,dataset/person_229/img_07.jpg,1,0.374996
dataset/person_411/img_05.jpg,dataset/person_411/img_10.jpg,1,0.266076
dataset/person_585/img_18.jpg,dataset/person_585/img_22.jpg,1,0.842830
dataset/person_655/img_04.jpg,dataset/person_655/img_09.jpg,1,0.354156
dataset/person_661/img_01.jpg,dataset/person_661/img_12.jpg,1,0.491991
dataset/person_710/img_09.jpg,dataset/person_710/img_11.jpg,1,0.439825
dataset/person_711/img_02.jpg,dataset/person_711/img_32.jpg,1,0.450402
dataset/person_744/img_01.jpg,dataset/person_744/img_05.jpg,1,0.173766
dataset/person_853/img_15.jpg,dataset/person_853/img_17.jpg,1,0.249433
dataset/person_896/img_07.jpg,dataset/person_896/img_14.jpg,1,0.480936
dataset/person_909/img_16.jpg,dataset/person_909/img_32.jpg,1,0.634036
dataset/person_043/img_13.jpg,dataset/person_043/img_34.jpg,1,0.229307
dataset/person_065/img_01.jpg,dataset/person_065/img_16.jpg,1,0.055891
dataset/person_1244/img_02.jpg,dataset/person_1244/img_20.jpg,1,0.577588
dataset/person_1309/img_07.jpg,dataset/person_1309/img_13.jpg,1,0.624717
dataset/person_1334/img_10.jpg,dataset/person_1334/img_11.jpg,1,0.634994
dataset/person_1492/img_02.jpg,dataset/person_1492/img_17.jpg,1,0.323668
dataset/person_1580/img_09.jpg,dataset/person_1580/img_15.jpg,1,0.323073
dataset/person_229/img_01.jpg,dataset/person_229/img_05.jpg,1,0.495582
dataset/person_411/img_07.jpg,dataset/person_411/img_10.jpg,1,0.583776
dataset/person_585/img_09.jpg,dataset/person_585/img_16.jpg,1,0.771825
dataset/person_655/img_07.jpg,dataset/person_655/img_12.jpg,1,0.215821
dataset/person_661/img_06.jpg,dataset/person_661/img_11.jpg,1,0.449526
dataset/person_710/img_12.jpg,dataset/person_710/img_14.jpg,1,0.291861
dataset/person_711/img_20.jpg,dataset/person_711/img_43.jpg,1,0.504388
dataset/person_744/img_11.jpg,dataset/person_744/img_19.jpg,1,0.619965
dataset/person_853/img_03.jpg,dataset/person_853/img_10.jpg,1,0.330841
dataset/person_896/img_07.jpg,dataset/person_896/img_09.jpg,1,0.436119
dataset/person_909/img_06.jpg,dataset/person_909/img_31.jpg,1,0.774020
dataset/person_043/img_08.jpg,dataset/person_043/img_38.jpg,1,0.210725
dataset/person_065/img_04.jpg,dataset/person_065/img_35.jpg,1,0.328664
dataset/person_1244/img_01.jpg,dataset/person_1244/img_11.jpg,1,0.487875
dataset/person_1309/img_01.jpg,dataset/person_1309/img_10.jpg,1,0.469746
dataset/person_1334/img_03.jpg,dataset/person_1334/img_13.jpg,1,0.474512
dataset/person_1492/img_10.jpg,dataset/person_1492/img_20.jpg,1,0.610274
dataset/person_1580/img_17.jpg,dataset/person_1580/img_27.jpg,1,0.522443
dataset/person_229/img_12.jpg,dataset/person_229/img_14.jpg,1,0.524701
dataset/person_411/img_05.jpg,dataset/person_411/img_07.jpg,1,0.232584
dataset/person_585/img_12.jpg,dataset/person_585/img_17.jpg,1,0.284170
dataset/person_655/img_04.jpg,dataset/person_655/img_11.jpg,1,0.462767
dataset/person_661/img_07.jpg,dataset/person_661/img_11.jpg,1,0.478288
dataset/person_710/img_04.jpg,dataset/person_710/img_15.jpg,1,-0.097862
dataset/person_711/img_12.jpg,dataset/person_711/img_45.jpg,1,0.291903
dataset/person_744/img_15.jpg,dataset/person_744/img_18.jpg,1,0.562302
dataset/person_853/img_02.jpg,dataset/person_853/img_03.jpg,1,0.435022
dataset/person_896/img_09.jpg,dataset/person_896/img_12.jpg,1,0.477151
dataset/person_909/img_08.jpg,dataset/person_909/img_28.jpg,1,0.672477
dataset/person_043/img_02.jpg,dataset/person_043/img_32.jpg,1,0.551522
dataset/person_065/img_10.jpg,dataset/person_065/img_21.jpg,1,0.534252
dataset/person_1244/img_10.jpg,dataset/person_1244/img_14.jpg,1,0.464967
dataset/person_1309/img_03.jpg,dataset/person_1309/img_05.jpg,1,0.467956
dataset/person_1334/img_06.jpg,dataset/person_1334/img_21.jpg,1,0.698140
dataset/person_1492/img_24.jpg,dataset/person_1492/img_27.jpg,1,0.594274
dataset/person_1580/img_04.jpg,dataset/person_1580/img_17.jpg,1,0.330317
dataset/person_229/img_04.jpg,dataset/person_229/img_11.jpg,1,0.451068
dataset/person_411/img_07.jpg,dataset/person_411/img_09.jpg,1,0.350859
dataset/person_585/img_05.jpg,dataset/person_585/img_15.jpg,1,0.168929
dataset/person_655/img_06.jpg,dataset/person_655/img_11.jpg,1,0.126750
dataset/person_661/img_01.jpg,dataset/person_661/img_10.jpg,1,0.213343
dataset/person_710/img_05.jpg,dataset/person_710/img_09.jpg,1,-0.004403
dataset/person_711/img_29.jpg,dataset/person_711/img_35.jpg,1,0.256186
dataset/person_744/img_08.jpg,dataset/person_744/img_20.jpg,1,0.686146
dataset/person_853/img_07.jpg,dataset/person_853/img_13.jpg,1,0.375302
dataset/person_896/img_01.jpg,dataset/person_896/img_04.jpg,1,0.386197
dataset/person_909/img_07.jpg,dataset/person_909/img_17.jpg,1,0.415898
dataset/person_043/img_07.jpg,dataset/person_043/img_11.jpg,1,0.377060
dataset/person_065/img_02.jpg,dataset/person_065/img_15.jpg,1,0.257936
dataset/person_1244/img_07.jpg,dataset/person_1244/img_19.jpg,1,0.542583
dataset/person_1309/img_08.jpg,dataset/person_1309/img_12.jpg,1,0.237854
dataset/person_1334/img_06.jpg,dataset/person_1334/img_20.jpg,1,0.428773
dataset/person_1492/img_18.jpg,dataset/person_1492/img_25.jpg,1,0.529200
dataset/person_1580/img_10.jpg,dataset/person_1580/img_25.jpg,1,0.387870
dataset/person_229/img_05.jpg,dataset/person_229/img_11.jpg,1,0.490985
dataset/person_411/img_06.jpg,dataset/person_411/img_10.jpg,1,0.541146
dataset/person_585/img_03.jpg,dataset/person_585/img_19.jpg,1,0.293979
dataset/person_655/img_04.jpg,dataset/person_655/img_12.jpg,1,0.371229
dataset/person_661/img_01.jpg,dataset/person_661/img_03.jpg,1,0.369562
dataset/person_710/img_05.jpg,dataset/person_710/img_07.jpg,1,0.060391
dataset/person_711/img_12.jpg,dataset/person_711/img_15.jpg,1,0.249408
dataset/person_744/img_10.jpg,dataset/person_744/img_15.jpg,1,0.683371
dataset/person_853/img_01.jpg,dataset/person_853/img_14.jpg,1,0.134460
dataset/person_896/img_09.jpg,dataset/person_896/img_14.jpg,1,0.262172
dataset/person_909/img_21.jpg,dataset/person_909/img_32.jpg,1,0.683104
dataset/person_043/img_21.jpg,dataset/person_043/img_32.jpg,1,0.442991
dataset/person_065/img_02.jpg,dataset/person_065/img_24.jpg,1,0.190894
dataset/person_1244/img_07.jpg,dataset/person_1244/img_18.jpg,1,0.715845
dataset/person_1309/img_03.jpg,dataset/person_1309/img_11.jpg,1,0.533380
dataset/person_1334/img_19.jpg,dataset/person_1334/img_27.jpg,1,0.419377
dataset/person_1492/img_01.jpg,dataset/person_1492/img_30.jpg,1,0.318508
dataset/person_1580/img_22.jpg,dataset/person_1580/img_30.jpg,1,0.521089
dataset/person_229/img_18.jpg,dataset/person_229/img_19.jpg,1,0.270450
dataset/person_411/img_09.jpg,dataset/person_411/img_11.jpg,1,0.359587
dataset/person_585/img_08.jpg,dataset/person_585/img_19.jpg,1,0.515742
dataset/person_655/img_06.jpg,dataset/person_655/img_12.jpg,1,0.262519
dataset/person_661/img_04.jpg,dataset/person_661/img_06.jpg,1,0.538928
dataset/person_710/img_07.jpg,dataset/person_710/img_12.jpg,1,0.043160
dataset/person_711/img_06.jpg,dataset/person_711/img_13.jpg,1,0.135064
dataset/person_744/img_08.jpg,dataset/person_744/img_13.jpg,1,0.820659
dataset/person_853/img_05.jpg,dataset/person_853/img_06.jpg,1,0.373338
dataset/person_896/img_04.jpg,dataset/person_896/img_10.jpg,1,0.145814
dataset/person_909/img_06.jpg,dataset/person_909/img_12.jpg,1,0.832040
dataset/person_043/img_10.jpg,dataset/person_043/img_27.jpg,1,0.263188
dataset/person_065/img_11.jpg,dataset/person_065/img_16.jpg,1,0.196128
dataset/person_1244/img_01.jpg,dataset/person_1244/img_13.jpg,1,0.311033
dataset/person_1309/img_06.jpg,dataset/person_1309/img_12.jpg,1,0.151289
dataset/person_1334/img_05.jpg,dataset/person_1334/img_17.jpg,1,0.394338
dataset/person_1492/img_27.jpg,dataset/person_1492/img_31.jpg,1,0.511459
dataset/person_1580/img_21.jpg,dataset/person_1580/img_32.jpg,1,0.303572
dataset/person_229/img_05.jpg,dataset/person_229/img_10.jpg,1,0.250033
dataset/person_411/img_10.jpg,dataset/person_411/img_12.jpg,1,0.422528
dataset/person_585/img_07.jpg,dataset/person_585/img_18.jpg,1,0.513498
dataset/person_655/img_09.jpg,dataset/person_655/img_11.jpg,1,0.185923
dataset/person_661/img_03.jpg,dataset/person_661/img_08.jpg,1,0.342597
dataset/person_710/img_04.jpg,dataset/person_710/img_09.jpg,1,-0.032953
dataset/person_711/img_50.jpg,dataset/person_711/img_55.jpg,1,0.190810
dataset/person_744/img_12.jpg,dataset/person_744/img_16.jpg,1,0.760665
dataset/person_853/img_14.jpg,dataset/person_853/img_16.jpg,1,0.578886
dataset/person_896/img_05.jpg,dataset/person_896/img_07.jpg,1,0.321894
dataset/person_909/img_06.jpg,dataset/person_909/img_10.jpg,1,-0.076044
dataset/person_043/img_07.jpg,dataset/person_043/img_12.jpg,1,0.600455
dataset/person_065/img_23.jpg,dataset/person_065/img_30.jpg,1,0.418952
dataset/person_1244/img_05.jpg,dataset/person_1244/img_14.jpg,1,0.371980
dataset/person_1309/img_05.jpg,dataset/person_1309/img_08.jpg,1,0.518627
dataset/person_1334/img_07.jpg,dataset/person_1334/img_13.jpg,1,0.468353
dataset/person_1492/img_03.jpg,dataset/person_1492/img_08.jpg,1,0.341881
dataset/person_1580/img_09.jpg,dataset/person_1580/img_25.jpg,1,0.266923
dataset/person_229/img_08.jpg,dataset/person_229/img_18.jpg,1,0.285455
dataset/person_411/img_01.jpg,dataset/person_411/img_10.jpg,1,0.598826
dataset/person_585/img_05.jpg,dataset/person_585/img_19.jpg,1,0.378088
dataset/person_655/img_11.jpg,dataset/person_655/img_13.jpg,1,0.449120
dataset/person_661/img_02.jpg,dataset/person_661/img_08.jpg,1,0.387723
dataset/person_710/img_08.jpg,dataset/person_710/img_14.jpg,1,0.398792
dataset/person_711/img_31.jpg,dataset/person_711/img_43.jpg,1,0.478593
dataset/person_744/img_04.jpg,dataset/person_744/img_07.jpg,1,0.500824
dataset/person_853/img_12.jpg,dataset/person_853/img_18.jpg,1,0.289926
dataset/person_896/img_01.jpg,dataset/person_896/img_12.jpg,1,0.447319
dataset/person_909/img_03.jpg,dataset/person_909/img_28.jpg,1,0.607076
dataset/person_043/img_18.jpg,dataset/person_043/img_20.jpg,1,0.457360
dataset/person_065/img_27.jpg,dataset/person_065/img_31.jpg,1,0.268880
dataset/person_1244/img_05.jpg,dataset/person_1244/img_12.jpg,1,0.455245
dataset/person_1309/img_10.jpg,dataset/person_1309/img_12.jpg,1,0.277613
dataset/person_1334/img_13.jpg,dataset/person_1334/img_19.jpg,1,0.441836
dataset/person_1492/img_10.jpg,dataset/person_1492/img_21.jpg,1,0.543830
dataset/person_1580/img_02.jpg,dataset/person_1580/img_20.jpg,1,0.447772
dataset/person_229/img_01.jpg,dataset/person_229/img_14.jpg,1,0.321803
dataset/person_411/img_03.jpg,dataset/person_411/img_13.jpg,1,0.043095
dataset/person_585/img_08.jpg,dataset/person_585/img_12.jpg,1,0.479912
dataset/person_655/img_03.jpg,dataset/person_655/img_06.jpg,1,0.002902
dataset/person_661/img_02.jpg,dataset/person_661/img_09.jpg,1,0.407765
dataset/person_710/img_05.jpg,dataset/person_710/img_10.jpg,1,-0.074123
dataset/person_711/img_11.jpg,dataset/person_711/img_39.jpg,1,0.247116
dataset/person_744/img_06.jpg,dataset/person_744/img_17.jpg,1,0.799325
dataset/person_853/img_02.jpg,dataset/person_853/img_11.jpg,1,0.419320
dataset/person_896/img_01.jpg,dataset/person_896/img_08.jpg,1,0.518764
dataset/person_909/img_01.jpg,dataset/person_909/img_20.jpg,1,0.580391
dataset/person_043/img_13.jpg,dataset/person_043/img_29.jpg,1,0.540950
dataset/person_065/img_04.jpg,dataset/person_065/img_11.jpg,1,0.452251
dataset/person_1244/img_04.jpg,dataset/person_1244/img_15.jpg,1,0.537894
dataset/person_1334/img_05.jpg,dataset/person_1334/img_10.jpg,1,0.278138
dataset/person_1492/img_26.jpg,dataset/person_1492/img_32.jpg,1,0.391975
dataset/person_1580/img_08.jpg,dataset/person_1580/img_30.jpg,1,0.512439
dataset/person_229/img_12.jpg,dataset/person_229/img_16.jpg,1,0.135043
dataset/person_585/img_18.jpg,dataset/person_585/img_19.jpg,1,0.250030
dataset/person_661/img_04.jpg,dataset/person_661/img_07.jpg,1,0.521002
dataset/person_710/img_01.jpg,dataset/person_710/img_13.jpg,1,0.179464
dataset/person_711/img_01.jpg,dataset/person_711/img_13.jpg,1,-0.019472
dataset/person_744/img_07.jpg,dataset/person_744/img_14.jpg,1,0.420163
dataset/person_853/img_06.jpg,dataset/person_853/img_19.jpg,1,0.245551
dataset/person_896/img_09.jpg,dataset/person_896/img_10.jpg,1,0.413745
dataset/person_909/img_15.jpg,dataset/person_909/img_28.jpg,1,0.627343
dataset/person_043/img_26.jpg,dataset/person_043/img_35.jpg,1,0.215923
dataset/person_065/img_01.jpg,dataset/person_065/img_14.jpg,1,0.151958
dataset/person_1244/img_12.jpg,dataset/person_1244/img_13.jpg,1,0.435238
dataset/person_1334/img_03.jpg,dataset/person_1334/img_15.jpg,1,0.556281
dataset/person_1492/img_09.jpg,dataset/person_1492/img_15.jpg,1,0.377241
dataset/person_1580/img_15.jpg,dataset/person_1580/img_28.jpg,1,0.456612
dataset/person_229/img_01.jpg,dataset/person_229/img_15.jpg,1,0.231324
dataset/person_585/img_03.jpg,dataset/person_585/img_06.jpg,1,0.635570
dataset/person_661/img_01.jpg,dataset/person_661/img_14.jpg,1,0.287984
dataset/person_710/img_03.jpg,dataset/person_710/img_17.jpg,1,0.467446
dataset/person_711/img_15.jpg,dataset/person_711/img_27.jpg,1,0.338064
dataset/person_744/img_09.jpg,dataset/person_744/img_15.jpg,1,0.633831
dataset/person_853/img_09.jpg,dataset/person_853/img_13.jpg,1,0.318761
dataset/person_896/img_05.jpg,dataset/person_896/img_08.jpg,1,0.159578
dataset/person_909/img_12.jpg,dataset/person_909/img_32.jpg,1,0.748054
dataset/person_043/img_16.jpg,dataset/person_043/img_21.jpg,1,0.336639
dataset/person_065/img_10.jpg,dataset/person_065/img_32.jpg,1,0.433353
dataset/person_1244/img_09.jpg,dataset/person_1244/img_11.jpg,1,0.416195
dataset/person_1334/img_03.jpg,dataset/person_1334/img_22.jpg,1,0.681992
dataset/person_1492/img_23.jpg,dataset/person_1492/img_30.jpg,1,0.332777
dataset/person_1580/img_14.jpg,dataset/person_1580/img_33.jpg,1,0.454525
dataset/person_229/img_01.jpg,dataset/person_229/img_19.jpg,1,0.272016
dataset/person_585/img_09.jpg,dataset/person_585/img_12.jpg,1,0.259462
dataset/person_661/img_06.jpg,dataset/person_661/img_12.jpg,1,0.545272
dataset/person_710/img_13.jpg,dataset/person_710/img_14.jpg,1,0.418958
dataset/person_711/img_22.jpg,dataset/person_711/img_54.jpg,1,0.464290
dataset/person_744/img_06.jpg,dataset/person_744/img_16.jpg,1,0.632412
dataset/person_853/img_04.jpg,dataset/person_853/img_12.jpg,1,0.306911
dataset/person_896/img_03.jpg,dataset/person_896/img_08.jpg,1,0.160244
dataset/person_909/img_17.jpg,dataset/person_909/img_25.jpg,1,0.431105
dataset/person_043/img_05.jpg,dataset/person_043/img_06.jpg,1,0.593977
dataset/person_065/img_20.jpg,dataset/person_065/img_26.jpg,1,0.446293
dataset/person_1244/img_17.jpg,dataset/person_1244/img_18.jpg,1,0.556982
dataset/person_1334/img_02.jpg,dataset/person_1334/img_14.jpg,1,0.500048
dataset/person_1492/img_01.jpg,dataset/person_1492/img_31.jpg,1,0.484610
dataset/person_1580/img_09.jpg,dataset/person_1580/img_13.jpg,1,0.273164
dataset/person_229/img_14.jpg,dataset/person_229/img_17.jpg,1,0.217794
dataset/person_585/img_03.jpg,dataset/person_585/img_09.jpg,1,0.687336
dataset/person_661/img_02.jpg,dataset/person_661/img_07.jpg,1,0.623036
dataset/person_710/img_13.jpg,dataset/person_710/img_15.jpg,1,0.440600
dataset/person_711/img_07.jpg,dataset/person_711/img_16.jpg,1,0.505343
dataset/person_744/img_10.jpg,dataset/person_744/img_12.jpg,1,0.753116
dataset/person_853/img_03.jpg,dataset/person_853/img_18.jpg,1,0.195513
dataset/person_896/img_04.jpg,dataset/person_896/img_08.jpg,1,0.302833
dataset/person_909/img_06.jpg,dataset/person_909/img_17.jpg,1,0.481418
dataset/person_043/img_08.jpg,dataset/person_043/img_35.jpg,1,0.134186
dataset/person_065/img_21.jpg,dataset/person_065/img_22.jpg,1,0.363956
dataset/person_1244/img_12.jpg,dataset/person_1244/img_14.jpg,1,0.658051
dataset/person_1334/img_12.jpg,dataset/person_1334/img_13.jpg,1,0.458817
dataset/person_1492/img_11.jpg,dataset/person_1492/img_23.jpg,1,0.478767
dataset/person_1580/img_06.jpg,dataset/person_1580/img_20.jpg,1,0.415182
dataset/person_229/img_01.jpg,dataset/person_229/img_03.jpg,1,0.567310
dataset/person_585/img_16.jpg,dataset/person_585/img_17.jpg,1,0.802217
dataset/person_661/img_09.jpg,dataset/person_661/img_14.jpg,1,0.316472
dataset/person_710/img_10.jpg,dataset/person_710/img_12.jpg,1,0.323521
dataset/person_711/img_02.jpg,dataset/person_711/img_30.jpg,1,0.329793
dataset/person_744/img_02.jpg,dataset/person_744/img_03.jpg,1,0.592646
dataset/person_853/img_12.jpg,dataset/person_853/img_13.jpg,1,0.409925
dataset/person_896/img_05.jpg,dataset/person_896/img_10.jpg,1,0.194338
dataset/person_909/img_16.jpg,dataset/person_909/img_29.jpg,1,0.474604
dataset/person_043/img_04.jpg,dataset/person_043/img_36.jpg,1,0.472262
dataset/person_065/img_18.jpg,dataset/person_065/img_28.jpg,1,0.279023
dataset/person_1244/img_13.jpg,dataset/person_1244/img_17.jpg,1,0.328338
dataset/person_1334/img_04.jpg,dataset/person_1334/img_18.jpg,1,0.388912
dataset/person_1492/img_09.jpg,dataset/person_1492/img_18.jpg,1,0.430480
dataset/person_1580/img_02.jpg,dataset/person_1580/img_05.jpg,1,0.461863
dataset/person_229/img_01.jpg,dataset/person_229/img_09.jpg,1,0.502329
dataset/person_585/img_02.jpg,dataset/person_585/img_06.jpg,1,0.619299
dataset/person_661/img_04.jpg,dataset/person_661/img_13.jpg,1,0.289125
dataset/person_710/img_07.jpg,dataset/person_710/img_14.jpg,1,0.483838
dataset/person_711/img_07.jpg,dataset/person_711/img_13.jpg,1,0.087386
dataset/person_744/img_13.jpg,dataset/person_744/img_14.jpg,1,0.567395
dataset/person_853/img_09.jpg,dataset/person_853/img_16.jpg,1,0.376819
dataset/person_896/img_06.jpg,dataset/person_896/img_11.jpg,1,0.318291
dataset/person_909/img_18.jpg,dataset/person_909/img_29.jpg,1,0.580403
dataset/person_043/img_08.jpg,dataset/person_043/img_16.jpg,1,0.267277
dataset/person_065/img_06.jpg,dataset/person_065/img_21.jpg,1,0.291891
dataset/person_1244/img_06.jpg,dataset/person_1244/img_16.jpg,1,0.447224
dataset/person_1334/img_16.jpg,dataset/person_1334/img_26.jpg,1,0.523549
dataset/person_1492/img_14.jpg,dataset/person_1492/img_21.jpg,1,0.579835
dataset/person_1580/img_06.jpg,dataset/person_1580/img_10.jpg,1,0.471772
dataset/person_229/img_02.jpg,dataset/person_229/img_13.jpg,1,0.389816
dataset/person_585/img_07.jpg,dataset/person_585/img_17.jpg,1,0.687676
dataset/person_661/img_12.jpg,dataset/person_661/img_13.jpg,1,0.278067
dataset/person_710/img_01.jpg,dataset/person_710/img_10.jpg,1,0.397724
dataset/person_711/img_14.jpg,dataset/person_711/img_51.jpg,1,0.498308
dataset/person_744/img_02.jpg,dataset/person_744/img_08.jpg,1,0.518415
dataset/person_853/img_01.jpg,dataset/person_853/img_02.jpg,1,-0.035186
dataset/person_896/img_07.jpg,dataset/person_896/img_08.jpg,1,0.455461
dataset/person_909/img_12.jpg,dataset/person_909/img_15.jpg,1,0.715140
dataset/person_043/img_21.jpg,dataset/person_043/img_26.jpg,1,0.411625
dataset/person_065/img_03.jpg,dataset/person_065/img_31.jpg,1,0.094954
dataset/person_1244/img_18.jpg,dataset/person_1244/img_19.jpg,1,0.611904
dataset/person_1334/img_02.jpg,dataset/person_1334/img_21.jpg,1,0.610080
dataset/person_1492/img_18.jpg,dataset/person_1492/img_24.jpg,1,0.646127
dataset/person_1580/img_27.jpg,dataset/person_1580/img_28.jpg,1,0.739539
dataset/person_229/img_01.jpg,dataset/person_229/img_18.jpg,1,0.439192
dataset/person_585/img_02.jpg,dataset/person_585/img_14.jpg,1,0.504323
dataset/person_661/img_05.jpg,dataset/person_661/img_14.jpg,1,0.508481
dataset/person_710/img_05.jpg,dataset/person_710/img_13.jpg,1,-0.246555
dataset/person_711/img_32.jpg,dataset/person_711/img_46.jpg,1,0.659104
dataset/person_744/img_01.jpg,dataset/person_744/img_15.jpg,1,0.632238
dataset/person_853/img_08.jpg,dataset/person_853/img_15.jpg,1,-0.033458
dataset/person_896/img_06.jpg,dataset/person_896/img_14.jpg,1,0.467494
dataset/person_909/img_05.jpg,dataset/person_909/img_21.jpg,1,0.516884
dataset/person_043/img_20.jpg,dataset/person_043/img_21.jpg,1,0.395063
dataset/person_065/img_21.jpg,dataset/person_065/img_26.jpg,1,0.638449
dataset/person_1244/img_09.jpg,dataset/person_1244/img_10.jpg,1,0.461433
dataset/person_1334/img_08.jpg,dataset/person_1334/img_11.jpg,1,0.439249
dataset/person_1492/img_06.jpg,dataset/person_1492/img_14.jpg,1,0.604893
dataset/person_1580/img_18.jpg,dataset/person_1580/img_25.jpg,1,0.399814
dataset/person_229/img_02.jpg,dataset/person_229/img_10.jpg,1,0.344017
dataset/person_585/img_12.jpg,dataset/person_585/img_20.jpg,1,0.562333
dataset/person_661/img_08.jpg,dataset/person_661/img_10.jpg,1,0.409755
dataset/person_710/img_13.jpg,dataset/person_710/img_17.jpg,1,0.379492
dataset/person_711/img_02.jpg,dataset/person_711/img_53.jpg,1,0.382485
dataset/person_744/img_01.jpg,dataset/person_744/img_18.jpg,1,0.574528
dataset/person_853/img_01.jpg,dataset/person_853/img_07.jpg,1,-0.147358
dataset/person_896/img_06.jpg,dataset/person_896/img_08.jpg,1,0.286526
dataset/person_909/img_02.jpg,dataset/person_909/img_03.jpg,1,0.671517
dataset/person_043/img_08.jpg,dataset/person_043/img_33.jpg,1,0.227565
dataset/person_065/img_01.jpg,dataset/person_065/img_28.jpg,1,0.411873
dataset/person_1244/img_05.jpg,dataset/person_1244/img_09.jpg,1,0.537080
dataset/person_1334/img_08.jpg,dataset/person_1334/img_25.jpg,1,0.390364
dataset/person_1492/img_15.jpg,dataset/person_1492/img_29.jpg,1,0.224535
dataset/person_1580/img_27.jpg,dataset/person_1580/img_32.jpg,1,0.433234
dataset/person_229/img_07.jpg,dataset/person_229/img_14.jpg,1,0.313130
dataset/person_585/img_14.jpg,dataset/person_585/img_20.jpg,1,0.314484
dataset/person_661/img_03.jpg,dataset/person_661/img_14.jpg,1,0.380835
dataset/person_710/img_11.jpg,dataset/person_710/img_14.jpg,1,0.378876
dataset/person_711/img_35.jpg,dataset/person_711/img_41.jpg,1,0.237802
dataset/person_744/img_09.jpg,dataset/person_744/img_12.jpg,1,0.778325
dataset/person_853/img_14.jpg,dataset/person_853/img_17.jpg,1,0.325486
dataset/person_896/img_03.jpg,dataset/person_896/img_11.jpg,1,0.268264
dataset/person_909/img_22.jpg,dataset/person_909/img_30.jpg,1,0.593236
dataset/person_043/img_22.jpg,dataset/person_043/img_33.jpg,1,0.506822
dataset/person_065/img_23.jpg,dataset/person_065/img_25.jpg,1,0.137202
dataset/person_1244/img_16.jpg,dataset/person_1244/img_17.jpg,1,0.371463
dataset/person_1334/img_02.jpg,dataset/person_1334/img_10.jpg,1,0.448926
dataset/person_1492/img_01.jpg,dataset/person_1492/img_13.jpg,1,0.366536
dataset/person_1580/img_02.jpg,dataset/person_1580/img_29.jpg,1,0.549129
dataset/person_229/img_03.jpg,dataset/person_229/img_16.jpg,1,0.390835
dataset/person_585/img_10.jpg,dataset/person_585/img_19.jpg,1,0.567068
dataset/person_661/img_03.jpg,dataset/person_661/img_11.jpg,1,0.524975
dataset/person_710/img_03.jpg,dataset/person_710/img_11.jpg,1,0.445263
dataset/person_711/img_34.jpg,dataset/person_711/img_41.jpg,1,0.547515
dataset/person_744/img_08.jpg,dataset/person_744/img_17.jpg,1,0.829574
dataset/person_853/img_10.jpg,dataset/person_853/img_13.jpg,1,0.310247
dataset/person_896/img_02.jpg,dataset/person_896/img_04.jpg,1,0.535955
dataset/person_909/img_09.jpg,dataset/person_909/img_32.jpg,1,0.563987
dataset/person_043/img_14.jpg,dataset/person_043/img_37.jpg,1,0.281691
dataset/person_065/img_20.jpg,dataset/person_065/img_27.jpg,1,0.305541
dataset/person_1244/img_02.jpg,dataset/person_1244/img_08.jpg,1,0.371031
dataset/person_1334/img_07.jpg,dataset/person_1334/img_15.jpg,1,0.497877
dataset/person_1492/img_07.jpg,dataset/person_1492/img_33.jpg,1,0.562066
dataset/person_1580/img_01.jpg,dataset/person_1580/img_13.jpg,1,0.373230
dataset/person_229/img_11.jpg,dataset/person_229/img_13.jpg,1,0.856624
dataset/person_585/img_05.jpg,dataset/person_585/img_13.jpg,1,0.637142
dataset/person_661/img_07.jpg,dataset/person_661/img_12.jpg,1,0.487384
dataset/person_710/img_08.jpg,dataset/person_710/img_12.jpg,1,0.352236
dataset/person_711/img_39.jpg,dataset/person_711/img_46.jpg,1,0.328116
dataset/person_744/img_08.jpg,dataset/person_744/img_16.jpg,1,0.717491
dataset/person_853/img_11.jpg,dataset/person_853/img_18.jpg,1,0.292546
dataset/person_896/img_01.jpg,dataset/person_896/img_07.jpg,1,0.249415
dataset/person_909/img_24.jpg,dataset/person_909/img_25.jpg,1,0.716781
dataset/person_043/img_22.jpg,dataset/person_043/img_32.jpg,1,0.381652
dataset/person_065/img_17.jpg,dataset/person_065/img_35.jpg,1,0.220364
dataset/person_1244/img_03.jpg,dataset/person_1244/img_08.jpg,1,0.307482
dataset/person_1334/img_07.jpg,dataset/person_1334/img_20.jpg,1,0.503230
dataset/person_1492/img_05.jpg,dataset/person_1492/img_14.jpg,1,0.506755
dataset/person_1580/img_19.jpg,dataset/person_1580/img_31.jpg,1,0.521622
dataset/person_229/img_01.jpg,dataset/person_229/img_12.jpg,1,0.218388
dataset/person_585/img_02.jpg,dataset/person_585/img_04.jpg,1,0.621869
dataset/person_661/img_04.jpg,dataset/person_661/img_09.jpg,1,0.442251
dataset/person_710/img_02.jpg,dataset/person_710/img_07.jpg,1,0.445536
dataset/person_711/img_13.jpg,dataset/person_711/img_48.jpg,1,0.072925
dataset/person_744/img_15.jpg,dataset/person_744/img_20.jpg,1,0.547888
dataset/person_853/img_04.jpg,dataset/person_853/img_13.jpg,1,0.192148
dataset/person_896/img_03.jpg,dataset/person_896/img_12.jpg,1,0.265913
dataset/person_909/img_03.jpg,dataset/person_909/img_29.jpg,1,0.607950
dataset/person_043/img_13.jpg,dataset/person_043/img_32.jpg,1,0.406380
dataset/person_065/img_09.jpg,dataset/person_065/img_10.jpg,1,0.657605
dataset/person_1244/img_09.jpg,dataset/person_1244/img_17.jpg,1,0.400225
dataset/person_1334/img_04.jpg,dataset/person_1334/img_10.jpg,1,0.316333
dataset/person_1492/img_18.jpg,dataset/person_1492/img_29.jpg,1,0.374787
dataset/person_1580/img_21.jpg,dataset/person_1580/img_30.jpg,1,0.555055
dataset/person_229/img_13.jpg,dataset/person_229/img_18.jpg,1,0.241625
dataset/person_585/img_10.jpg,dataset/person_585/img_15.jpg,1,0.338894
dataset/person_710/img_05.jpg,dataset/person_710/img_15.jpg,1,-0.165232
dataset/person_711/img_24.jpg,dataset/person_711/img_40.jpg,1,0.283268
dataset/person_744/img_11.jpg,dataset/person_744/img_16.jpg,1,0.764898
dataset/person_853/img_13.jpg,dataset/person_853/img_14.jpg,1,0.263489
dataset/person_909/img_20.jpg,dataset/person_909/img_30.jpg,1,0.575035
dataset/person_043/img_31.jpg,dataset/person_043/img_38.jpg,1,0.402154
dataset/person_065/img_02.jpg,dataset/person_065/img_27.jpg,1,0.081436
dataset/person_1244/img_14.jpg,dataset/person_1244/img_15.jpg,1,0.476282
dataset/person_1334/img_04.jpg,dataset/person_1334/img_19.jpg,1,0.333413
dataset/person_1492/img_01.jpg,dataset/person_1492/img_03.jpg,1,0.359188
dataset/person_1580/img_26.jpg,dataset/person_1580/img_29.jpg,1,0.430233
dataset/person_229/img_05.jpg,dataset/person_229/img_15.jpg,1,0.380862
dataset/person_585/img_05.jpg,dataset/person_585/img_18.jpg,1,0.666834
dataset/person_710/img_10.jpg,dataset/person_710/img_15.jpg,1,0.303102
dataset/person_711/img_30.jpg,dataset/person_711/img_43.jpg,1,0.604512
dataset/person_744/img_11.jpg,dataset/person_744/img_18.jpg,1,0.483925
dataset/person_853/img_01.jpg,dataset/person_853/img_15.jpg,1,0.021316
dataset/person_909/img_01.jpg,dataset/person_909/img_28.jpg,1,0.679253
dataset/person_043/img_28.jpg,dataset/person_043/img_30.jpg,1,0.375156
dataset/person_065/img_16.jpg,dataset/person_065/img_32.jpg,1,0.096498
dataset/person_1244/img_14.jpg,dataset/person_1244/img_16.jpg,1,0.538531
dataset/person_1334/img_17.jpg,dataset/person_1334/img_24.jpg,1,0.533980
dataset/person_1492/img_16.jpg,dataset/person_1492/img_23.jpg,1,0.514277
dataset/person_1580/img_02.jpg,dataset/person_1580/img_26.jpg,1,0.488157
dataset/person_229/img_07.jpg,dataset/person_229/img_17.jpg,1,0.538929
dataset/person_585/img_19.jpg,dataset/person_585/img_22.jpg,1,0.269965
dataset/person_710/img_16.jpg,dataset/person_710/img_17.jpg,1,0.562609
dataset/person_711/img_28.jpg,dataset/person_711/img_48.jpg,1,0.161900
dataset/person_744/img_14.jpg,dataset/person_744/img_15.jpg,1,0.516430
dataset/person_853/img_06.jpg,dataset/person_853/img_15.jpg,1,0.217884
dataset/person_909/img_14.jpg,dataset/person_909/img_26.jpg,1,0.585943
dataset/person_043/img_04.jpg,dataset/person_043/img_35.jpg,1,0.168842
dataset/person_065/img_01.jpg,dataset/person_065/img_35.jpg,1,0.420935
dataset/person_1244/img_10.jpg,dataset/person_1244/img_19.jpg,1,0.478571
dataset/person_1334/img_05.jpg,dataset/person_1334/img_22.jpg,1,0.211912
dataset/person_1492/img_25.jpg,dataset/person_1492/img_29.jpg,1,0.651125
dataset/person_1580/img_26.jpg,dataset/person_1580/img_32.jpg,1,0.522036
dataset/person_229/img_01.jpg,dataset/person_229/img_11.jpg,1,0.449059
dataset/person_585/img_18.jpg,dataset/person_585/img_21.jpg,1,0.665706
dataset/person_710/img_06.jpg,dataset/person_710/img_11.jpg,1,0.424088
dataset/person_711/img_16.jpg,dataset/person_711/img_45.jpg,1,0.336721
dataset/person_744/img_05.jpg,dataset/person_744/img_08.jpg,1,0.171903
dataset/person_853/img_15.jpg,dataset/person_853/img_18.jpg,1,0.282070
dataset/person_909/img_06.jpg,dataset/person_909/img_11.jpg,1,0.831792
dataset/person_043/img_18.jpg,dataset/person_043/img_30.jpg,1,0.192462
dataset/person_065/img_07.jpg,dataset/person_065/img_24.jpg,1,0.427444
dataset/person_1244/img_08.jpg,dataset/person_1244/img_19.jpg,1,0.552116
dataset/person_1334/img_16.jpg,dataset/person_1334/img_23.jpg,1,0.350161
dataset/person_1492/img_11.jpg,dataset/person_1492/img_33.jpg,1,0.503482
dataset/person_1580/img_18.jpg,dataset/person_1580/img_20.jpg,1,0.286284
dataset/person_229/img_01.jpg,dataset/person_229/img_04.jpg,1,0.437534
dataset/person_585/img_14.jpg,dataset/person_585/img_19.jpg,1,0.291295
dataset/person_710/img_06.jpg,dataset/person_710/img_09.jpg,1,0.317966
dataset/person_711/img_03.jpg,dataset/person_711/img_46.jpg,1,0.346566
dataset/person_744/img_06.jpg,dataset/person_744/img_20.jpg,1,0.622958
dataset/person_853/img_01.jpg,dataset/person_853/img_04.jpg,1,-0.104204
dataset/person_909/img_17.jpg,dataset/person_909/img_19.jpg,1,0.456395
dataset/person_043/img_17.jpg,dataset/person_043/img_35.jpg,1,0.162990
dataset/person_065/img_33.jpg,dataset/person_065/img_34.jpg,1,0.550681
dataset/person_1244/img_16.jpg,dataset/person_1244/img_19.jpg,1,0.373680
dataset/person_1334/img_13.jpg,dataset/person_1334/img_20.jpg,1,0.538470
dataset/person_1492/img_02.jpg,dataset/person_1492/img_08.jpg,1,0.276713
dataset/person_1580/img_03.jpg,dataset/person_1580/img_25.jpg,1,0.400858
dataset/person_229/img_01.jpg,dataset/person_229/img_10.jpg,1,0.457273
dataset/person_585/img_05.jpg,dataset/person_585/img_12.jpg,1,0.386672
dataset/person_710/img_05.jpg,dataset/person_710/img_16.jpg,1,0.042116
dataset/person_711/img_14.jpg,dataset/person_711/img_41.jpg,1,0.152740
dataset/person_744/img_02.jpg,dataset/person_744/img_13.jpg,1,0.505812
dataset/person_853/img_05.jpg,dataset/person_853/img_13.jpg,1,0.384919
dataset/person_909/img_13.jpg,dataset/person_909/img_27.jpg,1,0.741305
dataset/person_043/img_03.jpg,dataset/person_043/img_22.jpg,1,-0.056898
dataset/person_065/img_02.jpg,dataset/person_065/img_06.jpg,1,0.363384
dataset/person_1244/img_01.jpg,dataset/person_1244/img_15.jpg,1,0.428623
dataset/person_1334/img_03.jpg,dataset/person_1334/img_04.jpg,1,0.525027
dataset/person_1492/img_01.jpg,dataset/person_1492/img_25.jpg,1,0.701606
dataset/person_1580/img_16.jpg,dataset/person_1580/img_21.jpg,1,0.493644
dataset/person_229/img_06.jpg,dataset/person_229/img_11.jpg,1,0.399715
dataset/person_585/img_14.jpg,dataset/person_585/img_21.jpg,1,0.575345
dataset/person_710/img_07.jpg,dataset/person_710/img_10.jpg,1,0.284576
dataset/person_711/img_26.jpg,dataset/person_711/img_53.jpg,1,0.278375
dataset/person_744/img_05.jpg,dataset/person_744/img_12.jpg,1,0.108747
dataset/person_853/img_06.jpg,dataset/person_853/img_10.jpg,1,0.157563
dataset/person_909/img_01.jpg,dataset/person_909/img_15.jpg,1,0.651226
dataset/person_043/img_02.jpg,dataset/person_043/img_13.jpg,1,0.382334
dataset/person_065/img_11.jpg,dataset/person_065/img_12.jpg,1,-0.093781
dataset/person_1244/img_12.jpg,dataset/person_1244/img_19.jpg,1,0.443912
dataset/person_1334/img_10.jpg,dataset/person_1334/img_15.jpg,1,0.536348
dataset/person_1492/img_08.jpg,dataset/person_1492/img_22.jpg,1,0.316278
dataset/person_1580/img_05.jpg,dataset/person_1580/img_08.jpg,1,0.603331
dataset/person_229/img_04.jpg,dataset/person_229/img_10.jpg,1,0.488261
dataset/person_585/img_09.jpg,dataset/person_585/img_14.jpg,1,0.619632
dataset/person_710/img_07.jpg,dataset/person_710/img_17.jpg,1,0.227988
dataset/person_711/img_10.jpg,dataset/person_711/img_11.jpg,1,0.415649
dataset/person_744/img_08.jpg,dataset/person_744/img_18.jpg,1,0.652023
dataset/person_853/img_07.jpg,dataset/person_853/img_19.jpg,1,0.520859
dataset/person_909/img_06.jpg,dataset/person_909/img_08.jpg,1,0.790128
dataset/person_043/img_04.jpg,dataset/person_043/img_06.jpg,1,0.522463
dataset/person_065/img_12.jpg,dataset/person_065/img_16.jpg,1,-0.041746
dataset/person_1244/img_01.jpg,dataset/person_1244/img_12.jpg,1,0.450071
dataset/person_1334/img_02.jpg,dataset/person_1334/img_12.jpg,1,0.460797
dataset/person_1492/img_06.jpg,dataset/person_1492/img_33.jpg,1,0.524602
dataset/person_1580/img_10.jpg,dataset/person_1580/img_23.jpg,1,0.338741
dataset/person_229/img_06.jpg,dataset/person_229/img_12.jpg,1,0.366075
dataset/person_585/img_09.jpg,dataset/person_585/img_18.jpg,1,0.702921
dataset/person_710/img_02.jpg,dataset/person_710/img_05.jpg,1,-0.015722
dataset/person_711/img_08.jpg,dataset/person_711/img_28.jpg,1,0.453289
dataset/person_744/img_06.jpg,dataset/person_744/img_13.jpg,1,0.656959
dataset/person_853/img_09.jpg,dataset/person_853/img_14.jpg,1,0.626807
dataset/person_909/img_10.jpg,dataset/person_909/img_16.jpg,1,0.013108
dataset/person_043/img_05.jpg,dataset/person_043/img_16.jpg,1,0.447431
dataset/person_065/img_13.jpg,dataset/person_065/img_23.jpg,1,0.161985
dataset/person_1244/img_06.jpg,dataset/person_1244/img_18.jpg,1,0.577715
dataset/person_1334/img_22.jpg,dataset/person_1334/img_23.jpg,1,0.593255
dataset/person_1492/img_15.jpg,dataset/person_1492/img_17.jpg,1,0.310370
dataset/person_1580/img_03.jpg,dataset/person_1580/img_30.jpg,1,0.408458
dataset/person_229/img_14.jpg,dataset/person_229/img_16.jpg,1,0.180936
dataset/person_585/img_07.jpg,dataset/person_585/img_15.jpg,1,0.168543
dataset/person_710/img_09.jpg,dataset/person_710/img_12.jpg,1,0.416239
dataset/person_711/img_26.jpg,dataset/person_711/img_43.jpg,1,0.447481
dataset/person_744/img_12.jpg,dataset/person_744/img_15.jpg,1,0.685152
dataset/person_853/img_18.jpg,dataset/person_853/img_19.jpg,1,0.410000
dataset/person_909/img_02.jpg,dataset/person_909/img_14.jpg,1,0.727360
dataset/person_043/img_36.jpg,dataset/person_043/img_39.jpg,1,0.479230
dataset/person_065/img_01.jpg,dataset/person_065/img_29.jpg,1,0.247746
dataset/person_1244/img_15.jpg,dataset/person_1244/img_18.jpg,1,0.503787
dataset/person_1334/img_24.jpg,dataset/person_1334/img_26.jpg,1,0.365686
dataset/person_1492/img_02.jpg,dataset/person_1492/img_03.jpg,1,0.415098
dataset/person_1580/img_11.jpg,dataset/person_1580/img_19.jpg,1,0.283562
dataset/person_229/img_11.jpg,dataset/person_229/img_16.jpg,1,0.196754
dataset/person_585/img_02.jpg,dataset/person_585/img_12.jpg,1,0.433726
dataset/person_710/img_04.jpg,dataset/person_710/img_11.jpg,1,0.026246
dataset/person_711/img_03.jpg,dataset/person_711/img_36.jpg,1,0.296514
dataset/person_744/img_07.jpg,dataset/person_744/img_10.jpg,1,0.307002
dataset/person_853/img_08.jpg,dataset/person_853/img_11.jpg,1,-0.126564
dataset/person_909/img_03.jpg,dataset/person_909/img_07.jpg,1,0.600577
dataset/person_043/img_36.jpg,dataset/person_043/img_37.jpg,1,0.841389
dataset/person_065/img_03.jpg,dataset/person_065/img_14.jpg,1,0.096266
dataset/person_1244/img_14.jpg,dataset/person_1244/img_20.jpg,1,0.386844
dataset/person_1334/img_06.jpg,dataset/person_1334/img_13.jpg,1,0.379770
dataset/person_1492/img_11.jpg,dataset/person_1492/img_14.jpg,1,0.570589
dataset/person_1580/img_03.jpg,dataset/person_1580/img_22.jpg,1,0.431890
dataset/person_229/img_11.jpg,dataset/person_229/img_14.jpg,1,0.681015
dataset/person_585/img_10.jpg,dataset/person_585/img_18.jpg,1,0.390051
dataset/person_710/img_03.jpg,dataset/person_710/img_07.jpg,1,0.210261
dataset/person_711/img_25.jpg,dataset/person_711/img_40.jpg,1,0.331801
dataset/person_744/img_03.jpg,dataset/person_744/img_12.jpg,1,0.651072
dataset/person_853/img_03.jpg,dataset/person_853/img_05.jpg,1,0.306765
dataset/person_909/img_10.jpg,dataset/person_909/img_26.jpg,1,-0.071145
dataset/person_043/img_23.jpg,dataset/person_043/img_29.jpg,1,0.346421
dataset/person_065/img_03.jpg,dataset/person_065/img_13.jpg,1,0.261001
dataset/person_1244/img_07.jpg,dataset/person_1244/img_13.jpg,1,0.405740
dataset/person_1334/img_01.jpg,dataset/person_1334/img_08.jpg,1,0.498985
dataset/person_1492/img_01.jpg,dataset/person_1492/img_32.jpg,1,0.169270
dataset/person_1580/img_25.jpg,dataset/person_1580/img_32.jpg,1,0.530038
dataset/person_229/img_17.jpg,dataset/person_229/img_19.jpg,1,0.160919
dataset/person_585/img_01.jpg,dataset/person_585/img_15.jpg,1,0.353131
dataset/person_710/img_04.jpg,dataset/person_710/img_08.jpg,1,-0.076642
dataset/person_711/img_07.jpg,dataset/person_711/img_25.jpg,1,0.482447
dataset/person_744/img_17.jpg,dataset/person_744/img_18.jpg,1,0.758287
dataset/person_853/img_03.jpg,dataset/person_853/img_04.jpg,1,0.242315
dataset/person_909/img_22.jpg,dataset/person_909/img_26.jpg,1,0.347038
dataset/person_043/img_02.jpg,dataset/person_043/img_30.jpg,1,0.453492
dataset/person_065/img_16.jpg,dataset/person_065/img_27.jpg,1,0.032224
dataset/person_1244/img_02.jpg,dataset/person_1244/img_15.jpg,1,0.320460
dataset/person_1334/img_22.jpg,dataset/person_1334/img_24.jpg,1,0.439319
dataset/person_1492/img_02.jpg,dataset/person_1492/img_06.jpg,1,0.436706
dataset/person_1580/img_11.jpg,dataset/person_1580/img_23.jpg,1,0.045404
dataset/person_229/img_06.jpg,dataset/person_229/img_19.jpg,1,0.371558
dataset/person_585/img_06.jpg,dataset/person_585/img_22.jpg,1,0.573955
dataset/person_710/img_02.jpg,dataset/person_710/img_06.jpg,1,0.353479
dataset/person_711/img_19.jpg,dataset/person_711/img_52.jpg,1,0.541104
dataset/person_744/img_11.jpg,dataset/person_744/img_15.jpg,1,0.655025
dataset/person_853/img_03.jpg,dataset/person_853/img_09.jpg,1,0.319368
dataset/person_909/img_05.jpg,dataset/person_909/img_30.jpg,1,0.534423
dataset/person_043/img_13.jpg,dataset/person_043/img_18.jpg,1,0.423939
dataset/person_065/img_10.jpg,dataset/person_065/img_29.jpg,1,0.457525
dataset/person_1244/img_13.jpg,dataset/person_1244/img_14.jpg,1,0.435168
dataset/person_1334/img_07.jpg,dataset/person_1334/img_08.jpg,1,0.695010
dataset/person_1492/img_26.jpg,dataset/person_1492/img_28.jpg,1,0.275672
dataset/person_1580/img_08.jpg,dataset/person_1580/img_24.jpg,1,0.551902
dataset/person_229/img_09.jpg,dataset/person_229/img_15.jpg,1,0.210307
dataset/person_585/img_11.jpg,dataset/person_585/img_19.jpg,1,0.451647
dataset/person_710/img_04.jpg,dataset/person_710/img_16.jpg,1,-0.014942
dataset/person_711/img_28.jpg,dataset/person_711/img_34.jpg,1,0.199203
dataset/person_744/img_13.jpg,dataset/person_744/img_19.jpg,1,0.681871
dataset/person_853/img_08.jpg,dataset/person_853/img_18.jpg,1,-0.054798
dataset/person_909/img_05.jpg,dataset/person_909/img_17.jpg,1,0.246435
dataset/person_043/img_13.jpg,dataset/person_043/img_14.jpg,1,0.344329
dataset/person_065/img_20.jpg,dataset/person_065/img_31.jpg,1,0.237714
dataset/person_1244/img_05.jpg,dataset/person_1244/img_20.jpg,1,0.261146
dataset/person_1334/img_15.jpg,dataset/person_1334/img_17.jpg,1,0.495560
dataset/person_1492/img_01.jpg,dataset/person_1492/img_18.jpg,1,0.618905
dataset/person_1580/img_09.jpg,dataset/person_1580/img_18.jpg,1,0.307409
dataset/person_229/img_17.jpg,dataset/person_229/img_18.jpg,1,0.684607
dataset/person_585/img_04.jpg,dataset/person_585/img_19.jpg,1,0.191390
dataset/person_710/img_02.jpg,dataset/person_710/img_09.jpg,1,0.531298
dataset/person_711/img_27.jpg,dataset/person_711/img_48.jpg,1,0.149126
dataset/person_744/img_04.jpg,dataset/person_744/img_15.jpg,1,0.343236
dataset/person_853/img_01.jpg,dataset/person_853/img_17.jpg,1,-0.010032
dataset/person_909/img_03.jpg,dataset/person_909/img_10.jpg,1,0.010153
dataset/person_043/img_25.jpg,dataset/person_043/img_27.jpg,1,0.349610
dataset/person_065/img_05.jpg,dataset/person_065/img_31.jpg,1,0.244773
dataset/person_1244/img_04.jpg,dataset/person_1244/img_18.jpg,1,0.623864
dataset/person_1334/img_04.jpg,dataset/person_1334/img_24.jpg,1,0.448083
dataset/person_1492/img_05.jpg,dataset/person_1492/img_30.jpg,1,0.169687
dataset/person_1580/img_04.jpg,dataset/person_1580/img_30.jpg,1,0.124694
dataset/person_229/img_04.jpg,dataset/person_229/img_09.jpg,1,0.472133
dataset/person_585/img_07.jpg,dataset/person_585/img_21.jpg,1,0.691576
dataset/person_710/img_03.jpg,dataset/person_710/img_12.jpg,1,0.603498
dataset/person_711/img_19.jpg,dataset/person_711/img_27.jpg,1,0.467448
dataset/person_744/img_06.jpg,dataset/person_744/img_18.jpg,1,0.739432
dataset/person_853/img_17.jpg,dataset/person_853/img_19.jpg,1,0.364212
dataset/person_909/img_13.jpg,dataset/person_909/img_23.jpg,1,0.668262
dataset/person_043/img_16.jpg,dataset/person_043/img_31.jpg,1,0.460824
dataset/person_065/img_02.jpg,dataset/person_065/img_12.jpg,1,0.002744
dataset/person_1244/img_04.jpg,dataset/person_1244/img_17.jpg,1,0.453605
dataset/person_1334/img_05.jpg,dataset/person_1334/img_27.jpg,1,0.167286
dataset/person_1492/img_08.jpg,dataset/person_1492/img_15.jpg,1,0.314711
dataset/person_1580/img_18.jpg,dataset/person_1580/img_19.jpg,1,0.457028
dataset/person_229/img_04.jpg,dataset/person_229/img_06.jpg,1,0.384331
dataset/person_585/img_08.jpg,dataset/person_585/img_11.jpg,1,0.454092
dataset/person_710/img_10.jpg,dataset/person_710/img_17.jpg,1,0.257094
dataset/person_711/img_04.jpg,dataset/person_711/img_34.jpg,1,0.389271
dataset/person_744/img_13.jpg,dataset/person_744/img_20.jpg,1,0.714250
dataset/person_853/img_01.jpg,dataset/person_853/img_11.jpg,1,-0.065532
dataset/person_909/img_23.jpg,dataset/person_909/img_30.jpg,1,0.669226
dataset/person_043/img_19.jpg,dataset/person_043/img_30.jpg,1,0.262441
dataset/person_065/img_04.jpg,dataset/person_065/img_33.jpg,1,0.343464
dataset/person_1244/img_09.jpg,dataset/person_1244/img_18.jpg,1,0.623520
dataset/person_1334/img_10.jpg,dataset/person_1334/img_18.jpg,1,0.693862
dataset/person_1492/img_03.jpg,dataset/person_1492/img_33.jpg,1,0.507710
dataset/person_1580/img_08.jpg,dataset/person_1580/img_13.jpg,1,0.458254
dataset/person_229/img_03.jpg,dataset/person_229/img_15.jpg,1,0.291621
dataset/person_585/img_05.jpg,dataset/person_585/img_07.jpg,1,0.619772
dataset/person_710/img_01.jpg,dataset/person_710/img_12.jpg,1,0.455277
dataset/person_711/img_16.jpg,dataset/person_711/img_27.jpg,1,0.652840
dataset/person_744/img_19.jpg,dataset/person_744/img_20.jpg,1,0.626753
dataset/person_853/img_01.jpg,dataset/person_853/img_12.jpg,1,0.120177
dataset/person_909/img_05.jpg,dataset/person_909/img_28.jpg,1,0.643891
dataset/person_043/img_08.jpg,dataset/person_043/img_21.jpg,1,0.227374
dataset/person_065/img_02.jpg,dataset/person_065/img_29.jpg,1,0.224862
dataset/person_1244/img_13.jpg,dataset/person_1244/img_18.jpg,1,0.545702
dataset/person_1334/img_12.jpg,dataset/person_1334/img_27.jpg,1,0.485127
dataset/person_1492/img_17.jpg,dataset/person_1492/img_19.jpg,1,0.251573
dataset/person_1580/img_13.jpg,dataset/person_1580/img_18.jpg,1,0.261463
dataset/person_229/img_05.jpg,dataset/person_229/img_13.jpg,1,0.428447
dataset/person_585/img_10.jpg,dataset/person_585/img_20.jpg,1,0.697221
dataset/person_710/img_02.jpg,dataset/person_710/img_16.jpg,1,0.524041
dataset/person_711/img_10.jpg,dataset/person_711/img_14.jpg,1,0.398200
dataset/person_744/img_07.jpg,dataset/person_744/img_11.jpg,1,0.300659
dataset/person_853/img_01.jpg,dataset/person_853/img_19.jpg,1,0.033001
dataset/person_909/img_05.jpg,dataset/person_909/img_19.jpg,1,0.611506
dataset/person_043/img_20.jpg,dataset/person_043/img_36.jpg,1,0.444175
dataset/person_065/img_32.jpg,dataset/person_065/img_34.jpg,1,0.269287
dataset/person_1244/img_03.jpg,dataset/person_1244/img_13.jpg,1,0.299074
dataset/person_1334/img_18.jpg,dataset/person_1334/img_25.jpg,1,0.450857
dataset/person_1492/img_03.jpg,dataset/person_1492/img_10.jpg,1,0.384680
dataset/person_1580/img_04.jpg,dataset/person_1580/img_06.jpg,1,0.341843
dataset/person_229/img_07.jpg,dataset/person_229/img_09.jpg,1,0.301130
dataset/person_585/img_04.jpg,dataset/person_585/img_05.jpg,1,0.642865
dataset/person_710/img_14.jpg,dataset/person_710/img_15.jpg,1,0.511685
dataset/person_711/img_09.jpg,dataset/person_711/img_42.jpg,1,0.358290
dataset/person_744/img_03.jpg,dataset/person_744/img_16.jpg,1,0.646302
dataset/person_853/img_12.jpg,dataset/person_853/img_15.jpg,1,0.448157
dataset/person_909/img_01.jpg,dataset/person_909/img_09.jpg,1,0.664773
dataset/person_043/img_01.jpg,dataset/person_043/img_13.jpg,1,0.481652
dataset/person_065/img_15.jpg,dataset/person_065/img_22.jpg,1,-0.003472
dataset/person_1244/img_08.jpg,dataset/person_1244/img_18.jpg,1,0.635186
dataset/person_1334/img_20.jpg,dataset/person_1334/img_27.jpg,1,0.502833
dataset/person_1492/img_17.jpg,dataset/person_1492/img_18.jpg,1,0.355157
dataset/person_1580/img_04.jpg,dataset/person_1580/img_07.jpg,1,0.126327
dataset/person_229/img_06.jpg,dataset/person_229/img_15.jpg,1,0.160071
dataset/person_585/img_07.jpg,dataset/person_585/img_10.jpg,1,0.448494
dataset/person_710/img_03.jpg,dataset/person_710/img_08.jpg,1,0.441684
dataset/person_711/img_39.jpg,dataset/person_711/img_49.jpg,1,0.385584
dataset/person_744/img_04.jpg,dataset/person_744/img_13.jpg,1,0.431017
dataset/person_853/img_10.jpg,dataset/person_853/img_14.jpg,1,0.330233
dataset/person_909/img_22.jpg,dataset/person_909/img_29.jpg,1,0.488541
dataset/person_043/img_04.jpg,dataset/person_043/img_11.jpg,1,0.359371
dataset/person_065/img_07.jpg,dataset/person_065/img_32.jpg,1,0.435278
dataset/person_1244/img_08.jpg,dataset/person_1244/img_16.jpg,1,0.601980
dataset/person_1334/img_11.jpg,dataset/person_1334/img_23.jpg,1,0.512266
dataset/person_1492/img_13.jpg,dataset/person_1492/img_24.jpg,1,0.405889
dataset/person_1580/img_13.jpg,dataset/person_1580/img_23.jpg,1,0.200717
dataset/person_229/img_16.jpg,dataset/person_229/img_18.jpg,1,0.510659
dataset/person_585/img_09.jpg,dataset/person_585/img_17.jpg,1,0.703140
dataset/person_710/img_08.jpg,dataset/person_710/img_17.jpg,1,0.570078
dataset/person_711/img_15.jpg,dataset/person_711/img_30.jpg,1,0.534352
dataset/person_744/img_09.jpg,dataset/person_744/img_18.jpg,1,0.400621
dataset/person_853/img_05.jpg,dataset/person_853/img_14.jpg,1,0.426796
dataset/person_909/img_25.jpg,dataset/person_909/img_27.jpg,1,0.693802
dataset/person_043/img_32.jpg,dataset/person_043/img_39.jpg,1,0.452864
dataset/person_065/img_11.jpg,dataset/person_065/img_27.jpg,1,0.446470
dataset/person_1244/img_08.jpg,dataset/person_1244/img_13.jpg,1,0.586522
dataset/person_1334/img_01.jpg,dataset/person_1334/img_24.jpg,1,0.453430
dataset/person_1492/img_15.jpg,dataset/person_1492/img_32.jpg,1,0.187585
dataset/person_1580/img_13.jpg,dataset/person_1580/img_32.jpg,1,0.299158
dataset/person_229/img_03.jpg,dataset/person_229/img_12.jpg,1,0.443619
dataset/person_585/img_16.jpg,dataset/person_585/img_21.jpg,1,0.760818
dataset/person_710/img_06.jpg,dataset/person_710/img_17.jpg,1,0.323822
dataset/person_711/img_15.jpg,dataset/person_711/img_29.jpg,1,0.463190
dataset/person_744/img_17.jpg,dataset/person_744/img_19.jpg,1,0.677928
dataset/person_853/img_07.jpg,dataset/person_853/img_18.jpg,1,0.142814
dataset/person_909/img_29.jpg,dataset/person_909/img_30.jpg,1,0.509368
dataset/person_043/img_29.jpg,dataset/person_043/img_34.jpg,1,0.532599
dataset/person_065/img_11.jpg,dataset/person_065/img_22.jpg,1,0.377559
dataset/person_1244/img_03.jpg,dataset/person_1244/img_19.jpg,1,0.250058
dataset/person_1334/img_17.jpg,dataset/person_1334/img_21.jpg,1,0.597892
dataset/person_1492/img_13.jpg,dataset/person_1492/img_26.jpg,1,0.408374
dataset/person_1580/img_08.jpg,dataset/person_1580/img_27.jpg,1,0.578098
dataset/person_229/img_09.jpg,dataset/person_229/img_10.jpg,1,0.579305
dataset/person_585/img_01.jpg,dataset/person_585/img_17.jpg,1,0.307728
dataset/person_710/img_05.jpg,dataset/person_710/img_17.jpg,1,0.065764
dataset/person_711/img_16.jpg,dataset/person_711/img_50.jpg,1,0.375649
dataset/person_744/img_02.jpg,dataset/person_744/img_04.jpg,1,0.513798
dataset/person_853/img_02.jpg,dataset/person_853/img_17.jpg,1,0.398197
dataset/person_909/img_03.jpg,dataset/person_909/img_32.jpg,1,0.615973
dataset/person_043/img_35.jpg,dataset/person_043/img_39.jpg,1,0.292781
dataset/person_065/img_15.jpg,dataset/person_065/img_35.jpg,1,0.188730
dataset/person_1244/img_06.jpg,dataset/person_1244/img_13.jpg,1,0.382849
dataset/person_1334/img_04.jpg,dataset/person_1334/img_09.jpg,1,0.523759
dataset/person_1492/img_08.jpg,dataset/person_1492/img_21.jpg,1,0.225307
dataset/person_1580/img_07.jpg,dataset/person_1580/img_33.jpg,1,0.225981
dataset/person_229/img_07.jpg,dataset/person_229/img_11.jpg,1,0.448288
dataset/person_585/img_07.jpg,dataset/person_585/img_08.jpg,1,0.291952
dataset/person_710/img_03.jpg,dataset/person_710/img_14.jpg,1,0.346777
dataset/person_711/img_13.jpg,dataset/person_711/img_33.jpg,1,0.052559
dataset/person_744/img_07.jpg,dataset/person_744/img_20.jpg,1,0.364082
dataset/person_853/img_01.jpg,dataset/person_853/img_08.jpg,1,0.937474
dataset/person_909/img_12.jpg,dataset/person_909/img_29.jpg,1,0.627598
dataset/person_043/img_04.jpg,dataset/person_043/img_08.jpg,1,0.196517
dataset/person_065/img_11.jpg,dataset/person_065/img_33.jpg,1,0.321297
dataset/person_1244/img_01.jpg,dataset/person_1244/img_08.jpg,1,0.482441
dataset/person_1334/img_05.jpg,dataset/person_1334/img_09.jpg,1,0.301092
dataset/person_1492/img_27.jpg,dataset/person_1492/img_29.jpg,1,0.497909
dataset/person_1580/img_01.jpg,dataset/person_1580/img_16.jpg,1,0.191023
dataset/person_229/img_07.jpg,dataset/person_229/img_16.jpg,1,0.421559
dataset/person_585/img_10.jpg,dataset/person_585/img_16.jpg,1,0.442405
dataset/person_710/img_14.jpg,dataset/person_710/img_17.jpg,1,0.426733
dataset/person_711/img_09.jpg,dataset/person_711/img_53.jpg,1,0.475067
dataset/person_744/img_02.jpg,dataset/person_744/img_12.jpg,1,0.527767
dataset/person_853/img_13.jpg,dataset/person_853/img_18.jpg,1,0.216571
dataset/person_909/img_17.jpg,dataset/person_909/img_20.jpg,1,0.399339
dataset/person_043/img_36.jpg,dataset/person_043/img_38.jpg,1,0.366299
dataset/person_065/img_04.jpg,dataset/person_065/img_21.jpg,1,0.527582
dataset/person_1244/img_03.jpg,dataset/person_1244/img_09.jpg,1,0.387020
dataset/person_1334/img_09.jpg,dataset/person_1334/img_13.jpg,1,0.375392
dataset/person_1492/img_07.jpg,dataset/person_1492/img_26.jpg,1,0.549206
dataset/person_1580/img_16.jpg,dataset/person_1580/img_19.jpg,1,0.429809
dataset/person_229/img_08.jpg,dataset/person_229/img_14.jpg,1,0.653191
dataset/person_585/img_15.jpg,dataset/person_585/img_21.jpg,1,0.250756
dataset/person_710/img_04.jpg,dataset/person_710/img_14.jpg,1,-0.009763
dataset/person_711/img_34.jpg,dataset/person_711/img_47.jpg,1,0.715239
dataset/person_744/img_14.jpg,dataset/person_744/img_20.jpg,1,0.563183
dataset/person_853/img_04.jpg,dataset/person_853/img_17.jpg,1,0.305509
dataset/person_909/img_03.jpg,dataset/person_909/img_20.jpg,1,0.607109
dataset/person_043/img_15.jpg,dataset/person_043/img_20.jpg,1,0.370830
dataset/person_065/img_15.jpg,dataset/person_065/img_28.jpg,1,0.311219
dataset/person_1244/img_01.jpg,dataset/person_1244/img_10.jpg,1,0.384830
dataset/person_1334/img_09.jpg,dataset/person_1334/img_14.jpg,1,0.652523
dataset/person_1492/img_09.jpg,dataset/person_1492/img_11.jpg,1,0.237619
dataset/person_1580/img_12.jpg,dataset/person_1580/img_30.jpg,1,0.150507
dataset/person_229/img_04.jpg,dataset/person_229/img_08.jpg,1,0.483818
dataset/person_585/img_04.jpg,dataset/person_585/img_12.jpg,1,0.338315
dataset/person_710/img_01.jpg,dataset/person_710/img_06.jpg,1,0.444555
dataset/person_711/img_27.jpg,dataset/person_711/img_35.jpg,1,0.299244
dataset/person_744/img_08.jpg,dataset/person_744/img_12.jpg,1,0.786440
dataset/person_853/img_17.jpg,dataset/person_853/img_18.jpg,1,0.167768
dataset/person_909/img_14.jpg,dataset/person_909/img_27.jpg,1,0.692318
dataset/person_043/img_05.jpg,dataset/person_043/img_21.jpg,1,0.403869
dataset/person_065/img_09.jpg,dataset/person_065/img_33.jpg,1,0.337046
dataset/person_1244/img_05.jpg,dataset/person_1244/img_07.jpg,1,0.401188
dataset/person_1334/img_06.jpg,dataset/person_1334/img_09.jpg,1,0.644617
dataset/person_1492/img_07.jpg,dataset/person_1492/img_24.jpg,1,0.577317
dataset/person_1580/img_04.jpg,dataset/person_1580/img_13.jpg,1,0.248925
dataset/person_229/img_09.jpg,dataset/person_229/img_14.jpg,1,0.566666
dataset/person_585/img_12.jpg,dataset/person_585/img_16.jpg,1,0.372835
dataset/person_710/img_06.jpg,dataset/person_710/img_10.jpg,1,0.508805
dataset/person_711/img_23.jpg,dataset/person_711/img_39.jpg,1,0.339267
dataset/person_744/img_01.jpg,dataset/person_744/img_03.jpg,1,0.696892
dataset/person_853/img_04.jpg,dataset/person_853/img_19.jpg,1,0.107806
dataset/person_909/img_09.jpg,dataset/person_909/img_18.jpg,1,0.623243
dataset/person_043/img_30.jpg,dataset/person_043/img_33.jpg,1,0.193038
dataset/person_065/img_07.jpg,dataset/person_065/img_13.jpg,1,0.406173
dataset/person_1244/img_01.jpg,dataset/person_1244/img_14.jpg,1,0.367612
dataset/person_1334/img_15.jpg,dataset/person_1334/img_21.jpg,1,0.384879
dataset/person_1492/img_07.jpg,dataset/person_1492/img_23.jpg,1,0.488527
dataset/person_1580/img_09.jpg,dataset/person_1580/img_12.jpg,1,0.481094
dataset/person_229/img_08.jpg,dataset/person_229/img_11.jpg,1,0.858544
dataset/person_585/img_03.jpg,dataset/person_585/img_15.jpg,1,0.168860
dataset/person_710/img_03.jpg,dataset/person_710/img_06.jpg,1,0.518092
dataset/person_711/img_47.jpg,dataset/person_711/img_54.jpg,1,0.409232
dataset/person_744/img_12.jpg,dataset/person_744/img_14.jpg,1,0.597800
dataset/person_853/img_02.jpg,dataset/person_853/img_05.jpg,1,0.446043
dataset/person_909/img_07.jpg,dataset/person_909/img_26.jpg,1,0.490414
dataset/person_043/img_01.jpg,dataset/person_043/img_05.jpg,1,0.374787
dataset/person_065/img_08.jpg,dataset/person_065/img_22.jpg,1,0.316846
dataset/person_1244/img_05.jpg,dataset/person_1244/img_11.jpg,1,0.126627
dataset/person_1334/img_05.jpg,dataset/person_1334/img_13.jpg,1,0.482141
dataset/person_1492/img_24.jpg,dataset/person_1492/img_29.jpg,1,0.326186
dataset/person_1580/img_12.jpg,dataset/person_1580/img_19.jpg,1,0.323509
dataset/person_229/img_11.jpg,dataset/person_229/img_12.jpg,1,0.269422
dataset/person_585/img_11.jpg,dataset/person_585/img_17.jpg,1,0.722734
dataset/person_710/img_09.jpg,dataset/person_710/img_16.jpg,1,0.657208
dataset/person_711/img_37.jpg,dataset/person_711/img_53.jpg,1,0.482292
dataset/person_744/img_13.jpg,dataset/person_744/img_18.jpg,1,0.581839
dataset/person_853/img_10.jpg,dataset/person_853/img_15.jpg,1,0.250318
dataset/person_909/img_17.jpg,dataset/person_909/img_22.jpg,1,0.450309
dataset/person_043/img_26.jpg,dataset/person_043/img_30.jpg,1,0.443286
dataset/person_065/img_19.jpg,dataset/person_065/img_26.jpg,1,0.538528
dataset/person_1244/img_12.jpg,dataset/person_1244/img_15.jpg,1,0.384926
dataset/person_1334/img_17.jpg,dataset/person_1334/img_23.jpg,1,0.482968
dataset/person_1492/img_14.jpg,dataset/person_1492/img_26.jpg,1,0.484648
dataset/person_1580/img_08.jpg,dataset/person_1580/img_25.jpg,1,0.327457
dataset/person_229/img_05.jpg,dataset/person_229/img_16.jpg,1,0.449638
dataset/person_585/img_01.jpg,dataset/person_585/img_21.jpg,1,0.377931
dataset/person_710/img_10.jpg,dataset/person_710/img_16.jpg,1,0.540367
dataset/person_711/img_01.jpg,dataset/person_711/img_20.jpg,1,0.456947
dataset/person_744/img_17.jpg,dataset/person_744/img_20.jpg,1,0.668935
dataset/person_853/img_04.jpg,dataset/person_853/img_16.jpg,1,0.154809
dataset/person_909/img_19.jpg,dataset/person_909/img_25.jpg,1,0.651207
dataset/person_043/img_18.jpg,dataset/person_043/img_21.jpg,1,0.538863
dataset/person_065/img_26.jpg,dataset/person_065/img_34.jpg,1,0.457859
dataset/person_1244/img_02.jpg,dataset/person_1244/img_16.jpg,1,0.391319
dataset/person_1334/img_05.jpg,dataset/person_1334/img_12.jpg,1,0.298440
dataset/person_1492/img_14.jpg,dataset/person_1492/img_15.jpg,1,0.295066
dataset/person_1580/img_07.jpg,dataset/person_1580/img_30.jpg,1,0.468907
dataset/person_229/img_10.jpg,dataset/person_229/img_15.jpg,1,0.181076
dataset/person_585/img_01.jpg,dataset/person_585/img_19.jpg,1,0.292085
dataset/person_710/img_02.jpg,dataset/person_710/img_17.jpg,1,0.293666
dataset/person_711/img_05.jpg,dataset/person_711/img_30.jpg,1,0.328098
dataset/person_744/img_02.jpg,dataset/person_744/img_09.jpg,1,0.479856
dataset/person_853/img_03.jpg,dataset/person_853/img_14.jpg,1,0.238459
dataset/person_909/img_15.jpg,dataset/person_909/img_31.jpg,1,0.589448
dataset/person_043/img_06.jpg,dataset/person_043/img_09.jpg,1,0.674650
dataset/person_065/img_05.jpg,dataset/person_065/img_28.jpg,1,0.462508
dataset/person_1244/img_06.jpg,dataset/person_1244/img_17.jpg,1,0.310109
dataset/person_1334/img_10.jpg,dataset/person_1334/img_23.jpg,1,0.560835
dataset/person_1492/img_11.jpg,dataset/person_1492/img_13.jpg,1,0.289238
dataset/person_1580/img_01.jpg,dataset/person_1580/img_04.jpg,1,0.287914
dataset/person_229/img_11.jpg,dataset/person_229/img_18.jpg,1,0.304980
dataset/person_585/img_02.jpg,dataset/person_585/img_07.jpg,1,0.608734
dataset/person_710/img_03.jpg,dataset/person_710/img_13.jpg,1,0.331080
dataset/person_711/img_16.jpg,dataset/person_711/img_20.jpg,1,0.495398
dataset/person_744/img_02.jpg,dataset/person_744/img_10.jpg,1,0.482924
dataset/person_853/img_07.jpg,dataset/person_853/img_16.jpg,1,0.253035
dataset/person_909/img_05.jpg,dataset/person_909/img_08.jpg,1,0.671957
dataset/person_043/img_18.jpg,dataset/person_043/img_28.jpg,1,0.335191
dataset/person_065/img_17.jpg,dataset/person_065/img_34.jpg,1,0.298551
dataset/person_1244/img_04.jpg,dataset/person_1244/img_20.jpg,1,0.403157
dataset/person_1334/img_07.jpg,dataset/person_1334/img_14.jpg,1,0.459340
dataset/person_1492/img_03.jpg,dataset/person_1492/img_09.jpg,1,0.177725
dataset/person_1580/img_15.jpg,dataset/person_1580/img_19.jpg,1,0.488912
dataset/person_229/img_08.jpg,dataset/person_229/img_12.jpg,1,0.300748
dataset/person_585/img_09.jpg,dataset/person_585/img_21.jpg,1,0.724714
dataset/person_710/img_01.jpg,dataset/person_710/img_03.jpg,1,0.360246
dataset/person_711/img_21.jpg,dataset/person_711/img_44.jpg,1,0.590310
dataset/person_744/img_01.jpg,dataset/person_744/img_10.jpg,1,0.564762
dataset/person_853/img_05.jpg,dataset/person_853/img_08.jpg,1,-0.028171
dataset/person_909/img_18.jpg,dataset/person_909/img_24.jpg,1,0.643708
dataset/person_043/img_03.jpg,dataset/person_043/img_37.jpg,1,-0.006275
dataset/person_065/img_26.jpg,dataset/person_065/img_35.jpg,1,0.314310
dataset/person_1244/img_17.jpg,dataset/person_1244/img_20.jpg,1,0.355241
dataset/person_1334/img_01.jpg,dataset/person_1334/img_20.jpg,1,0.478415
dataset/person_1492/img_13.jpg,dataset/person_1492/img_30.jpg,1,0.173300
dataset/person_1580/img_04.jpg,dataset/person_1580/img_21.jpg,1,0.228280
dataset/person_229/img_03.jpg,dataset/person_229/img_13.jpg,1,0.442693
dataset/person_585/img_06.jpg,dataset/person_585/img_21.jpg,1,0.615526
dataset/person_710/img_12.jpg,dataset/person_710/img_15.jpg,1,0.251121
dataset/person_711/img_10.jpg,dataset/person_711/img_53.jpg,1,0.353788
dataset/person_744/img_01.jpg,dataset/person_744/img_13.jpg,1,0.624864
dataset/person_853/img_08.jpg,dataset/person_853/img_13.jpg,1,-0.066585
dataset/person_909/img_04.jpg,dataset/person_909/img_07.jpg,1,0.615588
dataset/person_043/img_09.jpg,dataset/person_043/img_39.jpg,1,0.343737
dataset/person_065/img_08.jpg,dataset/person_065/img_11.jpg,1,0.389935
dataset/person_1244/img_11.jpg,dataset/person_1244/img_15.jpg,1,0.508643
dataset/person_1334/img_02.jpg,dataset/person_1334/img_09.jpg,1,0.510151
dataset/person_1492/img_07.jpg,dataset/person_1492/img_09.jpg,1,0.388948
dataset/person_1580/img_21.jpg,dataset/person_1580/img_27.jpg,1,0.656265
dataset/person_229/img_05.jpg,dataset/person_229/img_08.jpg,1,0.454840
dataset/person_585/img_14.jpg,dataset/person_585/img_16.jpg,1,0.581106
dataset/person_710/img_01.jpg,dataset/person_710/img_09.jpg,1,0.410061
dataset/person_711/img_37.jpg,dataset/person_711/img_39.jpg,1,0.336921
dataset/person_744/img_04.jpg,dataset/person_744/img_10.jpg,1,0.283156
dataset/person_853/img_14.jpg,dataset/person_853/img_18.jpg,1,0.526414
dataset/person_909/img_11.jpg,dataset/person_909/img_17.jpg,1,0.552289
dataset/person_043/img_23.jpg,dataset/person_043/img_33.jpg,1,0.249170
dataset/person_065/img_05.jpg,dataset/person_065/img_32.jpg,1,0.422511
dataset/person_1244/img_04.jpg,dataset/person_1244/img_14.jpg,1,0.508143
dataset/person_1334/img_18.jpg,dataset/person_1334/img_24.jpg,1,0.590108
dataset/person_1492/img_02.jpg,dataset/person_1492/img_31.jpg,1,0.509151
dataset/person_1580/img_05.jpg,dataset/person_1580/img_26.jpg,1,0.432833
dataset/person_229/img_08.jpg,dataset/person_229/img_17.jpg,1,0.422763
dataset/person_585/img_03.jpg,dataset/person_585/img_21.jpg,1,0.725097
dataset/person_710/img_02.jpg,dataset/person_710/img_03.jpg,1,0.286290
dataset/person_711/img_34.jpg,dataset/person_711/img_37.jpg,1,0.505990
dataset/person_744/img_04.jpg,dataset/person_744/img_17.jpg,1,0.378567
dataset/person_853/img_06.jpg,dataset/person_853/img_18.jpg,1,0.149119
dataset/person_909/img_01.jpg,dataset/person_909/img_18.jpg,1,0.577692
dataset/person_043/img_06.jpg,dataset/person_043/img_30.jpg,1,0.239730
dataset/person_065/img_22.jpg,dataset/person_065/img_33.jpg,1,0.195916
dataset/person_1244/img_10.jpg,dataset/person_1244/img_16.jpg,1,0.413690
dataset/person_1334/img_21.jpg,dataset/person_1334/img_26.jpg,1,0.516587
dataset/person_1492/img_03.jpg,dataset/person_1492/img_32.jpg,1,0.172617
dataset/person_1580/img_25.jpg,dataset/person_1580/img_33.jpg,1,0.345099
dataset/person_229/img_08.jpg,dataset/person_229/img_16.jpg,1,0.223612
dataset/person_585/img_01.jpg,dataset/person_585/img_20.jpg,1,0.576594
dataset/person_710/img_03.jpg,dataset/person_710/img_04.jpg,1,-0.172896
dataset/person_711/img_34.jpg,dataset/person_711/img_53.jpg,1,0.271148
dataset/person_744/img_04.jpg,dataset/person_744/img_06.jpg,1,0.497068
dataset/person_853/img_08.jpg,dataset/person_853/img_12.jpg,1,0.064606
dataset/person_909/img_21.jpg,dataset/person_909/img_27.jpg,1,0.743745
dataset/person_043/img_25.jpg,dataset/person_043/img_30.jpg,1,0.369849
dataset/person_065/img_11.jpg,dataset/person_065/img_34.jpg,1,0.436804
dataset/person_1244/img_04.jpg,dataset/person_1244/img_09.jpg,1,0.603822
dataset/person_1334/img_11.jpg,dataset/person_1334/img_20.jpg,1,0.463660
dataset/person_1492/img_25.jpg,dataset/person_1492/img_33.jpg,1,0.461144
dataset/person_1580/img_21.jpg,dataset/person_1580/img_28.jpg,1,0.581902
dataset/person_229/img_13.jpg,dataset/person_229/img_17.jpg,1,0.283042
dataset/person_585/img_02.jpg,dataset/person_585/img_22.jpg,1,0.625649
dataset/person_710/img_01.jpg,dataset/person_710/img_05.jpg,1,0.028265
dataset/person_711/img_11.jpg,dataset/person_711/img_16.jpg,1,0.305105
dataset/person_744/img_11.jpg,dataset/person_744/img_14.jpg,1,0.480500
dataset/person_853/img_04.jpg,dataset/person_853/img_11.jpg,1,0.252229
dataset/person_909/img_02.jpg,dataset/person_909/img_15.jpg,1,0.528003
dataset/person_043/img_12.jpg,dataset/person_043/img_32.jpg,1,0.530126
dataset/person_065/img_01.jpg,dataset/person_065/img_32.jpg,1,0.435592
dataset/person_1244/img_06.jpg,dataset/person_1244/img_09.jpg,1,0.412323
dataset/person_1334/img_05.jpg,dataset/person_1334/img_23.jpg,1,0.279322
dataset/person_1492/img_07.jpg,dataset/person_1492/img_32.jpg,1,0.352613
dataset/person_1580/img_02.jpg,dataset/person_1580/img_03.jpg,1,0.449806
dataset/person_229/img_02.jpg,dataset/person_229/img_11.jpg,1,0.443022
dataset/person_585/img_10.jpg,dataset/person_585/img_12.jpg,1,0.635190
dataset/person_710/img_01.jpg,dataset/person_710/img_04.jpg,1,-0.059753
dataset/person_711/img_42.jpg,dataset/person_711/img_51.jpg,1,0.562155
dataset/person_744/img_02.jpg,dataset/person_744/img_15.jpg,1,0.611593
dataset/person_853/img_02.jpg,dataset/person_853/img_06.jpg,1,0.236700
dataset/person_909/img_03.jpg,dataset/person_909/img_17.jpg,1,0.533969
dataset/person_043/img_05.jpg,dataset/person_043/img_25.jpg,1,0.267429
dataset/person_065/img_11.jpg,dataset/person_065/img_29.jpg,1,0.386685
dataset/person_1244/img_11.jpg,dataset/person_1244/img_19.jpg,1,0.484795
dataset/person_1334/img_12.jpg,dataset/person_1334/img_24.jpg,1,0.410683
dataset/person_1492/img_24.jpg,dataset/person_1492/img_26.jpg,1,0.335900
dataset/person_1580/img_11.jpg,dataset/person_1580/img_32.jpg,1,0.189253
dataset/person_229/img_03.jpg,dataset/person_229/img_04.jpg,1,0.416114
dataset/person_585/img_02.jpg,dataset/person_585/img_05.jpg,1,0.736296
dataset/person_710/img_03.jpg,dataset/person_710/img_09.jpg,1,0.455819
dataset/person_711/img_14.jpg,dataset/person_711/img_48.jpg,1,0.291587
dataset/person_744/img_03.jpg,dataset/person_744/img_11.jpg,1,0.600307
dataset/person_853/img_04.jpg,dataset/person_853/img_06.jpg,1,0.178057
dataset/person_909/img_12.jpg,dataset/person_909/img_31.jpg,1,0.844375
dataset/person_043/img_20.jpg,dataset/person_043/img_22.jpg,1,0.322781
dataset/person_065/img_14.jpg,dataset/person_065/img_29.jpg,1,0.149201
dataset/person_1244/img_07.jpg,dataset/person_1244/img_08.jpg,1,0.494928
dataset/person_1334/img_08.jpg,dataset/person_1334/img_22.jpg,1,0.635930
dataset/person_1492/img_03.jpg,dataset/person_1492/img_06.jpg,1,0.627155
dataset/person_1580/img_02.jpg,dataset/person_1580/img_23.jpg,1,0.456668
dataset/person_229/img_10.jpg,dataset/person_229/img_12.jpg,1,0.315550
dataset/person_585/img_01.jpg,dataset/person_585/img_12.jpg,1,0.499731
dataset/person_710/img_08.jpg,dataset/person_710/img_13.jpg,1,0.476953
dataset/person_711/img_46.jpg,dataset/person_711/img_53.jpg,1,0.282300
dataset/person_744/img_05.jpg,dataset/person_744/img_10.jpg,1,0.095316
dataset/person_853/img_02.jpg,dataset/person_853/img_13.jpg,1,0.329096
dataset/person_909/img_03.jpg,dataset/person_909/img_21.jpg,1,0.644524
dataset/person_043/img_19.jpg,dataset/person_043/img_32.jpg,1,0.554227
dataset/person_065/img_02.jpg,dataset/person_065/img_19.jpg,1,0.299318
dataset/person_1244/img_11.jpg,dataset/person_1244/img_12.jpg,1,0.452201
dataset/person_1334/img_06.jpg,dataset/person_1334/img_19.jpg,1,0.533057
dataset/person_1492/img_15.jpg,dataset/person_1492/img_31.jpg,1,0.115496
dataset/person_1580/img_10.jpg,dataset/person_1580/img_33.jpg,1,0.506231
dataset/person_229/img_14.jpg,dataset/person_229/img_19.jpg,1,0.349010
dataset/person_585/img_04.jpg,dataset/person_585/img_07.jpg,1,0.473963
dataset/person_710/img_06.jpg,dataset/person_710/img_12.jpg,1,0.495831
dataset/person_711/img_05.jpg,dataset/person_711/img_28.jpg,1,0.386081
dataset/person_744/img_14.jpg,dataset/person_744/img_17.jpg,1,0.752998
dataset/person_853/img_08.jpg,dataset/person_853/img_16.jpg,1,0.104547
dataset/person_909/img_10.jpg,dataset/person_909/img_21.jpg,1,0.021501
dataset/person_043/img_01.jpg,dataset/person_043/img_02.jpg,1,0.385489
dataset/person_065/img_15.jpg,dataset/person_065/img_21.jpg,1,0.394863
dataset/person_1244/img_06.jpg,dataset/person_1244/img_19.jpg,1,0.479353
dataset/person_1334/img_14.jpg,dataset/person_1334/img_22.jpg,1,0.488881
dataset/person_1492/img_04.jpg,dataset/person_1492/img_26.jpg,1,0.364479
dataset/person_1580/img_18.jpg,dataset/person_1580/img_26.jpg,1,0.436704
dataset/person_229/img_10.jpg,dataset/person_229/img_13.jpg,1,0.607497
dataset/person_585/img_03.jpg,dataset/person_585/img_05.jpg,1,0.732407
dataset/person_711/img_18.jpg,dataset/person_711/img_27.jpg,1,0.405038
dataset/person_744/img_13.jpg,dataset/person_744/img_17.jpg,1,0.779402
dataset/person_853/img_11.jpg,dataset/person_853/img_12.jpg,1,0.335923
dataset/person_909/img_08.jpg,dataset/person_909/img_24.jpg,1,0.714497
dataset/person_043/img_10.jpg,dataset/person_043/img_36.jpg,1,0.424888
dataset/person_065/img_04.jpg,dataset/person_065/img_12.jpg,1,-0.090109
dataset/person_1244/img_02.jpg,dataset/person_1244/img_09.jpg,1,0.455280
dataset/person_1334/img_19.jpg,dataset/person_1334/img_23.jpg,1,0.534324
dataset/person_1492/img_19.jpg,dataset/person_1492/img_32.jpg,1,0.204240
dataset/person_1580/img_07.jpg,dataset/person_1580/img_18.jpg,1,0.419168
dataset/person_229/img_03.jpg,dataset/person_229/img_18.jpg,1,0.477540
dataset/person_585/img_05.jpg,dataset/person_585/img_08.jpg,1,0.347178
dataset/person_711/img_11.jpg,dataset/person_711/img_42.jpg,1,0.390253
dataset/person_744/img_02.jpg,dataset/person_744/img_11.jpg,1,0.480914
dataset/person_853/img_01.jpg,dataset/person_853/img_03.jpg,1,-0.092359
dataset/person_909/img_31.jpg,dataset/person_909/img_32.jpg,1,0.693905
dataset/person_043/img_17.jpg,dataset/person_043/img_30.jpg,1,0.337247
dataset/person_065/img_12.jpg,dataset/person_065/img_14.jpg,1,0.002033
dataset/person_1244/img_07.jpg,dataset/person_1244/img_16.jpg,1,0.482666
dataset/person_1334/img_10.jpg,dataset/person_1334/img_25.jpg,1,0.536539
dataset/person_1492/img_26.jpg,dataset/person_1492/img_27.jpg,1,0.411518
dataset/person_1580/img_06.jpg,dataset/person_1580/img_23.jpg,1,0.313858
dataset/person_229/img_07.jpg,dataset/person_229/img_13.jpg,1,0.400331
dataset/person_585/img_09.jpg,dataset/person_585/img_10.jpg,1,0.490299
dataset/person_711/img_27.jpg,dataset/person_711/img_55.jpg,1,0.116854
dataset/person_744/img_13.jpg,dataset/person_744/img_15.jpg,1,0.654239
dataset/person_853/img_02.jpg,dataset/person_853/img_15.jpg,1,0.287574
dataset/person_909/img_27.jpg,dataset/person_909/img_31.jpg,1,0.734613
dataset/person_043/img_01.jpg,dataset/person_043/img_21.jpg,1,0.221070
dataset/person_065/img_04.jpg,dataset/person_065/img_14.jpg,1,0.116424
dataset/person_1244/img_10.jpg,dataset/person_1244/img_12.jpg,1,0.427137
dataset/person_1334/img_10.jpg,dataset/person_1334/img_12.jpg,1,0.594062
dataset/person_1492/img_20.jpg,dataset/person_1492/img_23.jpg,1,0.367297
dataset/person_1580/img_04.jpg,dataset/person_1580/img_12.jpg,1,0.207866
dataset/person_229/img_05.jpg,dataset/person_229/img_19.jpg,1,0.226721
dataset/person_585/img_13.jpg,dataset/person_585/img_16.jpg,1,0.779530
dataset/person_711/img_12.jpg,dataset/person_711/img_53.jpg,1,0.116104
dataset/person_744/img_11.jpg,dataset/person_744/img_12.jpg,1,0.864900
dataset/person_853/img_03.jpg,dataset/person_853/img_19.jpg,1,0.372272
dataset/person_909/img_14.jpg,dataset/person_909/img_28.jpg,1,0.712105
dataset/person_043/img_29.jpg,dataset/person_043/img_31.jpg,1,0.604292
dataset/person_065/img_05.jpg,dataset/person_065/img_11.jpg,1,0.518947
dataset/person_1244/img_10.jpg,dataset/person_1244/img_18.jpg,1,0.704642
dataset/person_1334/img_12.jpg,dataset/person_1334/img_22.jpg,1,0.608331
dataset/person_1492/img_06.jpg,dataset/person_1492/img_09.jpg,1,0.280501
dataset/person_1580/img_09.jpg,dataset/person_1580/img_16.jpg,1,0.352295
dataset/person_229/img_04.jpg,dataset/person_229/img_16.jpg,1,0.321436
dataset/person_585/img_07.jpg,dataset/person_585/img_22.jpg,1,0.576515
dataset/person_711/img_01.jpg,dataset/person_711/img_52.jpg,1,0.453311
dataset/person_744/img_01.jpg,dataset/person_744/img_04.jpg,1,0.460352
dataset/person_853/img_02.jpg,dataset/person_853/img_16.jpg,1,0.313826
dataset/person_909/img_09.jpg,dataset/person_909/img_15.jpg,1,0.597441
dataset/person_043/img_12.jpg,dataset/person_043/img_21.jpg,1,0.396770
dataset/person_065/img_25.jpg,dataset/person_065/img_34.jpg,1,0.495466
dataset/person_1244/img_14.jpg,dataset/person_1244/img_17.jpg,1,0.271896
dataset/person_1334/img_14.jpg,dataset/person_1334/img_19.jpg,1,0.372877
dataset/person_1492/img_09.jpg,dataset/person_1492/img_19.jpg,1,0.273275
dataset/person_1580/img_20.jpg,dataset/person_1580/img_23.jpg,1,0.036182
dataset/person_229/img_10.jpg,dataset/person_229/img_16.jpg,1,0.182600
dataset/person_585/img_01.jpg,dataset/person_585/img_09.jpg,1,0.316561
dataset/person_711/img_26.jpg,dataset/person_711/img_35.jpg,1,0.111193
dataset/person_744/img_13.jpg,dataset/person_744/img_16.jpg,1,0.799262
dataset/person_853/img_07.jpg,dataset/person_853/img_12.jpg,1,0.398423
dataset/person_909/img_14.jpg,dataset/person_909/img_16.jpg,1,0.592395
dataset/person_043/img_10.jpg,dataset/person_043/img_19.jpg,1,0.462920
dataset/person_065/img_02.jpg,dataset/person_065/img_10.jpg,1,0.318858
dataset/person_1244/img_09.jpg,dataset/person_1244/img_19.jpg,1,0.432779
dataset/person_1334/img_21.jpg,dataset/person_1334/img_27.jpg,1,0.500035
dataset/person_1492/img_20.jpg,dataset/person_1492/img_27.jpg,1,0.475584
dataset/person_1580/img_05.jpg,dataset/person_1580/img_18.jpg,1,0.346363
dataset/person_229/img_09.jpg,dataset/person_229/img_19.jpg,1,0.298864
dataset/person_585/img_01.jpg,dataset/person_585/img_02.jpg,1,0.385246
dataset/person_711/img_17.jpg,dataset/person_711/img_41.jpg,1,0.285854
dataset/person_744/img_05.jpg,dataset/person_744/img_16.jpg,1,0.104776
dataset/person_853/img_02.jpg,dataset/person_853/img_18.jpg,1,0.239947
dataset/person_909/img_20.jpg,dataset/person_909/img_22.jpg,1,0.410375
dataset/person_043/img_08.jpg,dataset/person_043/img_09.jpg,1,0.364990
dataset/person_065/img_03.jpg,dataset/person_065/img_17.jpg,1,0.545575
dataset/person_1244/img_02.jpg,dataset/person_1244/img_19.jpg,1,0.312766
dataset/person_1334/img_02.jpg,dataset/person_1334/img_23.jpg,1,0.491960
dataset/person_1492/img_15.jpg,dataset/person_1492/img_27.jpg,1,0.305416
dataset/person_1580/img_14.jpg,dataset/person_1580/img_20.jpg,1,0.394085
dataset/person_229/img_13.jpg,dataset/person_229/img_19.jpg,1,0.303469
dataset/person_585/img_08.jpg,dataset/person_585/img_20.jpg,1,0.513739
dataset/person_711/img_26.jpg,dataset/person_711/img_30.jpg,1,0.523582
dataset/person_744/img_05.jpg,dataset/person_744/img_09.jpg,1,0.020155
dataset/person_853/img_05.jpg,dataset/person_853/img_15.jpg,1,0.320506
dataset/person_909/img_04.jpg,dataset/person_909/img_22.jpg,1,0.515270
dataset/person_043/img_02.jpg,dataset/person_043/img_24.jpg,1,0.425055
dataset/person_065/img_24.jpg,dataset/person_065/img_34.jpg,1,0.291078
dataset/person_1244/img_07.jpg,dataset/person_1244/img_09.jpg,1,0.492395
dataset/person_1334/img_14.jpg,dataset/person_1334/img_21.jpg,1,0.499123
dataset/person_1492/img_11.jpg,dataset/person_1492/img_15.jpg,1,0.223120
dataset/person_1580/img_09.jpg,dataset/person_1580/img_32.jpg,1,0.435263
dataset/person_229/img_07.jpg,dataset/person_229/img_12.jpg,1,0.203336
dataset/person_585/img_11.jpg,dataset/person_585/img_18.jpg,1,0.672473
dataset/person_711/img_25.jpg,dataset/person_711/img_47.jpg,1,0.306330
dataset/person_744/img_15.jpg,dataset/person_744/img_19.jpg,1,0.657892
dataset/person_853/img_13.jpg,dataset/person_853/img_16.jpg,1,0.257088
dataset/person_909/img_26.jpg,dataset/person_909/img_29.jpg,1,0.536205
dataset/person_043/img_08.jpg,dataset/person_043/img_10.jpg,1,0.178384
dataset/person_065/img_32.jpg,dataset/person_065/img_35.jpg,1,0.251267
dataset/person_1244/img_04.jpg,dataset/person_1244/img_06.jpg,1,0.504299
dataset/person_1334/img_12.jpg,dataset/person_1334/img_21.jpg,1,0.561304
dataset/person_1492/img_08.jpg,dataset/person_1492/img_23.jpg,1,0.243790
dataset/person_1580/img_10.jpg,dataset/person_1580/img_29.jpg,1,0.397893
dataset/person_229/img_09.jpg,dataset/person_229/img_17.jpg,1,0.263656
dataset/person_585/img_20.jpg,dataset/person_585/img_22.jpg,1,0.368486
dataset/person_711/img_51.jpg,dataset/person_711/img_55.jpg,1,0.431051
dataset/person_744/img_10.jpg,dataset/person_744/img_13.jpg,1,0.783437
dataset/person_853/img_11.jpg,dataset/person_853/img_15.jpg,1,0.343074
dataset/person_909/img_07.jpg,dataset/person_909/img_13.jpg,1,0.639577
dataset/person_043/img_27.jpg,dataset/person_043/img_31.jpg,1,0.456134
dataset/person_065/img_28.jpg,dataset/person_065/img_35.jpg,1,0.342807
dataset/person_1244/img_02.jpg,dataset/person_1244/img_05.jpg,1,0.266751
dataset/person_1334/img_05.jpg,dataset/person_1334/img_18.jpg,1,0.359826
dataset/person_1492/img_10.jpg,dataset/person_1492/img_31.jpg,1,0.446171
dataset/person_1580/img_20.jpg,dataset/person_1580/img_25.jpg,1,0.231722
dataset/person_229/img_03.jpg,dataset/person_229/img_17.jpg,1,0.548277
dataset/person_585/img_02.jpg,dataset/person_585/img_03.jpg,1,0.813586
dataset/person_711/img_24.jpg,dataset/person_711/img_32.jpg,1,0.445898
dataset/person_744/img_11.jpg,dataset/person_744/img_17.jpg,1,0.744720
dataset/person_853/img_05.jpg,dataset/person_853/img_19.jpg,1,0.502441
dataset/person_909/img_21.jpg,dataset/person_909/img_28.jpg,1,0.604657
dataset/person_043/img_32.jpg,dataset/person_043/img_36.jpg,1,0.524503
dataset/person_065/img_02.jpg,dataset/person_065/img_07.jpg,1,0.261804
dataset/person_1244/img_03.jpg,dataset/person_1244/img_18.jpg,1,0.410834
dataset/person_1334/img_06.jpg,dataset/person_1334/img_15.jpg,1,0.448924
dataset/person_1492/img_07.jpg,dataset/person_1492/img_25.jpg,1,0.496393
dataset/person_1580/img_06.jpg,dataset/person_1580/img_17.jpg,1,0.519448
dataset/person_229/img_16.jpg,dataset/person_229/img_17.jpg,1,0.370604
dataset/person_585/img_04.jpg,dataset/person_585/img_18.jpg,1,0.592051
dataset/person_711/img_02.jpg,dataset/person_711/img_38.jpg,1,0.419847
dataset/person_744/img_02.jpg,dataset/person_744/img_20.jpg,1,0.504029
dataset/person_853/img_04.jpg,dataset/person_853/img_05.jpg,1,0.337597
dataset/person_909/img_14.jpg,dataset/person_909/img_18.jpg,1,0.673092
dataset/person_043/img_03.jpg,dataset/person_043/img_16.jpg,1,-0.026443
dataset/person_065/img_22.jpg,dataset/person_065/img_30.jpg,1,0.356223
dataset/person_1244/img_02.jpg,dataset/person_1244/img_17.jpg,1,0.355978
dataset/person_1334/img_01.jpg,dataset/person_1334/img_16.jpg,1,0.454007
dataset/person_1492/img_04.jpg,dataset/person_1492/img_29.jpg,1,0.650564
dataset/person_1580/img_12.jpg,dataset/person_1580/img_21.jpg,1,0.270899
dataset/person_229/img_01.jpg,dataset/person_229/img_02.jpg,1,0.415141
dataset/person_585/img_01.jpg,dataset/person_585/img_22.jpg,1,0.208557
dataset/person_711/img_13.jpg,dataset/person_711/img_39.jpg,1,0.022018
dataset/person_744/img_03.jpg,dataset/person_744/img_15.jpg,1,0.499827
dataset/person_853/img_10.jpg,dataset/person_853/img_16.jpg,1,0.377717
dataset/person_909/img_05.jpg,dataset/person_909/img_23.jpg,1,0.609498
dataset/person_043/img_17.jpg,dataset/person_043/img_27.jpg,1,0.668245
dataset/person_065/img_01.jpg,dataset/person_065/img_03.jpg,1,0.424694
dataset/person_1244/img_03.jpg,dataset/person_1244/img_15.jpg,1,0.294454
dataset/person_1334/img_02.jpg,dataset/person_1334/img_08.jpg,1,0.416658
dataset/person_1492/img_25.jpg,dataset/person_1492/img_27.jpg,1,0.625742
dataset/person_1580/img_07.jpg,dataset/person_1580/img_29.jpg,1,0.273996
dataset/person_229/img_07.jpg,dataset/person_229/img_08.jpg,1,0.482314
dataset/person_585/img_15.jpg,dataset/person_585/img_22.jpg,1,0.219985
dataset/person_711/img_38.jpg,dataset/person_711/img_41.jpg,1,0.355628
dataset/person_744/img_04.jpg,dataset/person_744/img_19.jpg,1,0.445394
dataset/person_853/img_03.jpg,dataset/person_853/img_15.jpg,1,0.267763
dataset/person_909/img_02.jpg,dataset/person_909/img_31.jpg,1,0.575820
dataset/person_043/img_02.jpg,dataset/person_043/img_35.jpg,1,0.277696
dataset/person_065/img_07.jpg,dataset/person_065/img_28.jpg,1,0.464262
dataset/person_1244/img_14.jpg,dataset/person_1244/img_18.jpg,1,0.503080
dataset/person_1334/img_11.jpg,dataset/person_1334/img_12.jpg,1,0.416970
dataset/person_1492/img_09.jpg,dataset/person_1492/img_17.jpg,1,0.451759
dataset/person_1580/img_12.jpg,dataset/person_1580/img_28.jpg,1,0.294772
dataset/person_229/img_13.jpg,dataset/person_229/img_14.jpg,1,0.720740
dataset/person_585/img_01.jpg,dataset/person_585/img_13.jpg,1,0.267757
dataset/person_711/img_08.jpg,dataset/person_711/img_46.jpg,1,0.778442
dataset/person_744/img_10.jpg,dataset/person_744/img_16.jpg,1,0.745103
dataset/person_853/img_06.jpg,dataset/person_853/img_16.jpg,1,0.109951
dataset/person_909/img_18.jpg,dataset/person_909/img_31.jpg,1,0.576737
dataset/person_043/img_19.jpg,dataset/person_043/img_34.jpg,1,0.321678
dataset/person_065/img_19.jpg,dataset/person_065/img_33.jpg,1,0.261096
dataset/person_1244/img_11.jpg,dataset/person_1244/img_14.jpg,1,0.418879
dataset/person_1334/img_16.jpg,dataset/person_1334/img_25.jpg,1,0.620118
dataset/person_1492/img_07.jpg,dataset/person_1492/img_08.jpg,1,0.378832
dataset/person_1580/img_23.jpg,dataset/person_1580/img_30.jpg,1,0.301332
dataset/person_229/img_12.jpg,dataset/person_229/img_17.jpg,1,0.137252
dataset/person_585/img_13.jpg,dataset/person_585/img_19.jpg,1,0.252308
dataset/person_711/img_14.jpg,dataset/person_711/img_47.jpg,1,0.258055
dataset/person_744/img_18.jpg,dataset/person_744/img_20.jpg,1,0.523806
dataset/person_853/img_06.jpg,dataset/person_853/img_14.jpg,1,0.150188
dataset/person_909/img_24.jpg,dataset/person_909/img_31.jpg,1,0.701367
dataset/person_043/img_04.jpg,dataset/person_043/img_22.jpg,1,0.219900
dataset/person_065/img_26.jpg,dataset/person_065/img_27.jpg,1,0.453068
dataset/person_1244/img_02.jpg,dataset/person_1244/img_07.jpg,1,0.453242
dataset/person_1334/img_04.jpg,dataset/person_1334/img_07.jpg,1,0.331327
dataset/person_1492/img_03.jpg,dataset/person_1492/img_20.jpg,1,0.386806
dataset/person_1580/img_12.jpg,dataset/person_1580/img_16.jpg,1,0.254922
dataset/person_229/img_02.jpg,dataset/person_229/img_08.jpg,1,0.424052
dataset/person_585/img_10.jpg,dataset/person_585/img_14.jpg,1,0.309143
dataset/person_711/img_43.jpg,dataset/person_711/img_55.jpg,1,0.153101
dataset/person_744/img_03.jpg,dataset/person_744/img_10.jpg,1,0.499430
dataset/person_853/img_06.jpg,dataset/person_853/img_09.jpg,1,0.181627
dataset/person_909/img_09.jpg,dataset/person_909/img_27.jpg,1,0.590006
dataset/person_043/img_04.jpg,dataset/person_043/img_25.jpg,1,0.276684
dataset/person_065/img_11.jpg,dataset/person_065/img_21.jpg,1,0.476124
dataset/person_1244/img_01.jpg,dataset/person_1244/img_03.jpg,1,0.318874
dataset/person_1334/img_23.jpg,dataset/person_1334/img_25.jpg,1,0.297714
dataset/person_1492/img_05.jpg,dataset/person_1492/img_25.jpg,1,0.447529
dataset/person_1580/img_30.jpg,dataset/person_1580/img_32.jpg,1,0.330266
dataset/person_229/img_14.jpg,dataset/person_229/img_18.jpg,1,0.172968
dataset/person_585/img_16.jpg,dataset/person_585/img_20.jpg,1,0.466786
dataset/person_711/img_04.jpg,dataset/person_711/img_14.jpg,1,0.273870
dataset/person_744/img_01.jpg,dataset/person_744/img_08.jpg,1,0.651852
dataset/person_853/img_09.jpg,dataset/person_853/img_15.jpg,1,0.309812
dataset/person_909/img_08.jpg,dataset/person_909/img_17.jpg,1,0.384778
dataset/person_043/img_16.jpg,dataset/person_043/img_38.jpg,1,0.482475
dataset/person_065/img_08.jpg,dataset/person_065/img_32.jpg,1,0.352592
dataset/person_1244/img_04.jpg,dataset/person_1244/img_12.jpg,1,0.518113
dataset/person_1334/img_02.jpg,dataset/person_1334/img_18.jpg,1,0.358894
dataset/person_1492/img_04.jpg,dataset/person_1492/img_08.jpg,1,0.251342
dataset/person_1580/img_21.jpg,dataset/person_1580/img_24.jpg,1,0.459179
dataset/person_229/img_02.jpg,dataset/person_229/img_17.jpg,1,0.447563
dataset/person_585/img_03.jpg,dataset/person_585/img_17.jpg,1,0.720500
dataset/person_711/img_04.jpg,dataset/person_711/img_42.jpg,1,0.140679
dataset/person_744/img_06.jpg,dataset/person_744/img_14.jpg,1,0.844777
dataset/person_853/img_06.jpg,dataset/person_853/img_08.jpg,1,-0.040720
dataset/person_909/img_10.jpg,dataset/person_909/img_11.jpg,1,-0.014201
dataset/person_043/img_20.jpg,dataset/person_043/img_32.jpg,1,0.341007
dataset/person_065/img_05.jpg,dataset/person_065/img_25.jpg,1,0.261876
dataset/person_1244/img_06.jpg,dataset/person_1244/img_20.jpg,1,0.585671
dataset/person_1334/img_04.jpg,dataset/person_1334/img_12.jpg,1,0.402889
dataset/person_1492/img_15.jpg,dataset/person_1492/img_30.jpg,1,0.097098
dataset/person_1580/img_07.jpg,dataset/person_1580/img_11.jpg,1,0.227982
dataset/person_229/img_12.jpg,dataset/person_229/img_19.jpg,1,0.263869
dataset/person_585/img_03.jpg,dataset/person_585/img_14.jpg,1,0.487761
dataset/person_711/img_07.jpg,dataset/person_711/img_41.jpg,1,0.431943
dataset/person_744/img_04.jpg,dataset/person_744/img_05.jpg,1,0.085546
dataset/person_853/img_04.jpg,dataset/person_853/img_08.jpg,1,-0.129928
dataset/person_909/img_06.jpg,dataset/person_909/img_16.jpg,1,0.620722
dataset/person_043/img_05.jpg,dataset/person_043/img_29.jpg,1,0.538481
dataset/person_065/img_01.jpg,dataset/person_065/img_18.jpg,1,0.191163
dataset/person_1244/img_10.jpg,dataset/person_1244/img_15.jpg,1,0.342710
dataset/person_1334/img_09.jpg,dataset/person_1334/img_11.jpg,1,0.430192
dataset/person_1492/img_23.jpg,dataset/person_1492/img_29.jpg,1,0.330007
dataset/person_1580/img_16.jpg,dataset/person_1580/img_29.jpg,1,0.223641
dataset/person_229/img_02.jpg,dataset/person_229/img_14.jpg,1,0.348776
dataset/person_585/img_14.jpg,dataset/person_585/img_18.jpg,1,0.625296
dataset/person_711/img_27.jpg,dataset/person_711/img_50.jpg,1,0.382232
dataset/person_744/img_03.jpg,dataset/person_744/img_08.jpg,1,0.629683
dataset/person_853/img_09.jpg,dataset/person_853/img_18.jpg,1,0.350604
dataset/person_909/img_14.jpg,dataset/person_909/img_31.jpg,1,0.626235
dataset/person_043/img_26.jpg,dataset/person_043/img_38.jpg,1,0.333925
dataset/person_065/img_04.jpg,dataset/person_065/img_24.jpg,1,0.119257
dataset/person_1244/img_15.jpg,dataset/person_1244/img_16.jpg,1,0.337644
dataset/person_1334/img_03.jpg,dataset/person_1334/img_10.jpg,1,0.669920
dataset/person_1492/img_18.jpg,dataset/person_1492/img_32.jpg,1,0.327404
dataset/person_1580/img_12.jpg,dataset/person_1580/img_32.jpg,1,0.281284
dataset/person_229/img_01.jpg,dataset/person_229/img_06.jpg,1,0.275965
dataset/person_585/img_12.jpg,dataset/person_585/img_14.jpg,1,0.204482
dataset/person_711/img_27.jpg,dataset/person_711/img_41.jpg,1,0.201466
dataset/person_744/img_03.jpg,dataset/person_744/img_20.jpg,1,0.562083
dataset/person_853/img_05.jpg,dataset/person_853/img_10.jpg,1,0.488717
dataset/person_909/img_11.jpg,dataset/person_909/img_19.jpg,1,0.674762
dataset/person_043/img_19.jpg,dataset/person_043/img_29.jpg,1,0.520081
dataset/person_065/img_05.jpg,dataset/person_065/img_23.jpg,1,0.218204
dataset/person_1244/img_13.jpg,dataset/person_1244/img_20.jpg,1,0.172590
dataset/person_1334/img_10.jpg,dataset/person_1334/img_27.jpg,1,0.485169
dataset/person_1492/img_24.jpg,dataset/person_1492/img_30.jpg,1,0.454675
dataset/person_1580/img_03.jpg,dataset/person_1580/img_29.jpg,1,0.247318
dataset/person_229/img_04.jpg,dataset/person_229/img_15.jpg,1,0.255403
dataset/person_585/img_03.jpg,dataset/person_585/img_12.jpg,1,0.351197
dataset/person_711/img_01.jpg,dataset/person_711/img_17.jpg,1,0.476419
dataset/person_744/img_08.jpg,dataset/person_744/img_10.jpg,1,0.705980
dataset/person_853/img_07.jpg,dataset/person_853/img_09.jpg,1,0.322063
dataset/person_909/img_05.jpg,dataset/person_909/img_07.jpg,1,0.494846
dataset/person_043/img_14.jpg,dataset/person_043/img_32.jpg,1,0.293490
dataset/person_065/img_13.jpg,dataset/person_065/img_33.jpg,1,0.434585
dataset/person_1244/img_02.jpg,dataset/person_1244/img_14.jpg,1,0.354666
dataset/person_1334/img_10.jpg,dataset/person_1334/img_13.jpg,1,0.374781
dataset/person_1492/img_08.jpg,dataset/person_1492/img_20.jpg,1,0.403732
dataset/person_1580/img_14.jpg,dataset/person_1580/img_21.jpg,1,0.690068
dataset/person_229/img_10.jpg,dataset/person_229/img_17.jpg,1,0.155622
dataset/person_585/img_05.jpg,dataset/person_585/img_16.jpg,1,0.706090
dataset/person_711/img_35.jpg,dataset/person_711/img_44.jpg,1,0.219590
dataset/person_744/img_16.jpg,dataset/person_744/img_17.jpg,1,0.777127
dataset/person_853/img_03.jpg,dataset/person_853/img_06.jpg,1,0.208681
dataset/person_909/img_07.jpg,dataset/person_909/img_31.jpg,1,0.659782
dataset/person_043/img_27.jpg,dataset/person_043/img_32.jpg,1,0.621069
dataset/person_065/img_05.jpg,dataset/person_065/img_20.jpg,1,0.274810
dataset/person_1244/img_06.jpg,dataset/person_1244/img_10.jpg,1,0.440294
dataset/person_1334/img_03.jpg,dataset/person_1334/img_25.jpg,1,0.453441
dataset/person_1492/img_30.jpg,dataset/person_1492/img_32.jpg,1,0.190779
dataset/person_1580/img_15.jpg,dataset/person_1580/img_20.jpg,1,0.149018
dataset/person_229/img_12.jpg,dataset/person_229/img_13.jpg,1,0.326293
dataset/person_585/img_01.jpg,dataset/person_585/img_06.jpg,1,0.125415
dataset/person_711/img_03.jpg,dataset/person_711/img_31.jpg,1,0.463403
dataset/person_744/img_04.jpg,dataset/person_744/img_20.jpg,1,0.461028
dataset/person_853/img_03.jpg,dataset/person_853/img_13.jpg,1,0.376024
dataset/person_909/img_08.jpg,dataset/person_909/img_12.jpg,1,0.788525
dataset/person_043/img_23.jpg,dataset/person_043/img_25.jpg,1,0.486447
dataset/person_065/img_13.jpg,dataset/person_065/img_31.jpg,1,0.204326
dataset/person_1244/img_01.jpg,dataset/person_1244/img_17.jpg,1,0.351639
dataset/person_1334/img_01.jpg,dataset/person_1334/img_22.jpg,1,0.537760
dataset/person_1492/img_01.jpg,dataset/person_1492/img_10.jpg,1,0.544649
dataset/person_1580/img_06.jpg,dataset/person_1580/img_09.jpg,1,0.316597
dataset/person_229/img_06.jpg,dataset/person_229/img_09.jpg,1,0.306153
dataset/person_585/img_04.jpg,dataset/person_585/img_13.jpg,1,0.504151
dataset/person_711/img_09.jpg,dataset/person_711/img_37.jpg,1,0.416565
dataset/person_744/img_05.jpg,dataset/person_744/img_11.jpg,1,0.124765
dataset/person_853/img_13.jpg,dataset/person_853/img_19.jpg,1,0.269326
dataset/person_909/img_19.jpg,dataset/person_909/img_22.jpg,1,0.583973
dataset/person_043/img_06.jpg,dataset/person_043/img_32.jpg,1,0.525558
dataset/person_065/img_23.jpg,dataset/person_065/img_35.jpg,1,0.156515
dataset/person_1244/img_05.jpg,dataset/person_1244/img_08.jpg,1,0.469856
dataset/person_1334/img_18.jpg,dataset/person_1334/img_19.jpg,1,0.635901
dataset/person_1492/img_05.jpg,dataset/person_1492/img_07.jpg,1,0.496681
dataset/person_1580/img_18.jpg,dataset/person_1580/img_30.jpg,1,0.369278
dataset/person_229/img_03.jpg,dataset/person_229/img_06.jpg,1,0.355042
dataset/person_585/img_06.jpg,dataset/person_585/img_17.jpg,1,0.494875
dataset/person_711/img_35.jpg,dataset/person_711/img_50.jpg,1,0.556775
dataset/person_744/img_01.jpg,dataset/person_744/img_14.jpg,1,0.630061
dataset/person_853/img_10.jpg,dataset/person_853/img_11.jpg,1,0.416689
dataset/person_909/img_05.jpg,dataset/person_909/img_22.jpg,1,0.563532
dataset/person_043/img_10.jpg,dataset/person_043/img_24.jpg,1,0.126496
dataset/person_065/img_02.jpg,dataset/person_065/img_05.jpg,1,0.171201
dataset/person_1244/img_07.jpg,dataset/person_1244/img_14.jpg,1,0.518346
dataset/person_1334/img_02.jpg,dataset/person_1334/img_27.jpg,1,0.455767
dataset/person_1492/img_21.jpg,dataset/person_1492/img_33.jpg,1,0.480740
dataset/person_1580/img_12.jpg,dataset/person_1580/img_18.jpg,1,0.362706
dataset/person_229/img_09.jpg,dataset/person_229/img_18.jpg,1,0.239743
dataset/person_585/img_03.jpg,dataset/person_585/img_10.jpg,1,0.412330
dataset/person_711/img_40.jpg,dataset/person_711/img_49.jpg,1,0.514617
dataset/person_744/img_07.jpg,dataset/person_744/img_12.jpg,1,0.351595
dataset/person_853/img_05.jpg,dataset/person_853/img_12.jpg,1,0.421717
dataset/person_909/img_16.jpg,dataset/person_909/img_20.jpg,1,0.630451
dataset/person_043/img_25.jpg,dataset/person_043/img_39.jpg,1,0.454356
dataset/person_065/img_22.jpg,dataset/person_065/img_27.jpg,1,0.276848
dataset/person_1244/img_08.jpg,dataset/person_1244/img_20.jpg,1,0.348172
dataset/person_1334/img_08.jpg,dataset/person_1334/img_10.jpg,1,0.717335
dataset/person_1492/img_02.jpg,dataset/person_1492/img_05.jpg,1,0.492074
dataset/person_1580/img_22.jpg,dataset/person_1580/img_26.jpg,1,0.533565
dataset/person_229/img_01.jpg,dataset/person_229/img_16.jpg,1,0.338033
dataset/person_585/img_15.jpg,dataset/person_585/img_17.jpg,1,0.202117
dataset/person_711/img_20.jpg,dataset/person_711/img_34.jpg,1,0.372250
dataset/person_744/img_03.jpg,dataset/person_744/img_13.jpg,1,0.615411
dataset/person_853/img_08.jpg,dataset/person_853/img_10.jpg,1,-0.056739
dataset/person_909/img_11.jpg,dataset/person_909/img_18.jpg,1,0.664638
dataset/person_043/img_23.jpg,dataset/person_043/img_27.jpg,1,0.416673
dataset/person_065/img_04.jpg,dataset/person_065/img_25.jpg,1,0.368774
dataset/person_1244/img_07.jpg,dataset/person_1244/img_17.jpg,1,0.324024
dataset/person_1334/img_11.jpg,dataset/person_1334/img_22.jpg,1,0.449954
dataset/person_1492/img_02.jpg,dataset/person_1492/img_22.jpg,1,0.527747
dataset/person_1580/img_28.jpg,dataset/person_1580/img_31.jpg,1,0.508024
dataset/person_229/img_04.jpg,dataset/person_229/img_18.jpg,1,0.395272
dataset/person_585/img_03.jpg,dataset/person_585/img_04.jpg,1,0.687735
dataset/person_711/img_05.jpg,dataset/person_711/img_08.jpg,1,0.306569
dataset/person_744/img_06.jpg,dataset/person_744/img_11.jpg,1,0.609207
dataset/person_853/img_10.jpg,dataset/person_853/img_19.jpg,1,0.449040
dataset/person_909/img_09.jpg,dataset/person_909/img_12.jpg,1,0.726113
dataset/person_043/img_15.jpg,dataset/person_043/img_23.jpg,1,0.582039
dataset/person_065/img_18.jpg,dataset/person_065/img_31.jpg,1,0.300479
dataset/person_1244/img_01.jpg,dataset/person_1244/img_04.jpg,1,0.494569
dataset/person_1334/img_16.jpg,dataset/person_1334/img_24.jpg,1,0.538098
dataset/person_1492/img_12.jpg,dataset/person_1492/img_20.jpg,1,0.620318
dataset/person_1580/img_03.jpg,dataset/person_1580/img_09.jpg,1,0.325523
dataset/person_229/img_04.jpg,dataset/person_229/img_17.jpg,1,0.357226
dataset/person_585/img_16.jpg,dataset/person_585/img_22.jpg,1,0.723183
dataset/person_711/img_09.jpg,dataset/person_711/img_27.jpg,1,0.446868
dataset/person_744/img_08.jpg,dataset/person_744/img_15.jpg,1,0.625755
dataset/person_853/img_04.jpg,dataset/person_853/img_09.jpg,1,0.368058
dataset/person_909/img_01.jpg,dataset/person_909/img_08.jpg,1,0.608138
dataset/person_043/img_18.jpg,dataset/person_043/img_38.jpg,1,0.355918
dataset/person_065/img_15.jpg,dataset/person_065/img_34.jpg,1,0.455462
dataset/person_1244/img_08.jpg,dataset/person_1244/img_12.jpg,1,0.747380
dataset/person_1334/img_10.jpg,dataset/person_1334/img_26.jpg,1,0.586380
dataset/person_1492/img_01.jpg,dataset/person_1492/img_19.jpg,1,0.599749
dataset/person_1580/img_16.jpg,dataset/person_1580/img_22.jpg,1,0.404634
dataset/person_229/img_05.jpg,dataset/person_229/img_12.jpg,1,0.262371
dataset/person_585/img_20.jpg,dataset/person_585/img_21.jpg,1,0.428018
dataset/person_711/img_37.jpg,dataset/person_711/img_52.jpg,1,0.603032
dataset/person_744/img_03.jpg,dataset/person_744/img_09.jpg,1,0.577414
dataset/person_853/img_12.jpg,dataset/person_853/img_19.jpg,1,0.404176
dataset/person_909/img_06.jpg,dataset/person_909/img_09.jpg,1,0.694401
dataset/person_043/img_15.jpg,dataset/person_043/img_37.jpg,1,0.202297
dataset/person_065/img_16.jpg,dataset/person_065/img_17.jpg,1,0.071730
dataset/person_1244/img_01.jpg,dataset/person_1244/img_05.jpg,1,0.339489
dataset/person_1334/img_16.jpg,dataset/person_1334/img_20.jpg,1,0.420732
dataset/person_1492/img_21.jpg,dataset/person_1492/img_27.jpg,1,0.345071
dataset/person_1580/img_02.jpg,dataset/person_1580/img_31.jpg,1,0.665640
dataset/person_229/img_03.jpg,dataset/person_229/img_09.jpg,1,0.406694
dataset/person_585/img_06.jpg,dataset/person_585/img_16.jpg,1,0.614286
dataset/person_711/img_21.jpg,dataset/person_711/img_23.jpg,1,0.597883
dataset/person_744/img_01.jpg,dataset/person_744/img_11.jpg,1,0.599651
dataset/person_853/img_03.jpg,dataset/person_853/img_17.jpg,1,0.334336
dataset/person_909/img_09.jpg,dataset/person_909/img_19.jpg,1,0.687489
dataset/person_043/img_04.jpg,dataset/person_043/img_17.jpg,1,0.265753
dataset/person_065/img_18.jpg,dataset/person_065/img_33.jpg,1,0.493883
dataset/person_1244/img_01.jpg,dataset/person_1244/img_18.jpg,1,0.564201
dataset/person_1334/img_15.jpg,dataset/person_1334/img_23.jpg,1,0.464281
dataset/person_1492/img_12.jpg,dataset/person_1492/img_22.jpg,1,0.688326
dataset/person_1580/img_05.jpg,dataset/person_1580/img_06.jpg,1,0.527371
dataset/person_229/img_04.jpg,dataset/person_229/img_12.jpg,1,0.290039
dataset/person_585/img_04.jpg,dataset/person_585/img_16.jpg,1,0.615646
dataset/person_711/img_03.jpg,dataset/person_711/img_44.jpg,1,0.244346
dataset/person_744/img_01.jpg,dataset/person_744/img_16.jpg,1,0.641916
dataset/person_853/img_02.jpg,dataset/person_853/img_08.jpg,1,-0.098821
dataset/person_909/img_07.jpg,dataset/person_909/img_32.jpg,1,0.521967
dataset/person_043/img_08.jpg,dataset/person_043/img_17.jpg,1,0.323510
dataset/person_065/img_19.jpg,dataset/person_065/img_28.jpg,1,0.305937
dataset/person_1244/img_13.jpg,dataset/person_1244/img_19.jpg,1,0.480728
dataset/person_1334/img_07.jpg,dataset/person_1334/img_24.jpg,1,0.321228
dataset/person_1492/img_16.jpg,dataset/person_1492/img_27.jpg,1,0.325646
dataset/person_1580/img_06.jpg,dataset/person_1580/img_13.jpg,1,0.429764
dataset/person_229/img_03.jpg,dataset/person_229/img_05.jpg,1,0.618256
dataset/person_585/img_06.jpg,dataset/person_585/img_10.jpg,1,0.261806
dataset/person_711/img_42.jpg,dataset/person_711/img_50.jpg,1,0.265794
dataset/person_744/img_04.jpg,dataset/person_744/img_18.jpg,1,0.382796
dataset/person_853/img_12.jpg,dataset/person_853/img_16.jpg,1,0.353874
dataset/person_909/img_06.jpg,dataset/person_909/img_23.jpg,1,0.802487
dataset/person_043/img_07.jpg,dataset/person_043/img_25.jpg,1,0.433076
dataset/person_065/img_18.jpg,dataset/person_065/img_30.jpg,1,0.382528
dataset/person_1244/img_13.jpg,dataset/person_1244/img_16.jpg,1,0.542656
dataset/person_1334/img_23.jpg,dataset/person_1334/img_26.jpg,1,0.470912
dataset/person_1492/img_01.jpg,dataset/person_1492/img_26.jpg,1,0.314845
dataset/person_1580/img_22.jpg,dataset/person_1580/img_25.jpg,1,0.395580
dataset/person_585/img_09.jpg,dataset/person_585/img_20.jpg,1,0.482610
dataset/person_711/img_01.jpg,dataset/person_711/img_50.jpg,1,0.494578
dataset/person_744/img_02.jpg,dataset/person_744/img_05.jpg,1,0.055988
dataset/person_909/img_14.jpg,dataset/person_909/img_21.jpg,1,0.633819
dataset/person_043/img_25.jpg,dataset/person_043/img_26.jpg,1,0.215958
dataset/person_065/img_16.jpg,dataset/person_065/img_23.jpg,1,0.033458
dataset/person_1244/img_05.jpg,dataset/person_1244/img_17.jpg,1,0.234590
dataset/person_1334/img_01.jpg,dataset/person_1334/img_25.jpg,1,0.180168
dataset/person_1492/img_05.jpg,dataset/person_1492/img_09.jpg,1,0.304360
dataset/person_1580/img_04.jpg,dataset/person_1580/img_05.jpg,1,0.208873
dataset/person_585/img_07.jpg,dataset/person_585/img_12.jpg,1,0.261582
dataset/person_711/img_22.jpg,dataset/person_711/img_39.jpg,1,0.405443
dataset/person_744/img_08.jpg,dataset/person_744/img_19.jpg,1,0.702483
dataset/person_909/img_01.jpg,dataset/person_909/img_23.jpg,1,0.708527
dataset/person_043/img_11.jpg,dataset/person_043/img_23.jpg,1,0.285663
dataset/person_065/img_04.jpg,dataset/person_065/img_07.jpg,1,0.299236
dataset/person_1244/img_09.jpg,dataset/person_1244/img_14.jpg,1,0.579756
dataset/person_1334/img_16.jpg,dataset/person_1334/img_21.jpg,1,0.529577
dataset/person_1492/img_01.jpg,dataset/person_1492/img_24.jpg,1,0.665589
dataset/person_1580/img_23.jpg,dataset/person_1580/img_31.jpg,1,0.348546
dataset/person_585/img_12.jpg,dataset/person_585/img_13.jpg,1,0.284647
dataset/person_711/img_40.jpg,dataset/person_711/img_47.jpg,1,0.413165
dataset/person_744/img_12.jpg,dataset/person_744/img_17.jpg,1,0.780960
dataset/person_909/img_02.jpg,dataset/person_909/img_21.jpg,1,0.664248
dataset/person_043/img_01.jpg,dataset/person_043/img_23.jpg,1,0.310856
dataset/person_065/img_29.jpg,dataset/person_065/img_34.jpg,1,0.497652
dataset/person_1244/img_12.jpg,dataset/person_1244/img_16.jpg,1,0.470344
dataset/person_1334/img_22.jpg,dataset/person_1334/img_26.jpg,1,0.575835
dataset/person_1492/img_08.jpg,dataset/person_1492/img_11.jpg,1,0.219245
dataset/person_1580/img_21.jpg,dataset/person_1580/img_33.jpg,1,0.367601
dataset/person_585/img_03.jpg,dataset/person_585/img_07.jpg,1,0.628466
dataset/person_711/img_02.jpg,dataset/person_711/img_26.jpg,1,0.336274
dataset/person_744/img_16.jpg,dataset/person_744/img_20.jpg,1,0.615558
dataset/person_909/img_15.jpg,dataset/person_909/img_29.jpg,1,0.553944
dataset/person_043/img_07.jpg,dataset/person_043/img_30.jpg,1,0.364796
dataset/person_065/img_23.jpg,dataset/person_065/img_24.jpg,1,0.285206
dataset/person_1244/img_06.jpg,dataset/person_1244/img_15.jpg,1,0.416393
dataset/person_1334/img_02.jpg,dataset/person_1334/img_20.jpg,1,0.334550
dataset/person_1492/img_29.jpg,dataset/person_1492/img_32.jpg,1,0.214938
dataset/person_1580/img_24.jpg,dataset/person_1580/img_31.jpg,1,0.511666
dataset/person_585/img_05.jpg,dataset/person_585/img_20.jpg,1,0.447977
dataset/person_711/img_04.jpg,dataset/person_711/img_25.jpg,1,0.310776
dataset/person_744/img_11.jpg,dataset/person_744/img_20.jpg,1,0.639400
dataset/person_909/img_30.jpg,dataset/person_909/img_32.jpg,1,0.631060
dataset/person_043/img_07.jpg,dataset/person_043/img_20.jpg,1,0.612792
dataset/person_065/img_10.jpg,dataset/person_065/img_19.jpg,1,0.569389
dataset/person_1244/img_10.jpg,dataset/person_1244/img_17.jpg,1,0.310450
dataset/person_1334/img_21.jpg,dataset/person_1334/img_22.jpg,1,0.699674
dataset/person_1492/img_04.jpg,dataset/person_1492/img_31.jpg,1,0.417054
dataset/person_1580/img_16.jpg,dataset/person_1580/img_20.jpg,1,0.233617
dataset/person_585/img_08.jpg,dataset/person_585/img_18.jpg,1,0.417855
dataset/person_711/img_03.jpg,dataset/person_711/img_47.jpg,1,0.263941
dataset/person_744/img_12.jpg,dataset/person_744/img_18.jpg,1,0.559173
dataset/person_909/img_09.jpg,dataset/person_909/img_11.jpg,1,0.748900
dataset/person_043/img_01.jpg,dataset/person_043/img_09.jpg,1,0.299435
dataset/person_065/img_20.jpg,dataset/person_065/img_22.jpg,1,0.247280
dataset/person_1244/img_10.jpg,dataset/person_1244/img_13.jpg,1,0.340847
dataset/person_1334/img_14.jpg,dataset/person_1334/img_16.jpg,1,0.357378
dataset/person_1492/img_17.jpg,dataset/person_1492/img_28.jpg,1,0.425355
dataset/person_1580/img_08.jpg,dataset/person_1580/img_20.jpg,1,0.409469
dataset/person_585/img_01.jpg,dataset/person_585/img_10.jpg,1,0.630055
dataset/person_711/img_03.jpg,dataset/person_711/img_08.jpg,1,0.484284
dataset/person_744/img_07.jpg,dataset/person_744/img_17.jpg,1,0.354204
dataset/person_909/img_23.jpg,dataset/person_909/img_25.jpg,1,0.679090
dataset/person_043/img_02.jpg,dataset/person_043/img_37.jpg,1,0.528324
dataset/person_065/img_12.jpg,dataset/person_065/img_25.jpg,1,0.052463
dataset/person_1244/img_04.jpg,dataset/person_1244/img_19.jpg,1,0.528640
dataset/person_1334/img_10.jpg,dataset/person_1334/img_24.jpg,1,0.447873
dataset/person_1492/img_19.jpg,dataset/person_1492/img_30.jpg,1,0.412223
dataset/person_1580/img_19.jpg,dataset/person_1580/img_27.jpg,1,0.568313
dataset/person_585/img_17.jpg,dataset/person_585/img_20.jpg,1,0.415189
dataset/person_711/img_08.jpg,dataset/person_711/img_16.jpg,1,0.457851
dataset/person_744/img_01.jpg,dataset/person_744/img_02.jpg,1,0.707743
dataset/person_909/img_05.jpg,dataset/person_909/img_27.jpg,1,0.672477
dataset/person_043/img_02.jpg,dataset/person_043/img_25.jpg,1,0.425868
dataset/person_065/img_21.jpg,dataset/person_065/img_23.jpg,1,0.469543
dataset/person_1244/img_04.jpg,dataset/person_1244/img_05.jpg,1,0.587381
dataset/person_1334/img_08.jpg,dataset/person_1334/img_23.jpg,1,0.505590
dataset/person_1492/img_21.jpg,dataset/person_1492/img_25.jpg,1,0.472953
dataset/person_1580/img_03.jpg,dataset/person_1580/img_11.jpg,1,0.156402
dataset/person_585/img_07.jpg,dataset/person_585/img_13.jpg,1,0.582528
dataset/person_711/img_11.jpg,dataset/person_711/img_32.jpg,1,0.532481
dataset/person_744/img_16.jpg,dataset/person_744/img_18.jpg,1,0.539731
dataset/person_909/img_07.jpg,dataset/person_909/img_08.jpg,1,0.576898
dataset/person_043/img_27.jpg,dataset/person_043/img_38.jpg,1,0.403360
dataset/person_065/img_05.jpg,dataset/person_065/img_12.jpg,1,0.151299
dataset/person_1244/img_09.jpg,dataset/person_1244/img_15.jpg,1,0.443747
dataset/person_1334/img_08.jpg,dataset/person_1334/img_16.jpg,1,0.531275
dataset/person_1492/img_03.jpg,dataset/person_1492/img_12.jpg,1,0.511728
dataset/person_1580/img_24.jpg,dataset/person_1580/img_25.jpg,1,0.349177
dataset/person_585/img_09.jpg,dataset/person_585/img_15.jpg,1,0.249314
dataset/person_711/img_29.jpg,dataset/person_711/img_38.jpg,1,0.429895
dataset/person_744/img_09.jpg,dataset/person_744/img_17.jpg,1,0.604893
dataset/person_909/img_05.jpg,dataset/person_909/img_26.jpg,1,0.469203
dataset/person_043/img_02.jpg,dataset/person_043/img_34.jpg,1,0.642697
dataset/person_065/img_03.jpg,dataset/person_065/img_09.jpg,1,0.757292
dataset/person_1244/img_09.jpg,dataset/person_1244/img_13.jpg,1,0.375223
dataset/person_1334/img_07.jpg,dataset/person_1334/img_26.jpg,1,0.596687
dataset/person_1492/img_10.jpg,dataset/person_1492/img_16.jpg,1,0.146753
dataset/person_1580/img_07.jpg,dataset/person_1580/img_27.jpg,1,0.592215
dataset/person_585/img_02.jpg,dataset/person_585/img_19.jpg,1,0.272523
dataset/person_711/img_03.jpg,dataset/person_711/img_41.jpg,1,0.201718
dataset/person_744/img_12.jpg,dataset/person_744/img_20.jpg,1,0.731589
dataset/person_909/img_05.jpg,dataset/person_909/img_24.jpg,1,0.627961
dataset/person_043/img_27.jpg,dataset/person_043/img_37.jpg,1,0.421857
dataset/person_065/img_17.jpg,dataset/person_065/img_25.jpg,1,0.225967
dataset/person_1244/img_11.jpg,dataset/person_1244/img_16.jpg,1,0.435852
dataset/person_1334/img_07.jpg,dataset/person_1334/img_21.jpg,1,0.447094
dataset/person_1492/img_05.jpg,dataset/person_1492/img_32.jpg,1,0.155517
dataset/person_1580/img_08.jpg,dataset/person_1580/img_22.jpg,1,0.678154
dataset/person_585/img_13.jpg,dataset/person_585/img_20.jpg,1,0.500648
dataset/person_711/img_30.jpg,dataset/person_711/img_48.jpg,1,0.458708
dataset/person_744/img_06.jpg,dataset/person_744/img_08.jpg,1,0.676395
dataset/person_909/img_02.jpg,dataset/person_909/img_22.jpg,1,0.621342
dataset/person_043/img_11.jpg,dataset/person_043/img_15.jpg,1,0.233650
dataset/person_065/img_19.jpg,dataset/person_065/img_23.jpg,1,0.266629
dataset/person_1244/img_01.jpg,dataset/person_1244/img_02.jpg,1,0.491589
dataset/person_1334/img_04.jpg,dataset/person_1334/img_16.jpg,1,0.383049
dataset/person_1492/img_14.jpg,dataset/person_1492/img_28.jpg,1,0.370064
dataset/person_1580/img_16.jpg,dataset/person_1580/img_33.jpg,1,0.314184
dataset/person_585/img_17.jpg,dataset/person_585/img_19.jpg,1,0.328908
dataset/person_711/img_10.jpg,dataset/person_711/img_27.jpg,1,0.162533
dataset/person_744/img_05.jpg,dataset/person_744/img_18.jpg,1,0.207197
dataset/person_909/img_05.jpg,dataset/person_909/img_18.jpg,1,0.496436
dataset/person_043/img_21.jpg,dataset/person_043/img_37.jpg,1,0.351817
dataset/person_065/img_03.jpg,dataset/person_065/img_21.jpg,1,0.434300
dataset/person_1244/img_12.jpg,dataset/person_1244/img_20.jpg,1,0.363969
dataset/person_1334/img_07.jpg,dataset/person_1334/img_11.jpg,1,0.460418
dataset/person_1492/img_11.jpg,dataset/person_1492/img_31.jpg,1,0.517527
dataset/person_1580/img_09.jpg,dataset/person_1580/img_31.jpg,1,0.396070
dataset/person_585/img_13.jpg,dataset/person_585/img_14.jpg,1,0.561050
dataset/person_711/img_11.jpg,dataset/person_711/img_46.jpg,1,0.384855
dataset/person_744/img_02.jpg,dataset/person_744/img_16.jpg,1,0.453684
dataset/person_909/img_12.jpg,dataset/person_909/img_26.jpg,1,0.508171
dataset/person_043/img_18.jpg,dataset/person_043/img_35.jpg,1,0.186015
dataset/person_065/img_17.jpg,dataset/person_065/img_20.jpg,1,0.318485
dataset/person_1244/img_03.jpg,dataset/person_1244/img_20.jpg,1,0.183760
dataset/person_1334/img_01.jpg,dataset/person_1334/img_12.jpg,1,0.463518
dataset/person_1492/img_30.jpg,dataset/person_1492/img_31.jpg,1,0.351176
dataset/person_1580/img_13.jpg,dataset/person_1580/img_21.jpg,1,0.566949
dataset/person_585/img_04.jpg,dataset/person_585/img_08.jpg,1,0.370342
dataset/person_711/img_19.jpg,dataset/person_711/img_35.jpg,1,0.472142
dataset/person_744/img_07.jpg,dataset/person_744/img_13.jpg,1,0.330565
dataset/person_909/img_08.jpg,dataset/person_909/img_13.jpg,1,0.670427
dataset/person_043/img_07.jpg,dataset/person_043/img_38.jpg,1,0.519197
dataset/person_065/img_05.jpg,dataset/person_065/img_33.jpg,1,0.225049
dataset/person_1244/img_02.jpg,dataset/person_1244/img_18.jpg,1,0.535454
dataset/person_1334/img_01.jpg,dataset/person_1334/img_09.jpg,1,0.502526
dataset/person_1492/img_11.jpg,dataset/person_1492/img_32.jpg,1,0.028716
dataset/person_1580/img_11.jpg,dataset/person_1580/img_12.jpg,1,0.380428
dataset/person_585/img_07.jpg,dataset/person_585/img_09.jpg,1,0.659431
dataset/person_711/img_18.jpg,dataset/person_711/img_31.jpg,1,0.355261
dataset/person_744/img_05.jpg,dataset/person_744/img_19.jpg,1,0.147147
dataset/person_909/img_09.jpg,dataset/person_909/img_26.jpg,1,0.524494
dataset/person_043/img_09.jpg,dataset/person_043/img_19.jpg,1,0.593838
dataset/person_065/img_22.jpg,dataset/person_065/img_23.jpg,1,0.369646
dataset/person_1244/img_03.jpg,dataset/person_1244/img_07.jpg,1,0.321365
dataset/person_1334/img_17.jpg,dataset/person_1334/img_18.jpg,1,0.596580
dataset/person_1492/img_19.jpg,dataset/person_1492/img_24.jpg,1,0.563678
dataset/person_1580/img_26.jpg,dataset/person_1580/img_31.jpg,1,0.640619
dataset/person_585/img_06.jpg,dataset/person_585/img_12.jpg,1,0.312605
dataset/person_711/img_21.jpg,dataset/person_711/img_55.jpg,1,0.469058
dataset/person_744/img_14.jpg,dataset/person_744/img_19.jpg,1,0.606149
dataset/person_909/img_05.jpg,dataset/person_909/img_11.jpg,1,0.620030
dataset/person_043/img_31.jpg,dataset/person_043/img_37.jpg,1,0.293637
dataset/person_065/img_14.jpg,dataset/person_065/img_34.jpg,1,0.306333
dataset/person_1244/img_02.jpg,dataset/person_1244/img_12.jpg,1,0.379915
dataset/person_1334/img_01.jpg,dataset/person_1334/img_13.jpg,1,0.374655
dataset/person_1492/img_06.jpg,dataset/person_1492/img_21.jpg,1,0.392829
dataset/person_1580/img_20.jpg,dataset/person_1580/img_32.jpg,1,0.307366
dataset/person_585/img_02.jpg,dataset/person_585/img_11.jpg,1,0.701365
dataset/person_711/img_35.jpg,dataset/person_711/img_51.jpg,1,0.358867
dataset/person_744/img_09.jpg,dataset/person_744/img_10.jpg,1,0.652301
dataset/person_909/img_12.jpg,dataset/person_909/img_28.jpg,1,0.751070
dataset/person_043/img_07.jpg,dataset/person_043/img_14.jpg,1,0.208816
dataset/person_065/img_25.jpg,dataset/person_065/img_32.jpg,1,0.338975
dataset/person_1244/img_19.jpg,dataset/person_1244/img_20.jpg,1,0.295262
dataset/person_1334/img_20.jpg,dataset/person_1334/img_25.jpg,1,0.227549
dataset/person_1492/img_31.jpg,dataset/person_1492/img_32.jpg,1,0.171676
dataset/person_1580/img_11.jpg,dataset/person_1580/img_21.jpg,1,0.323460
dataset/person_585/img_02.jpg,dataset/person_585/img_15.jpg,1,0.169791
dataset/person_711/img_19.jpg,dataset/person_711/img_29.jpg,1,0.395831
dataset/person_744/img_09.jpg,dataset/person_744/img_13.jpg,1,0.777566
dataset/person_909/img_04.jpg,dataset/person_909/img_14.jpg,1,0.609420
dataset/person_043/img_04.jpg,dataset/person_043/img_29.jpg,1,0.496787
dataset/person_065/img_17.jpg,dataset/person_065/img_30.jpg,1,0.494785
dataset/person_1334/img_03.jpg,dataset/person_1334/img_20.jpg,1,0.521591
dataset/person_1492/img_06.jpg,dataset/person_1492/img_11.jpg,1,0.442496
dataset/person_1580/img_27.jpg,dataset/person_1580/img_31.jpg,1,0.632235
dataset/person_585/img_08.jpg,dataset/person_585/img_09.jpg,1,0.438401
dataset/person_711/img_20.jpg,dataset/person_711/img_52.jpg,1,0.532612
dataset/person_909/img_11.jpg,dataset/person_909/img_13.jpg,1,0.767066
dataset/person_043/img_16.jpg,dataset/person_043/img_36.jpg,1,0.340203
dataset/person_065/img_08.jpg,dataset/person_065/img_16.jpg,1,-0.014806
dataset/person_1334/img_03.jpg,dataset/person_1334/img_06.jpg,1,0.742235
dataset/person_1492/img_03.jpg,dataset/person_1492/img_14.jpg,1,0.588538
dataset/person_1580/img_16.jpg,dataset/person_1580/img_25.jpg,1,0.223586
dataset/person_585/img_04.jpg,dataset/person_585/img_10.jpg,1,0.392955
dataset/person_711/img_14.jpg,dataset/person_711/img_38.jpg,1,0.559953
dataset/person_909/img_07.jpg,dataset/person_909/img_09.jpg,1,0.575022
dataset/person_043/img_08.jpg,dataset/person_043/img_12.jpg,1,0.364972
dataset/person_065/img_02.jpg,dataset/person_065/img_32.jpg,1,0.243319
dataset/person_1334/img_12.jpg,dataset/person_1334/img_26.jpg,1,0.632120
dataset/person_1492/img_22.jpg,dataset/person_1492/img_26.jpg,1,0.461639
dataset/person_1580/img_05.jpg,dataset/person_1580/img_31.jpg,1,0.494005
dataset/person_585/img_08.jpg,dataset/person_585/img_17.jpg,1,0.364438
dataset/person_711/img_01.jpg,dataset/person_711/img_36.jpg,1,0.188675
dataset/person_909/img_16.jpg,dataset/person_909/img_25.jpg,1,0.545115
dataset/person_043/img_24.jpg,dataset/person_043/img_30.jpg,1,0.367759
dataset/person_065/img_08.jpg,dataset/person_065/img_31.jpg,1,0.108318
dataset/person_1334/img_05.jpg,dataset/person_1334/img_14.jpg,1,0.349518
dataset/person_1492/img_04.jpg,dataset/person_1492/img_25.jpg,1,0.690082
dataset/person_1580/img_03.jpg,dataset/person_1580/img_12.jpg,1,0.158469
dataset/person_585/img_13.jpg,dataset/person_585/img_21.jpg,1,0.652673
dataset/person_711/img_18.jpg,dataset/person_711/img_34.jpg,1,0.235671
dataset/person_909/img_06.jpg,dataset/person_909/img_22.jpg,1,0.633758
dataset/person_043/img_14.jpg,dataset/person_043/img_15.jpg,1,0.216341
dataset/person_065/img_18.jpg,dataset/person_065/img_19.jpg,1,0.325452
dataset/person_1334/img_08.jpg,dataset/person_1334/img_24.jpg,1,0.344558
dataset/person_1492/img_08.jpg,dataset/person_1492/img_17.jpg,1,0.248717
dataset/person_1580/img_15.jpg,dataset/person_1580/img_21.jpg,1,0.455477
dataset/person_585/img_03.jpg,dataset/person_585/img_16.jpg,1,0.795830
dataset/person_711/img_05.jpg,dataset/person_711/img_38.jpg,1,0.446329
dataset/person_909/img_11.jpg,dataset/person_909/img_27.jpg,1,0.818260
dataset/person_043/img_06.jpg,dataset/person_043/img_21.jpg,1,0.311605
dataset/person_065/img_27.jpg,dataset/person_065/img_32.jpg,1,0.439356
dataset/person_1334/img_16.jpg,dataset/person_1334/img_18.jpg,1,0.738754
dataset/person_1492/img_06.jpg,dataset/person_1492/img_10.jpg,1,0.591168
dataset/person_1580/img_06.jpg,dataset/person_1580/img_18.jpg,1,0.311396
dataset/person_585/img_16.jpg,dataset/person_585/img_19.jpg,1,0.303180
dataset/person_711/img_27.jpg,dataset/person_711/img_44.jpg,1,0.235964
dataset/person_909/img_21.jpg,dataset/person_909/img_24.jpg,1,0.711398
dataset/person_043/img_03.jpg,dataset/person_043/img_25.jpg,1,0.042575
dataset/person_065/img_13.jpg,dataset/person_065/img_30.jpg,1,0.217477
dataset/person_1334/img_06.jpg,dataset/person_1334/img_26.jpg,1,0.571562
dataset/person_1492/img_05.jpg,dataset/person_1492/img_24.jpg,1,0.477282
dataset/person_1580/img_17.jpg,dataset/person_1580/img_32.jpg,1,0.340940
dataset/person_585/img_02.jpg,dataset/person_585/img_13.jpg,1,0.681874
dataset/person_711/img_01.jpg,dataset/person_711/img_14.jpg,1,0.477683
dataset/person_909/img_01.jpg,dataset/person_909/img_06.jpg,1,0.688694
dataset/person_043/img_34.jpg,dataset/person_043/img_35.jpg,1,0.271962
dataset/person_065/img_07.jpg,dataset/person_065/img_25.jpg,1,0.348924
dataset/person_1334/img_03.jpg,dataset/person_1334/img_27.jpg,1,0.529285
dataset/person_1492/img_23.jpg,dataset/person_1492/img_28.jpg,1,0.323870
dataset/person_1580/img_12.jpg,dataset/person_1580/img_33.jpg,1,0.473176
dataset/person_585/img_16.jpg,dataset/person_585/img_18.jpg,1,0.725625
dataset/person_711/img_40.jpg,dataset/person_711/img_42.jpg,1,0.274240
dataset/person_909/img_02.jpg,dataset/person_909/img_06.jpg,1,0.679695
dataset/person_043/img_15.jpg,dataset/person_043/img_16.jpg,1,0.468809
dataset/person_065/img_05.jpg,dataset/person_065/img_15.jpg,1,0.233025
dataset/person_1334/img_09.jpg,dataset/person_1334/img_24.jpg,1,0.363453
dataset/person_1492/img_11.jpg,dataset/person_1492/img_22.jpg,1,0.433550
dataset/person_1580/img_01.jpg,dataset/person_1580/img_29.jpg,1,0.374658
dataset/person_585/img_01.jpg,dataset/person_585/img_14.jpg,1,0.164298
dataset/person_711/img_03.jpg,dataset/person_711/img_26.jpg,1,0.265360
dataset/person_909/img_14.jpg,dataset/person_909/img_19.jpg,1,0.679705
dataset/person_043/img_11.jpg,dataset/person_043/img_39.jpg,1,0.287841
dataset/person_065/img_09.jpg,dataset/person_065/img_22.jpg,1,0.342815
dataset/person_1334/img_06.jpg,dataset/person_1334/img_10.jpg,1,0.572894
dataset/person_1492/img_28.jpg,dataset/person_1492/img_33.jpg,1,0.264396
dataset/person_1580/img_07.jpg,dataset/person_1580/img_14.jpg,1,0.549232
dataset/person_585/img_07.jpg,dataset/person_585/img_11.jpg,1,0.627760
dataset/person_711/img_31.jpg,dataset/person_711/img_46.jpg,1,0.759560
dataset/person_909/img_26.jpg,dataset/person_909/img_32.jpg,1,0.399514
dataset/person_043/img_21.jpg,dataset/person_043/img_33.jpg,1,0.305566
dataset/person_065/img_10.jpg,dataset/person_065/img_17.jpg,1,0.580788
dataset/person_1334/img_15.jpg,dataset/person_1334/img_25.jpg,1,0.294433
dataset/person_1492/img_03.jpg,dataset/person_1492/img_30.jpg,1,0.155599
dataset/person_1580/img_01.jpg,dataset/person_1580/img_06.jpg,1,0.556439
dataset/person_585/img_13.jpg,dataset/person_585/img_22.jpg,1,0.648697
dataset/person_711/img_02.jpg,dataset/person_711/img_42.jpg,1,0.276917
dataset/person_909/img_21.jpg,dataset/person_909/img_29.jpg,1,0.660698
dataset/person_043/img_14.jpg,dataset/person_043/img_19.jpg,1,0.233100
dataset/person_065/img_09.jpg,dataset/person_065/img_18.jpg,1,0.338303
dataset/person_1334/img_05.jpg,dataset/person_1334/img_11.jpg,1,0.343419
dataset/person_1492/img_13.jpg,dataset/person_1492/img_16.jpg,1,0.320456
dataset/person_1580/img_09.jpg,dataset/person_1580/img_30.jpg,1,0.361899
dataset/person_585/img_05.jpg,dataset/person_585/img_22.jpg,1,0.672758
dataset/person_711/img_03.jpg,dataset/person_711/img_45.jpg,1,0.496260
dataset/person_909/img_11.jpg,dataset/person_909/img_15.jpg,1,0.684894
dataset/person_043/img_16.jpg,dataset/person_043/img_30.jpg,1,0.278588
dataset/person_065/img_17.jpg,dataset/person_065/img_21.jpg,1,0.547871
dataset/person_1334/img_04.jpg,dataset/person_1334/img_06.jpg,1,0.459323
dataset/person_1492/img_08.jpg,dataset/person_1492/img_24.jpg,1,0.231242
dataset/person_1580/img_03.jpg,dataset/person_1580/img_10.jpg,1,0.409712
dataset/person_585/img_04.jpg,dataset/person_585/img_14.jpg,1,0.466446
dataset/person_711/img_16.jpg,dataset/person_711/img_44.jpg,1,0.342323
dataset/person_909/img_02.jpg,dataset/person_909/img_25.jpg,1,0.625383
dataset/person_043/img_02.jpg,dataset/person_043/img_20.jpg,1,0.509687
dataset/person_065/img_18.jpg,dataset/person_065/img_29.jpg,1,0.421508
dataset/person_1334/img_05.jpg,dataset/person_1334/img_24.jpg,1,0.366562
dataset/person_1492/img_11.jpg,dataset/person_1492/img_21.jpg,1,0.319023
dataset/person_1580/img_04.jpg,dataset/person_1580/img_11.jpg,1,0.119596
dataset/person_585/img_03.jpg,dataset/person_585/img_13.jpg,1,0.654761
dataset/person_711/img_25.jpg,dataset/person_711/img_35.jpg,1,0.389038
dataset/person_909/img_20.jpg,dataset/person_909/img_29.jpg,1,0.626383
dataset/person_043/img_03.jpg,dataset/person_043/img_29.jpg,1,-0.031126
dataset/person_065/img_11.jpg,dataset/person_065/img_23.jpg,1,0.309121
dataset/person_1334/img_11.jpg,dataset/person_1334/img_16.jpg,1,0.665788
dataset/person_1492/img_10.jpg,dataset/person_1492/img_12.jpg,1,0.775488
dataset/person_1580/img_30.jpg,dataset/person_1580/img_33.jpg,1,0.290621
dataset/person_585/img_13.jpg,dataset/person_585/img_15.jpg,1,0.232734
dataset/person_711/img_05.jpg,dataset/person_711/img_13.jpg,1,-0.146648
dataset/person_909/img_07.jpg,dataset/person_909/img_16.jpg,1,0.566251
dataset/person_043/img_02.jpg,dataset/person_043/img_27.jpg,1,0.570406
dataset/person_065/img_01.jpg,dataset/person_065/img_22.jpg,1,0.329422
dataset/person_1334/img_18.jpg,dataset/person_1334/img_23.jpg,1,0.387952
dataset/person_1492/img_14.jpg,dataset/person_1492/img_33.jpg,1,0.662589
dataset/person_1580/img_11.jpg,dataset/person_1580/img_24.jpg,1,0.441637
dataset/person_585/img_17.jpg,dataset/person_585/img_18.jpg,1,0.631766
dataset/person_711/img_13.jpg,dataset/person_711/img_25.jpg,1,0.183090
dataset/person_909/img_04.jpg,dataset/person_909/img_27.jpg,1,0.741040
dataset/person_043/img_13.jpg,dataset/person_043/img_36.jpg,1,0.411696
dataset/person_065/img_24.jpg,dataset/person_065/img_31.jpg,1,0.307351
dataset/person_1334/img_21.jpg,dataset/person_1334/img_24.jpg,1,0.517183
dataset/person_1492/img_19.jpg,dataset/person_1492/img_25.jpg,1,0.462242
dataset/person_1580/img_31.jpg,dataset/person_1580/img_33.jpg,1,0.261264
dataset/person_585/img_02.jpg,dataset/person_585/img_10.jpg,1,0.476441
dataset/person_711/img_13.jpg,dataset/person_711/img_49.jpg,1,0.137644
dataset/person_909/img_06.jpg,dataset/person_909/img_07.jpg,1,0.605627
dataset/person_043/img_11.jpg,dataset/person_043/img_24.jpg,1,0.381674
dataset/person_065/img_14.jpg,dataset/person_065/img_27.jpg,1,0.224722
dataset/person_1334/img_05.jpg,dataset/person_1334/img_20.jpg,1,0.389428
dataset/person_1492/img_18.jpg,dataset/person_1492/img_20.jpg,1,0.541936
dataset/person_1580/img_10.jpg,dataset/person_1580/img_12.jpg,1,0.422412
dataset/person_585/img_06.jpg,dataset/person_585/img_09.jpg,1,0.527024
dataset/person_711/img_33.jpg,dataset/person_711/img_44.jpg,1,0.293182
dataset/person_909/img_05.jpg,dataset/person_909/img_16.jpg,1,0.582498
dataset/person_043/img_04.jpg,dataset/person_043/img_05.jpg,1,0.567289
dataset/person_065/img_06.jpg,dataset/person_065/img_12.jpg,1,0.100588
dataset/person_1334/img_19.jpg,dataset/person_1334/img_25.jpg,1,0.482764
dataset/person_1492/img_10.jpg,dataset/person_1492/img_27.jpg,1,0.383708
dataset/person_1580/img_08.jpg,dataset/person_1580/img_15.jpg,1,0.573263
dataset/person_585/img_03.jpg,dataset/person_585/img_22.jpg,1,0.636744
dataset/person_711/img_04.jpg,dataset/person_711/img_23.jpg,1,0.406801
dataset/person_909/img_04.jpg,dataset/person_909/img_13.jpg,1,0.676450
dataset/person_043/img_08.jpg,dataset/person_043/img_18.jpg,1,0.191081
dataset/person_065/img_23.jpg,dataset/person_065/img_32.jpg,1,0.287322
dataset/person_1334/img_11.jpg,dataset/person_1334/img_13.jpg,1,0.443727
dataset/person_1492/img_14.jpg,dataset/person_1492/img_19.jpg,1,0.387366
dataset/person_1580/img_09.jpg,dataset/person_1580/img_33.jpg,1,0.313505
dataset/person_585/img_17.jpg,dataset/person_585/img_22.jpg,1,0.714733
dataset/person_711/img_12.jpg,dataset/person_711/img_50.jpg,1,0.463350
dataset/person_909/img_26.jpg,dataset/person_909/img_27.jpg,1,0.515399
dataset/person_043/img_31.jpg,dataset/person_043/img_36.jpg,1,0.424667
dataset/person_065/img_04.jpg,dataset/person_065/img_34.jpg,1,0.432934
dataset/person_1334/img_05.jpg,dataset/person_1334/img_26.jpg,1,0.383808
dataset/person_1492/img_08.jpg,dataset/person_1492/img_19.jpg,1,0.244007
dataset/person_1580/img_22.jpg,dataset/person_1580/img_27.jpg,1,0.565454
dataset/person_585/img_09.jpg,dataset/person_585/img_11.jpg,1,0.721649
dataset/person_711/img_21.jpg,dataset/person_711/img_28.jpg,1,0.443575
dataset/person_909/img_01.jpg,dataset/person_909/img_14.jpg,1,0.637412
dataset/person_043/img_22.jpg,dataset/person_043/img_24.jpg,1,0.292448
dataset/person_065/img_01.jpg,dataset/person_065/img_15.jpg,1,0.154352
dataset/person_1334/img_21.jpg,dataset/person_1334/img_25.jpg,1,0.283395
dataset/person_1492/img_18.jpg,dataset/person_1492/img_30.jpg,1,0.254194
dataset/person_1580/img_08.jpg,dataset/person_1580/img_33.jpg,1,0.311270
dataset/person_585/img_08.jpg,dataset/person_585/img_21.jpg,1,0.370579
dataset/person_711/img_39.jpg,dataset/person_711/img_41.jpg,1,0.457244
dataset/person_909/img_02.jpg,dataset/person_909/img_19.jpg,1,0.600064
dataset/person_043/img_15.jpg,dataset/person_043/img_34.jpg,1,0.245247
dataset/person_065/img_23.jpg,dataset/person_065/img_28.jpg,1,0.305544
dataset/person_1334/img_04.jpg,dataset/person_1334/img_17.jpg,1,0.426343
dataset/person_1492/img_23.jpg,dataset/person_1492/img_31.jpg,1,0.360362
dataset/person_1580/img_18.jpg,dataset/person_1580/img_24.jpg,1,0.450177
dataset/person_585/img_14.jpg,dataset/person_585/img_17.jpg,1,0.589289
dataset/person_711/img_18.jpg,dataset/person_711/img_46.jpg,1,0.259398
dataset/person_909/img_01.jpg,dataset/person_909/img_31.jpg,1,0.648269
dataset/person_043/img_04.jpg,dataset/person_043/img_37.jpg,1,0.495454
dataset/person_065/img_04.jpg,dataset/person_065/img_23.jpg,1,0.375923
dataset/person_1334/img_02.jpg,dataset/person_1334/img_13.jpg,1,0.434825
dataset/person_1492/img_13.jpg,dataset/person_1492/img_28.jpg,1,0.151362
dataset/person_1580/img_13.jpg,dataset/person_1580/img_33.jpg,1,0.175672
dataset/person_585/img_01.jpg,dataset/person_585/img_07.jpg,1,0.319071
dataset/person_711/img_02.jpg,dataset/person_711/img_12.jpg,1,0.512971
dataset/person_909/img_04.jpg,dataset/person_909/img_26.jpg,1,0.478643
dataset/person_043/img_25.jpg,dataset/person_043/img_28.jpg,1,0.477745
dataset/person_065/img_13.jpg,dataset/person_065/img_17.jpg,1,0.339030
dataset/person_1334/img_13.jpg,dataset/person_1334/img_27.jpg,1,0.318972
dataset/person_1492/img_17.jpg,dataset/person_1492/img_32.jpg,1,0.218547
dataset/person_1580/img_02.jpg,dataset/person_1580/img_13.jpg,1,0.480911
dataset/person_585/img_01.jpg,dataset/person_585/img_05.jpg,1,0.303220
dataset/person_711/img_23.jpg,dataset/person_711/img_37.jpg,1,0.454971
dataset/person_909/img_03.jpg,dataset/person_909/img_05.jpg,1,0.448490
dataset/person_043/img_06.jpg,dataset/person_043/img_14.jpg,1,0.258045
dataset/person_065/img_10.jpg,dataset/person_065/img_35.jpg,1,0.232201
dataset/person_1334/img_11.jpg,dataset/person_1334/img_18.jpg,1,0.681787
dataset/person_1492/img_04.jpg,dataset/person_1492/img_06.jpg,1,0.310489
dataset/person_1580/img_11.jpg,dataset/person_1580/img_26.jpg,1,0.296126
dataset/person_585/img_05.jpg,dataset/person_585/img_21.jpg,1,0.701542
dataset/person_711/img_07.jpg,dataset/person_711/img_19.jpg,1,0.620386
dataset/person_909/img_03.jpg,dataset/person_909/img_04.jpg,1,0.726491
dataset/person_043/img_20.jpg,dataset/person_043/img_23.jpg,1,0.390200
dataset/person_065/img_11.jpg,dataset/person_065/img_17.jpg,1,0.399524
dataset/person_1334/img_09.jpg,dataset/person_1334/img_22.jpg,1,0.688861
dataset/person_1492/img_17.jpg,dataset/person_1492/img_22.jpg,1,0.335489
dataset/person_1580/img_01.jpg,dataset/person_1580/img_17.jpg,1,0.503507
dataset/person_585/img_15.jpg,dataset/person_585/img_20.jpg,1,0.358596
dataset/person_711/img_37.jpg,dataset/person_711/img_51.jpg,1,0.673151
dataset/person_909/img_02.jpg,dataset/person_909/img_16.jpg,1,0.618468
dataset/person_043/img_28.jpg,dataset/person_043/img_35.jpg,1,0.402384
dataset/person_065/img_28.jpg,dataset/person_065/img_33.jpg,1,0.466068
dataset/person_1334/img_14.jpg,dataset/person_1334/img_27.jpg,1,0.604369
dataset/person_1492/img_09.jpg,dataset/person_1492/img_24.jpg,1,0.444834
dataset/person_1580/img_04.jpg,dataset/person_1580/img_24.jpg,1,0.300775
dataset/person_585/img_02.jpg,dataset/person_585/img_16.jpg,1,0.772762
dataset/person_711/img_41.jpg,dataset/person_711/img_48.jpg,1,0.396865
dataset/person_909/img_03.jpg,dataset/person_909/img_09.jpg,1,0.633764
dataset/person_043/img_08.jpg,dataset/person_043/img_19.jpg,1,0.225234
dataset/person_065/img_30.jpg,dataset/person_065/img_35.jpg,1,0.252162
dataset/person_1334/img_12.jpg,dataset/person_1334/img_23.jpg,1,0.685005
dataset/person_1492/img_15.jpg,dataset/person_1492/img_24.jpg,1,0.218062
dataset/person_1580/img_05.jpg,dataset/person_1580/img_33.jpg,1,0.249319
dataset/person_585/img_06.jpg,dataset/person_585/img_14.jpg,1,0.455670
dataset/person_711/img_06.jpg,dataset/person_711/img_26.jpg,1,0.372229
dataset/person_909/img_07.jpg,dataset/person_909/img_29.jpg,1,0.474968
dataset/person_043/img_03.jpg,dataset/person_043/img_06.jpg,1,-0.179979
dataset/person_065/img_05.jpg,dataset/person_065/img_13.jpg,1,0.345910
dataset/person_1334/img_12.jpg,dataset/person_1334/img_25.jpg,1,0.383565
dataset/person_1492/img_04.jpg,dataset/person_1492/img_27.jpg,1,0.480630
dataset/person_1580/img_01.jpg,dataset/person_1580/img_18.jpg,1,0.310150
dataset/person_585/img_05.jpg,dataset/person_585/img_10.jpg,1,0.515399
dataset/person_711/img_18.jpg,dataset/person_711/img_37.jpg,1,0.333405
dataset/person_909/img_04.jpg,dataset/person_909/img_09.jpg,1,0.653643
dataset/person_043/img_15.jpg,dataset/person_043/img_28.jpg,1,0.429490
dataset/person_065/img_21.jpg,dataset/person_065/img_28.jpg,1,0.483575
dataset/person_1334/img_02.jpg,dataset/person_1334/img_04.jpg,1,0.292087
dataset/person_1492/img_21.jpg,dataset/person_1492/img_32.jpg,1,0.298006
dataset/person_1580/img_05.jpg,dataset/person_1580/img_24.jpg,1,0.471749
dataset/person_585/img_13.jpg,dataset/person_585/img_18.jpg,1,0.676406
dataset/person_711/img_28.jpg,dataset/person_711/img_39.jpg,1,0.513788
dataset/person_909/img_02.jpg,dataset/person_909/img_28.jpg,1,0.681334
dataset/person_043/img_19.jpg,dataset/person_043/img_25.jpg,1,0.190480
dataset/person_065/img_15.jpg,dataset/person_065/img_20.jpg,1,0.295367
dataset/person_1334/img_06.jpg,dataset/person_1334/img_22.jpg,1,0.637779
dataset/person_1492/img_13.jpg,dataset/person_1492/img_32.jpg,1,0.280074
dataset/person_1580/img_04.jpg,dataset/person_1580/img_27.jpg,1,0.241549
dataset/person_585/img_02.jpg,dataset/person_585/img_21.jpg,1,0.698026
dataset/person_711/img_49.jpg,dataset/person_711/img_53.jpg,1,0.366216
dataset/person_909/img_22.jpg,dataset/person_909/img_23.jpg,1,0.601274
dataset/person_043/img_02.jpg,dataset/person_043/img_16.jpg,1,0.326839
dataset/person_065/img_03.jpg,dataset/person_065/img_26.jpg,1,0.580257
dataset/person_1334/img_03.jpg,dataset/person_1334/img_14.jpg,1,0.429353
dataset/person_1492/img_24.jpg,dataset/person_1492/img_33.jpg,1,0.567212
dataset/person_1580/img_14.jpg,dataset/person_1580/img_18.jpg,1,0.469155
dataset/person_585/img_02.jpg,dataset/person_585/img_18.jpg,1,0.650708
dataset/person_711/img_06.jpg,dataset/person_711/img_42.jpg,1,0.656172
dataset/person_909/img_17.jpg,dataset/person_909/img_32.jpg,1,0.325717
dataset/person_043/img_01.jpg,dataset/person_043/img_17.jpg,1,0.308772
dataset/person_065/img_19.jpg,dataset/person_065/img_29.jpg,1,0.489183
dataset/person_1334/img_23.jpg,dataset/person_1334/img_24.jpg,1,0.457597
dataset/person_1492/img_20.jpg,dataset/person_1492/img_30.jpg,1,0.189041
dataset/person_1580/img_13.jpg,dataset/person_1580/img_31.jpg,1,0.570872
dataset/person_585/img_15.jpg,dataset/person_585/img_16.jpg,1,0.225635
dataset/person_711/img_13.jpg,dataset/person_711/img_42.jpg,1,0.094540
dataset/person_909/img_20.jpg,dataset/person_909/img_24.jpg,1,0.615513
dataset/person_043/img_03.jpg,dataset/person_043/img_24.jpg,1,-0.041134
dataset/person_065/img_09.jpg,dataset/person_065/img_31.jpg,1,0.141577
dataset/person_1334/img_07.jpg,dataset/person_1334/img_12.jpg,1,0.451469
dataset/person_1492/img_11.jpg,dataset/person_1492/img_24.jpg,1,0.602834
dataset/person_1580/img_03.jpg,dataset/person_1580/img_27.jpg,1,0.476864
dataset/person_585/img_07.jpg,dataset/person_585/img_19.jpg,1,0.351318
dataset/person_711/img_17.jpg,dataset/person_711/img_38.jpg,1,0.507415
dataset/person_909/img_09.jpg,dataset/person_909/img_29.jpg,1,0.562508
dataset/person_043/img_07.jpg,dataset/person_043/img_37.jpg,1,0.367384
dataset/person_065/img_12.jpg,dataset/person_065/img_27.jpg,1,-0.054519
dataset/person_1334/img_17.jpg,dataset/person_1334/img_27.jpg,1,0.401291
dataset/person_1492/img_13.jpg,dataset/person_1492/img_29.jpg,1,0.336295
dataset/person_1580/img_15.jpg,dataset/person_1580/img_30.jpg,1,0.420050
dataset/person_585/img_08.jpg,dataset/person_585/img_14.jpg,1,0.285781
dataset/person_711/img_01.jpg,dataset/person_711/img_24.jpg,1,0.421109
dataset/person_909/img_02.jpg,dataset/person_909/img_10.jpg,1,-0.054028
dataset/person_043/img_05.jpg,dataset/person_043/img_30.jpg,1,0.294112
dataset/person_065/img_19.jpg,dataset/person_065/img_31.jpg,1,0.166739
dataset/person_1334/img_09.jpg,dataset/person_1334/img_23.jpg,1,0.587465
dataset/person_1492/img_12.jpg,dataset/person_1492/img_33.jpg,1,0.607163
dataset/person_1580/img_19.jpg,dataset/person_1580/img_29.jpg,1,0.417778
dataset/person_585/img_06.jpg,dataset/person_585/img_18.jpg,1,0.569366
dataset/person_711/img_28.jpg,dataset/person_711/img_55.jpg,1,0.238673
dataset/person_909/img_21.jpg,dataset/person_909/img_22.jpg,1,0.603007
dataset/person_043/img_28.jpg,dataset/person_043/img_38.jpg,1,0.489333
dataset/person_065/img_05.jpg,dataset/person_065/img_18.jpg,1,0.173795
dataset/person_1334/img_10.jpg,dataset/person_1334/img_14.jpg,1,0.464384
dataset/person_1492/img_13.jpg,dataset/person_1492/img_25.jpg,1,0.372037
dataset/person_1580/img_13.jpg,dataset/person_1580/img_16.jpg,1,0.339624
dataset/person_585/img_11.jpg,dataset/person_585/img_15.jpg,1,0.279746
dataset/person_711/img_29.jpg,dataset/person_711/img_32.jpg,1,0.831263
dataset/person_909/img_05.jpg,dataset/person_909/img_29.jpg,1,0.638057
dataset/person_043/img_21.jpg,dataset/person_043/img_31.jpg,1,0.433899
dataset/person_065/img_03.jpg,dataset/person_065/img_29.jpg,1,0.556843
dataset/person_1334/img_07.jpg,dataset/person_1334/img_25.jpg,1,0.363838
dataset/person_1492/img_10.jpg,dataset/person_1492/img_30.jpg,1,0.248588
dataset/person_1580/img_11.jpg,dataset/person_1580/img_18.jpg,1,0.216806
dataset/person_585/img_08.jpg,dataset/person_585/img_22.jpg,1,0.337818
dataset/person_711/img_06.jpg,dataset/person_711/img_36.jpg,1,0.654955
dataset/person_909/img_08.jpg,dataset/person_909/img_31.jpg,1,0.821885
dataset/person_043/img_17.jpg,dataset/person_043/img_22.jpg,1,0.340007
dataset/person_065/img_23.jpg,dataset/person_065/img_26.jpg,1,0.520706
dataset/person_1334/img_01.jpg,dataset/person_1334/img_14.jpg,1,0.451872
dataset/person_1492/img_17.jpg,dataset/person_1492/img_27.jpg,1,0.427603
dataset/person_1580/img_24.jpg,dataset/person_1580/img_26.jpg,1,0.376401
dataset/person_585/img_03.jpg,dataset/person_585/img_08.jpg,1,0.361996
dataset/person_711/img_05.jpg,dataset/person_711/img_48.jpg,1,0.097930
dataset/person_909/img_06.jpg,dataset/person_909/img_27.jpg,1,0.761240
dataset/person_043/img_03.jpg,dataset/person_043/img_38.jpg,1,0.267505
dataset/person_065/img_08.jpg,dataset/person_065/img_15.jpg,1,0.250560
dataset/person_1334/img_13.jpg,dataset/person_1334/img_15.jpg,1,0.297770
dataset/person_1492/img_07.jpg,dataset/person_1492/img_29.jpg,1,0.354795
dataset/person_1580/img_02.jpg,dataset/person_1580/img_28.jpg,1,0.535457
dataset/person_585/img_12.jpg,dataset/person_585/img_15.jpg,1,0.316033
dataset/person_711/img_02.jpg,dataset/person_711/img_34.jpg,1,0.303247
dataset/person_909/img_17.jpg,dataset/person_909/img_27.jpg,1,0.384455
dataset/person_043/img_15.jpg,dataset/person_043/img_17.jpg,1,0.279085
dataset/person_065/img_12.jpg,dataset/person_065/img_19.jpg,1,-0.122796
dataset/person_1334/img_14.jpg,dataset/person_1334/img_24.jpg,1,0.229835
dataset/person_1492/img_05.jpg,dataset/person_1492/img_08.jpg,1,0.237668
dataset/person_1580/img_11.jpg,dataset/person_1580/img_30.jpg,1,0.264128
dataset/person_711/img_01.jpg,dataset/person_711/img_12.jpg,1,0.105574
dataset/person_909/img_03.jpg,dataset/person_909/img_25.jpg,1,0.649280
dataset/person_043/img_21.jpg,dataset/person_043/img_30.jpg,1,0.311961
dataset/person_065/img_21.jpg,dataset/person_065/img_30.jpg,1,0.494026
dataset/person_1334/img_02.jpg,dataset/person_1334/img_26.jpg,1,0.473956
dataset/person_1492/img_22.jpg,dataset/person_1492/img_27.jpg,1,0.433756
dataset/person_1580/img_15.jpg,dataset/person_1580/img_33.jpg,1,0.275686
dataset/person_711/img_41.jpg,dataset/person_711/img_54.jpg,1,0.534377
dataset/person_909/img_02.jpg,dataset/person_909/img_09.jpg,1,0.586067
dataset/person_043/img_21.jpg,dataset/person_043/img_24.jpg,1,0.445874
dataset/person_065/img_14.jpg,dataset/person_065/img_33.jpg,1,0.250187
dataset/person_1334/img_10.jpg,dataset/person_1334/img_17.jpg,1,0.546424
dataset/person_1492/img_04.jpg,dataset/person_1492/img_16.jpg,1,0.333328
dataset/person_1580/img_05.jpg,dataset/person_1580/img_21.jpg,1,0.536144
dataset/person_711/img_32.jpg,dataset/person_711/img_45.jpg,1,0.516748
dataset/person_909/img_12.jpg,dataset/person_909/img_21.jpg,1,0.773816
dataset/person_043/img_01.jpg,dataset/person_043/img_32.jpg,1,0.355968
dataset/person_065/img_14.jpg,dataset/person_065/img_22.jpg,1,0.078460
dataset/person_1334/img_17.jpg,dataset/person_1334/img_20.jpg,1,0.445106
dataset/person_1492/img_06.jpg,dataset/person_1492/img_26.jpg,1,0.522900
dataset/person_1580/img_11.jpg,dataset/person_1580/img_15.jpg,1,0.228159
dataset/person_711/img_18.jpg,dataset/person_711/img_44.jpg,1,0.290604
dataset/person_909/img_19.jpg,dataset/person_909/img_24.jpg,1,0.675803
dataset/person_043/img_03.jpg,dataset/person_043/img_13.jpg,1,0.050207
dataset/person_065/img_06.jpg,dataset/person_065/img_25.jpg,1,0.370861
dataset/person_1334/img_08.jpg,dataset/person_1334/img_17.jpg,1,0.420391
dataset/person_1492/img_02.jpg,dataset/person_1492/img_11.jpg,1,0.393446
dataset/person_1580/img_16.jpg,dataset/person_1580/img_32.jpg,1,0.206884
dataset/person_711/img_27.jpg,dataset/person_711/img_49.jpg,1,0.240263
dataset/person_909/img_15.jpg,dataset/person_909/img_27.jpg,1,0.624168
dataset/person_043/img_21.jpg,dataset/person_043/img_25.jpg,1,0.215490
dataset/person_065/img_18.jpg,dataset/person_065/img_21.jpg,1,0.268064
dataset/person_1334/img_13.jpg,dataset/person_1334/img_25.jpg,1,0.275704
dataset/person_1492/img_09.jpg,dataset/person_1492/img_12.jpg,1,0.388806
dataset/person_1580/img_11.jpg,dataset/person_1580/img_14.jpg,1,0.454868
dataset/person_711/img_28.jpg,dataset/person_711/img_43.jpg,1,0.627341
dataset/person_909/img_08.jpg,dataset/person_909/img_11.jpg,1,0.761128
dataset/person_043/img_01.jpg,dataset/person_043/img_03.jpg,1,-0.079870
dataset/person_065/img_06.jpg,dataset/person_065/img_17.jpg,1,0.166868
dataset/person_1334/img_05.jpg,dataset/person_1334/img_25.jpg,1,0.161800
dataset/person_1492/img_07.jpg,dataset/person_1492/img_20.jpg,1,0.603448
dataset/person_1580/img_01.jpg,dataset/person_1580/img_23.jpg,1,0.417125
dataset/person_711/img_04.jpg,dataset/person_711/img_20.jpg,1,0.282019
dataset/person_909/img_06.jpg,dataset/person_909/img_32.jpg,1,0.794148
dataset/person_043/img_06.jpg,dataset/person_043/img_26.jpg,1,0.403743
dataset/person_065/img_06.jpg,dataset/person_065/img_11.jpg,1,0.399014
dataset/person_1334/img_10.jpg,dataset/person_1334/img_22.jpg,1,0.634363
dataset/person_1492/img_02.jpg,dataset/person_1492/img_18.jpg,1,0.421428
dataset/person_1580/img_08.jpg,dataset/person_1580/img_31.jpg,1,0.509115
dataset/person_711/img_14.jpg,dataset/person_711/img_15.jpg,1,0.457518
dataset/person_909/img_01.jpg,dataset/person_909/img_32.jpg,1,0.604419
dataset/person_043/img_19.jpg,dataset/person_043/img_39.jpg,1,0.344909
dataset/person_065/img_13.jpg,dataset/person_065/img_15.jpg,1,0.201678
dataset/person_1334/img_12.jpg,dataset/person_1334/img_19.jpg,1,0.471487
dataset/person_1492/img_22.jpg,dataset/person_1492/img_31.jpg,1,0.420859
dataset/person_1580/img_11.jpg,dataset/person_1580/img_16.jpg,1,0.316998
dataset/person_711/img_09.jpg,dataset/person_711/img_36.jpg,1,0.253250
dataset/person_909/img_05.jpg,dataset/person_909/img_20.jpg,1,0.579397
dataset/person_043/img_16.jpg,dataset/person_043/img_26.jpg,1,0.317375
dataset/person_065/img_02.jpg,dataset/person_065/img_22.jpg,1,0.088685
dataset/person_1334/img_10.jpg,dataset/person_1334/img_19.jpg,1,0.643530
dataset/person_1492/img_04.jpg,dataset/person_1492/img_09.jpg,1,0.270518
dataset/person_1580/img_28.jpg,dataset/person_1580/img_29.jpg,1,0.333280
dataset/person_711/img_15.jpg,dataset/person_711/img_55.jpg,1,0.299768
dataset/person_909/img_15.jpg,dataset/person_909/img_20.jpg,1,0.469238
dataset/person_043/img_13.jpg,dataset/person_043/img_25.jpg,1,0.482709
dataset/person_065/img_03.jpg,dataset/person_065/img_19.jpg,1,0.671940
dataset/person_1334/img_18.jpg,dataset/person_1334/img_22.jpg,1,0.529570
dataset/person_1492/img_01.jpg,dataset/person_1492/img_28.jpg,1,0.415126
dataset/person_1580/img_08.jpg,dataset/person_1580/img_23.jpg,1,0.351568
dataset/person_711/img_09.jpg,dataset/person_711/img_39.jpg,1,0.439473
dataset/person_909/img_23.jpg,dataset/person_909/img_24.jpg,1,0.830103
dataset/person_043/img_17.jpg,dataset/person_043/img_29.jpg,1,0.629843
dataset/person_065/img_06.jpg,dataset/person_065/img_15.jpg,1,0.315856
dataset/person_1334/img_13.jpg,dataset/person_1334/img_14.jpg,1,0.346494
dataset/person_1492/img_05.jpg,dataset/person_1492/img_21.jpg,1,0.325915
dataset/person_1580/img_17.jpg,dataset/person_1580/img_19.jpg,1,0.511429
dataset/person_711/img_19.jpg,dataset/person_711/img_46.jpg,1,0.351638
dataset/person_909/img_25.jpg,dataset/person_909/img_31.jpg,1,0.677877
dataset/person_043/img_07.jpg,dataset/person_043/img_27.jpg,1,0.536345
dataset/person_065/img_07.jpg,dataset/person_065/img_29.jpg,1,0.268368
dataset/person_1334/img_08.jpg,dataset/person_1334/img_14.jpg,1,0.576597
dataset/person_1492/img_17.jpg,dataset/person_1492/img_33.jpg,1,0.235932
dataset/person_1580/img_05.jpg,dataset/person_1580/img_10.jpg,1,0.408004
dataset/person_711/img_25.jpg,dataset/person_711/img_55.jpg,1,0.222376
dataset/person_909/img_12.jpg,dataset/person_909/img_13.jpg,1,0.765876
dataset/person_043/img_26.jpg,dataset/person_043/img_36.jpg,1,0.556939
dataset/person_065/img_09.jpg,dataset/person_065/img_19.jpg,1,0.611894
dataset/person_1334/img_01.jpg,dataset/person_1334/img_26.jpg,1,0.553613
dataset/person_1492/img_01.jpg,dataset/person_1492/img_22.jpg,1,0.542145
dataset/person_1580/img_15.jpg,dataset/person_1580/img_25.jpg,1,0.446151
dataset/person_711/img_06.jpg,dataset/person_711/img_38.jpg,1,0.207793
dataset/person_909/img_22.jpg,dataset/person_909/img_32.jpg,1,0.636450
dataset/person_043/img_22.jpg,dataset/person_043/img_29.jpg,1,0.478151
dataset/person_065/img_20.jpg,dataset/person_065/img_24.jpg,1,0.198483
dataset/person_1334/img_04.jpg,dataset/person_1334/img_27.jpg,1,0.301004
dataset/person_1492/img_19.jpg,dataset/person_1492/img_28.jpg,1,0.231403
dataset/person_1580/img_12.jpg,dataset/person_1580/img_24.jpg,1,0.486870
dataset/person_711/img_43.jpg,dataset/person_711/img_46.jpg,1,0.370031
dataset/person_909/img_10.jpg,dataset/person_909/img_18.jpg,1,-0.073375
dataset/person_043/img_11.jpg,dataset/person_043/img_33.jpg,1,0.374571
dataset/person_065/img_12.jpg,dataset/person_065/img_33.jpg,1,-0.026272
dataset/person_1334/img_07.jpg,dataset/person_1334/img_10.jpg,1,0.654405
dataset/person_1492/img_20.jpg,dataset/person_1492/img_26.jpg,1,0.567435
dataset/person_1580/img_19.jpg,dataset/person_1580/img_32.jpg,1,0.347233
dataset/person_711/img_41.jpg,dataset/person_711/img_47.jpg,1,0.659487
dataset/person_909/img_15.jpg,dataset/person_909/img_16.jpg,1,0.459740
dataset/person_043/img_17.jpg,dataset/person_043/img_20.jpg,1,0.355014
dataset/person_065/img_29.jpg,dataset/person_065/img_35.jpg,1,0.347632
dataset/person_1334/img_03.jpg,dataset/person_1334/img_16.jpg,1,0.578040
dataset/person_1492/img_17.jpg,dataset/person_1492/img_30.jpg,1,0.146399
dataset/person_1580/img_17.jpg,dataset/person_1580/img_23.jpg,1,0.496761
dataset/person_711/img_10.jpg,dataset/person_711/img_13.jpg,1,0.086620
dataset/person_909/img_02.jpg,dataset/person_909/img_23.jpg,1,0.660783
dataset/person_043/img_12.jpg,dataset/person_043/img_24.jpg,1,0.454790
dataset/person_065/img_10.jpg,dataset/person_065/img_22.jpg,1,0.429847
dataset/person_1334/img_03.jpg,dataset/person_1334/img_18.jpg,1,0.608530
dataset/person_1492/img_09.jpg,dataset/person_1492/img_27.jpg,1,0.469399
dataset/person_1580/img_22.jpg,dataset/person_1580/img_23.jpg,1,0.302354
dataset/person_711/img_11.jpg,dataset/person_711/img_34.jpg,1,0.410146
dataset/person_909/img_06.jpg,dataset/person_909/img_18.jpg,1,0.618258
dataset/person_043/img_17.jpg,dataset/person_043/img_28.jpg,1,0.264810
dataset/person_065/img_01.jpg,dataset/person_065/img_20.jpg,1,0.363674
dataset/person_1334/img_03.jpg,dataset/person_1334/img_12.jpg,1,0.625238
dataset/person_1492/img_04.jpg,dataset/person_1492/img_18.jpg,1,0.439846
dataset/person_1580/img_02.jpg,dataset/person_1580/img_15.jpg,1,0.461900
dataset/person_711/img_08.jpg,dataset/person_711/img_49.jpg,1,0.768980
dataset/person_909/img_04.jpg,dataset/person_909/img_15.jpg,1,0.635644
dataset/person_043/img_30.jpg,dataset/person_043/img_34.jpg,1,0.464593
dataset/person_065/img_17.jpg,dataset/person_065/img_26.jpg,1,0.594297
dataset/person_1334/img_07.jpg,dataset/person_1334/img_16.jpg,1,0.495771
dataset/person_1492/img_06.jpg,dataset/person_1492/img_27.jpg,1,0.424495
dataset/person_1580/img_20.jpg,dataset/person_1580/img_33.jpg,1,0.247582
dataset/person_711/img_46.jpg,dataset/person_711/img_55.jpg,1,0.219434
dataset/person_909/img_10.jpg,dataset/person_909/img_22.jpg,1,-0.055672
dataset/person_043/img_20.jpg,dataset/person_043/img_27.jpg,1,0.444158
dataset/person_065/img_02.jpg,dataset/person_065/img_14.jpg,1,0.217471
dataset/person_1334/img_08.jpg,dataset/person_1334/img_20.jpg,1,0.574789
dataset/person_1492/img_06.jpg,dataset/person_1492/img_12.jpg,1,0.696869
dataset/person_1580/img_15.jpg,dataset/person_1580/img_18.jpg,1,0.379667
dataset/person_711/img_08.jpg,dataset/person_711/img_23.jpg,1,0.480916
dataset/person_909/img_19.jpg,dataset/person_909/img_31.jpg,1,0.593033
dataset/person_043/img_33.jpg,dataset/person_043/img_39.jpg,1,0.287585
dataset/person_065/img_06.jpg,dataset/person_065/img_08.jpg,1,0.355199
dataset/person_1334/img_05.jpg,dataset/person_1334/img_08.jpg,1,0.274178
dataset/person_1492/img_01.jpg,dataset/person_1492/img_09.jpg,1,0.404115
dataset/person_1580/img_04.jpg,dataset/person_1580/img_33.jpg,1,0.122670
dataset/person_711/img_30.jpg,dataset/person_711/img_32.jpg,1,0.655487
dataset/person_909/img_10.jpg,dataset/person_909/img_19.jpg,1,-0.004893
dataset/person_043/img_08.jpg,dataset/person_043/img_13.jpg,1,0.305704
dataset/person_065/img_30.jpg,dataset/person_065/img_33.jpg,1,0.355359
dataset/person_1334/img_01.jpg,dataset/person_1334/img_04.jpg,1,0.452906
dataset/person_1492/img_04.jpg,dataset/person_1492/img_20.jpg,1,0.464516
dataset/person_1580/img_04.jpg,dataset/person_1580/img_19.jpg,1,0.182915
dataset/person_711/img_36.jpg,dataset/person_711/img_49.jpg,1,0.705083
dataset/person_909/img_15.jpg,dataset/person_909/img_22.jpg,1,0.535146
dataset/person_043/img_03.jpg,dataset/person_043/img_08.jpg,1,0.045132
dataset/person_065/img_15.jpg,dataset/person_065/img_17.jpg,1,0.272831
dataset/person_1334/img_18.jpg,dataset/person_1334/img_26.jpg,1,0.556922
dataset/person_1492/img_12.jpg,dataset/person_1492/img_19.jpg,1,0.385274
dataset/person_1580/img_07.jpg,dataset/person_1580/img_10.jpg,1,0.376658
dataset/person_711/img_28.jpg,dataset/person_711/img_46.jpg,1,0.304486
dataset/person_909/img_02.jpg,dataset/person_909/img_08.jpg,1,0.637998
dataset/person_043/img_03.jpg,dataset/person_043/img_26.jpg,1,-0.100786
dataset/person_065/img_02.jpg,dataset/person_065/img_28.jpg,1,0.176949
dataset/person_1334/img_17.jpg,dataset/person_1334/img_22.jpg,1,0.443111
dataset/person_1492/img_17.jpg,dataset/person_1492/img_24.jpg,1,0.374049
dataset/person_1580/img_17.jpg,dataset/person_1580/img_30.jpg,1,0.432940
dataset/person_711/img_22.jpg,dataset/person_711/img_43.jpg,1,0.541512
dataset/person_909/img_17.jpg,dataset/person_909/img_30.jpg,1,0.489153
dataset/person_043/img_05.jpg,dataset/person_043/img_11.jpg,1,0.415734
dataset/person_065/img_31.jpg,dataset/person_065/img_34.jpg,1,0.111566
dataset/person_1334/img_24.jpg,dataset/person_1334/img_25.jpg,1,0.346045
dataset/person_1492/img_11.jpg,dataset/person_1492/img_16.jpg,1,0.266479
dataset/person_1580/img_19.jpg,dataset/person_1580/img_28.jpg,1,0.495651
dataset/person_711/img_28.jpg,dataset/person_711/img_47.jpg,1,0.286905
dataset/person_909/img_16.jpg,dataset/person_909/img_28.jpg,1,0.512699
dataset/person_043/img_19.jpg,dataset/person_043/img_21.jpg,1,0.236076
dataset/person_065/img_09.jpg,dataset/person_065/img_29.jpg,1,0.561670
dataset/person_1334/img_16.jpg,dataset/person_1334/img_17.jpg,1,0.632240
dataset/person_1492/img_19.jpg,dataset/person_1492/img_29.jpg,1,0.223482
dataset/person_1580/img_13.jpg,dataset/person_1580/img_30.jpg,1,0.446175
dataset/person_711/img_41.jpg,dataset/person_711/img_51.jpg,1,0.488821
dataset/person_909/img_04.jpg,dataset/person_909/img_25.jpg,1,0.732949
dataset/person_043/img_01.jpg,dataset/person_043/img_31.jpg,1,0.502896
dataset/person_065/img_01.jpg,dataset/person_065/img_02.jpg,1,0.224249
dataset/person_1334/img_02.jpg,dataset/person_1334/img_07.jpg,1,0.401367
dataset/person_1492/img_14.jpg,dataset/person_1492/img_20.jpg,1,0.613477
dataset/person_1580/img_17.jpg,dataset/person_1580/img_25.jpg,1,0.410055
dataset/person_711/img_13.jpg,dataset/person_711/img_27.jpg,1,0.208765
dataset/person_909/img_02.jpg,dataset/person_909/img_27.jpg,1,0.688372
dataset/person_043/img_30.jpg,dataset/person_043/img_39.jpg,1,0.527476
dataset/person_065/img_25.jpg,dataset/person_065/img_31.jpg,1,0.177362
dataset/person_1334/img_06.jpg,dataset/person_1334/img_17.jpg,1,0.630623
dataset/person_1492/img_08.jpg,dataset/person_1492/img_09.jpg,1,0.312088
dataset/person_1580/img_10.jpg,dataset/person_1580/img_28.jpg,1,0.598021
dataset/person_711/img_03.jpg,dataset/person_711/img_34.jpg,1,0.259036
dataset/person_909/img_06.jpg,dataset/person_909/img_19.jpg,1,0.595328
dataset/person_043/img_12.jpg,dataset/person_043/img_26.jpg,1,0.509882
dataset/person_065/img_25.jpg,dataset/person_065/img_28.jpg,1,0.520684
dataset/person_1334/img_14.jpg,dataset/person_1334/img_15.jpg,1,0.372940
dataset/person_1492/img_05.jpg,dataset/person_1492/img_06.jpg,1,0.585996
dataset/person_1580/img_01.jpg,dataset/person_1580/img_32.jpg,1,0.435478
dataset/person_711/img_50.jpg,dataset/person_711/img_52.jpg,1,0.546052
dataset/person_909/img_06.jpg,dataset/person_909/img_26.jpg,1,0.487439
dataset/person_043/img_09.jpg,dataset/person_043/img_11.jpg,1,0.361901
dataset/person_065/img_07.jpg,dataset/person_065/img_30.jpg,1,0.441074
dataset/person_1334/img_02.jpg,dataset/person_1334/img_22.jpg,1,0.512893
dataset/person_1492/img_14.jpg,dataset/person_1492/img_16.jpg,1,0.288289
dataset/person_1580/img_10.jpg,dataset/person_1580/img_32.jpg,1,0.501092
dataset/person_711/img_04.jpg,dataset/person_711/img_47.jpg,1,0.216491
dataset/person_909/img_14.jpg,dataset/person_909/img_24.jpg,1,0.778895
dataset/person_043/img_01.jpg,dataset/person_043/img_33.jpg,1,0.374067
dataset/person_065/img_21.jpg,dataset/person_065/img_25.jpg,1,0.332204
dataset/person_1334/img_17.jpg,dataset/person_1334/img_26.jpg,1,0.454801
dataset/person_1492/img_05.jpg,dataset/person_1492/img_28.jpg,1,0.238167
dataset/person_1580/img_05.jpg,dataset/person_1580/img_27.jpg,1,0.568504
dataset/person_711/img_09.jpg,dataset/person_711/img_10.jpg,1,0.292235
dataset/person_909/img_09.jpg,dataset/person_909/img_23.jpg,1,0.633037
dataset/person_043/img_21.jpg,dataset/person_043/img_27.jpg,1,0.477654
dataset/person_065/img_03.jpg,dataset/person_065/img_33.jpg,1,0.290767
dataset/person_1334/img_11.jpg,dataset/person_1334/img_26.jpg,1,0.460056
dataset/person_1492/img_16.jpg,dataset/person_1492/img_22.jpg,1,0.157864
dataset/person_1580/img_17.jpg,dataset/person_1580/img_31.jpg,1,0.506594
dataset/person_711/img_31.jpg,dataset/person_711/img_36.jpg,1,0.638956
dataset/person_909/img_04.jpg,dataset/person_909/img_28.jpg,1,0.705971
dataset/person_043/img_05.jpg,dataset/person_043/img_20.jpg,1,0.336734
dataset/person_065/img_14.jpg,dataset/person_065/img_21.jpg,1,0.175539
dataset/person_1334/img_06.jpg,dataset/person_1334/img_24.jpg,1,0.392656
dataset/person_1492/img_09.jpg,dataset/person_1492/img_20.jpg,1,0.331704
dataset/person_1580/img_06.jpg,dataset/person_1580/img_22.jpg,1,0.685173
dataset/person_711/img_24.jpg,dataset/person_711/img_33.jpg,1,0.390238
dataset/person_909/img_07.jpg,dataset/person_909/img_20.jpg,1,0.636734
dataset/person_043/img_16.jpg,dataset/person_043/img_34.jpg,1,0.323718
dataset/person_065/img_06.jpg,dataset/person_065/img_32.jpg,1,0.370102
dataset/person_1334/img_05.jpg,dataset/person_1334/img_06.jpg,1,0.307433
dataset/person_1492/img_07.jpg,dataset/person_1492/img_14.jpg,1,0.729811
dataset/person_1580/img_12.jpg,dataset/person_1580/img_25.jpg,1,0.259082
dataset/person_711/img_15.jpg,dataset/person_711/img_28.jpg,1,0.489187
dataset/person_909/img_11.jpg,dataset/person_909/img_25.jpg,1,0.722074
dataset/person_043/img_01.jpg,dataset/person_043/img_27.jpg,1,0.464478
dataset/person_369/img_05.jpg,dataset/person_1326/img_03.jpg,0,0.238830
dataset/person_930/img_01.jpg,dataset/person_367/img_04.jpg,0,0.135218
dataset/person_064/img_01.jpg,dataset/person_194/img_04.jpg,0,-0.064713
dataset/person_289/img_04.jpg,dataset/person_1577/img_01.jpg,0,0.052796
dataset/person_1669/img_02.jpg,dataset/person_235/img_01.jpg,0,0.074216
dataset/person_354/img_01.jpg,dataset/person_713/img_12.jpg,0,-0.025933
dataset/person_687/img_02.jpg,dataset/person_1588/img_02.jpg,0,0.030995
dataset/person_1492/img_16.jpg,dataset/person_1411/img_06.jpg,0,-0.156451
dataset/person_1097/img_04.jpg,dataset/person_040/img_03.jpg,0,-0.158707
dataset/person_1202/img_04.jpg,dataset/person_601/img_01.jpg,0,0.091066
dataset/person_1680/img_02.jpg,dataset/person_191/img_06.jpg,0,-0.016910
dataset/person_1580/img_24.jpg,dataset/person_1244/img_15.jpg,0,0.081569
dataset/person_601/img_01.jpg,dataset/person_491/img_01.jpg,0,-0.140393
dataset/person_1572/img_03.jpg,dataset/person_916/img_05.jpg,0,-0.021306
dataset/person_049/img_04.jpg,dataset/person_1411/img_03.jpg,0,-0.170695
dataset/person_585/img_18.jpg,dataset/person_412/img_05.jpg,0,-0.128921
dataset/person_785/img_07.jpg,dataset/person_1309/img_11.jpg,0,0.032964
dataset/person_1052/img_03.jpg,dataset/person_431/img_01.jpg,0,-0.049668
dataset/person_256/img_03.jpg,dataset/person_930/img_01.jpg,0,-0.051493
dataset/person_111/img_03.jpg,dataset/person_1572/img_04.jpg,0,0.044589
dataset/person_431/img_03.jpg,dataset/person_064/img_03.jpg,0,0.023218
dataset/person_1226/img_09.jpg,dataset/person_515/img_01.jpg,0,-0.083876
dataset/person_354/img_02.jpg,dataset/person_601/img_02.jpg,0,-0.081400
dataset/person_1486/img_02.jpg,dataset/person_1352/img_08.jpg,0,0.099508
dataset/person_710/img_07.jpg,dataset/person_713/img_12.jpg,0,0.144877
dataset/person_744/img_11.jpg,dataset/person_1326/img_06.jpg,0,-0.210809
dataset/person_916/img_05.jpg,dataset/person_1382/img_07.jpg,0,-0.074941
dataset/person_1387/img_01.jpg,dataset/person_065/img_24.jpg,0,0.125331
dataset/person_1490/img_04.jpg,dataset/person_1669/img_01.jpg,0,0.069033
dataset/person_194/img_03.jpg,dataset/person_601/img_04.jpg,0,0.099257
dataset/person_431/img_01.jpg,dataset/person_1546/img_02.jpg,0,-0.064341
dataset/person_916/img_04.jpg,dataset/person_911/img_01.jpg,0,-0.036569
dataset/person_1052/img_02.jpg,dataset/person_1577/img_03.jpg,0,0.046610
dataset/person_1022/img_03.jpg,dataset/person_1101/img_03.jpg,0,-0.122601
dataset/person_111/img_02.jpg,dataset/person_585/img_16.jpg,0,-0.135003
dataset/person_1192/img_04.jpg,dataset/person_896/img_09.jpg,0,-0.082451
dataset/person_474/img_05.jpg,dataset/person_040/img_04.jpg,0,-0.159867
dataset/person_547/img_02.jpg,dataset/person_311/img_04.jpg,0,0.063381
dataset/person_1490/img_04.jpg,dataset/person_1601/img_01.jpg,0,0.099902
dataset/person_1411/img_01.jpg,dataset/person_1262/img_01.jpg,0,0.237693
dataset/person_896/img_04.jpg,dataset/person_804/img_07.jpg,0,-0.021889
dataset/person_287/img_03.jpg,dataset/person_515/img_04.jpg,0,-0.108954
dataset/person_369/img_03.jpg,dataset/person_149/img_04.jpg,0,-0.054957
dataset/person_374/img_06.jpg,dataset/person_535/img_04.jpg,0,-0.138520
dataset/person_1680/img_02.jpg,dataset/person_1420/img_03.jpg,0,-0.194367
dataset/person_1217/img_03.jpg,dataset/person_785/img_02.jpg,0,-0.072010
dataset/person_219/img_03.jpg,dataset/person_1546/img_01.jpg,0,0.272539
dataset/person_1191/img_03.jpg,dataset/person_1492/img_30.jpg,0,-0.160535
dataset/person_1217/img_02.jpg,dataset/person_431/img_05.jpg,0,-0.088898
dataset/person_1396/img_02.jpg,dataset/person_1244/img_05.jpg,0,-0.078176
dataset/person_1202/img_01.jpg,dataset/person_1352/img_01.jpg,0,-0.077617
dataset/person_1439/img_02.jpg,dataset/person_367/img_04.jpg,0,-0.058637
dataset/person_1371/img_02.jpg,dataset/person_1546/img_02.jpg,0,-0.041360
dataset/person_354/img_01.jpg,dataset/person_601/img_03.jpg,0,0.053545
dataset/person_1490/img_03.jpg,dataset/person_1191/img_04.jpg,0,-0.080787
dataset/person_311/img_03.jpg,dataset/person_1202/img_01.jpg,0,0.081162
dataset/person_935/img_04.jpg,dataset/person_043/img_32.jpg,0,-0.019788
dataset/person_769/img_08.jpg,dataset/person_1191/img_03.jpg,0,-0.011137
dataset/person_1192/img_09.jpg,dataset/person_022/img_05.jpg,0,0.134539
dataset/person_1486/img_05.jpg,dataset/person_515/img_04.jpg,0,0.033616
dataset/person_916/img_05.jpg,dataset/person_1411/img_06.jpg,0,0.160772
dataset/person_1191/img_05.jpg,dataset/person_804/img_06.jpg,0,-0.165333
dataset/person_930/img_04.jpg,dataset/person_963/img_06.jpg,0,-0.111817
dataset/person_559/img_04.jpg,dataset/person_111/img_01.jpg,0,-0.062246
dataset/person_1170/img_01.jpg,dataset/person_544/img_03.jpg,0,-0.023640
dataset/person_043/img_15.jpg,dataset/person_1580/img_29.jpg,0,-0.017489
dataset/person_1492/img_21.jpg,dataset/person_1097/img_01.jpg,0,0.153125
dataset/person_411/img_04.jpg,dataset/person_515/img_05.jpg,0,0.179618
dataset/person_289/img_03.jpg,dataset/person_1326/img_04.jpg,0,-0.071391
dataset/person_040/img_04.jpg,dataset/person_1052/img_01.jpg,0,-0.138456
dataset/person_256/img_02.jpg,dataset/person_1577/img_04.jpg,0,-0.053325
dataset/person_1439/img_01.jpg,dataset/person_411/img_11.jpg,0,-0.010931
dataset/person_1531/img_03.jpg,dataset/person_1577/img_04.jpg,0,0.220658
dataset/person_1546/img_03.jpg,dataset/person_1572/img_01.jpg,0,-0.029406
dataset/person_1396/img_03.jpg,dataset/person_1490/img_03.jpg,0,-0.069297
dataset/person_1669/img_01.jpg,dataset/person_896/img_04.jpg,0,-0.005700
dataset/person_687/img_04.jpg,dataset/person_911/img_04.jpg,0,0.121825
dataset/person_804/img_03.jpg,dataset/person_1658/img_02.jpg,0,-0.042485
dataset/person_815/img_04.jpg,dataset/person_687/img_04.jpg,0,0.152555
dataset/person_1170/img_01.jpg,dataset/person_861/img_03.jpg,0,0.251219
dataset/person_1309/img_08.jpg,dataset/person_1420/img_05.jpg,0,0.036985
dataset/person_1486/img_07.jpg,dataset/person_1018/img_01.jpg,0,-0.011342
dataset/person_022/img_03.jpg,dataset/person_1588/img_04.jpg,0,0.096871
dataset/person_1226/img_08.jpg,dataset/person_354/img_05.jpg,0,0.162565
dataset/person_713/img_03.jpg,dataset/person_935/img_02.jpg,0,0.065965
dataset/person_1244/img_13.jpg,dataset/person_861/img_05.jpg,0,-0.008100
dataset/person_313/img_01.jpg,dataset/person_229/img_10.jpg,0,0.179983
dataset/person_861/img_05.jpg,dataset/person_369/img_04.jpg,0,0.064127
dataset/person_354/img_04.jpg,dataset/person_710/img_08.jpg,0,0.146304
dataset/person_043/img_01.jpg,dataset/person_785/img_02.jpg,0,-0.094941
dataset/person_1371/img_06.jpg,dataset/person_1420/img_06.jpg,0,0.016056
dataset/person_194/img_03.jpg,dataset/person_1151/img_07.jpg,0,0.082649
dataset/person_1226/img_04.jpg,dataset/person_229/img_01.jpg,0,0.072170
dataset/person_1151/img_05.jpg,dataset/person_744/img_16.jpg,0,-0.109037
dataset/person_1018/img_06.jpg,dataset/person_391/img_03.jpg,0,-0.196578
dataset/person_369/img_05.jpg,dataset/person_219/img_04.jpg,0,-0.004216
dataset/person_896/img_11.jpg,dataset/person_1371/img_06.jpg,0,-0.049162
dataset/person_194/img_01.jpg,dataset/person_559/img_03.jpg,0,0.061772
dataset/person_256/img_05.jpg,dataset/person_687/img_01.jpg,0,0.028428
dataset/person_870/img_02.jpg,dataset/person_1371/img_05.jpg,0,-0.100402
dataset/person_070/img_03.jpg,dataset/person_1191/img_04.jpg,0,0.138763
dataset/person_909/img_09.jpg,dataset/person_559/img_03.jpg,0,-0.024337
dataset/person_1202/img_03.jpg,dataset/person_065/img_24.jpg,0,0.101607
dataset/person_1601/img_06.jpg,dataset/person_491/img_01.jpg,0,0.017486
dataset/person_1411/img_06.jpg,dataset/person_289/img_01.jpg,0,0.131491
dataset/person_256/img_02.jpg,dataset/person_1262/img_02.jpg,0,-0.031974
dataset/person_391/img_02.jpg,dataset/person_713/img_09.jpg,0,0.369330
dataset/person_1454/img_03.jpg,dataset/person_896/img_14.jpg,0,0.010985
dataset/person_870/img_03.jpg,dataset/person_547/img_03.jpg,0,-0.066751
dataset/person_547/img_03.jpg,dataset/person_585/img_04.jpg,0,-0.105115
dataset/person_309/img_03.jpg,dataset/person_369/img_02.jpg,0,-0.219649
dataset/person_034/img_05.jpg,dataset/person_1170/img_03.jpg,0,-0.095535
dataset/person_1546/img_04.jpg,dataset/person_776/img_07.jpg,0,-0.072500
dataset/person_149/img_02.jpg,dataset/person_935/img_01.jpg,0,-0.046481
dataset/person_1316/img_05.jpg,dataset/person_1192/img_04.jpg,0,-0.073690
dataset/person_861/img_02.jpg,dataset/person_1262/img_07.jpg,0,0.089143
dataset/person_1680/img_01.jpg,dataset/person_935/img_01.jpg,0,-0.136856
dataset/person_844/img_01.jpg,dataset/person_1155/img_04.jpg,0,0.018563
dataset/person_1490/img_06.jpg,dataset/person_1438/img_03.jpg,0,-0.025583
dataset/person_1170/img_04.jpg,dataset/person_844/img_06.jpg,0,-0.065293
dataset/person_1226/img_05.jpg,dataset/person_601/img_01.jpg,0,0.155188
dataset/person_711/img_08.jpg,dataset/person_844/img_04.jpg,0,-0.122565
dataset/person_1155/img_02.jpg,dataset/person_871/img_02.jpg,0,0.098890
dataset/person_1438/img_02.jpg,dataset/person_1155/img_02.jpg,0,0.155991
dataset/person_1052/img_01.jpg,dataset/person_162/img_02.jpg,0,0.103624
dataset/person_040/img_04.jpg,dataset/person_776/img_07.jpg,0,-0.160228
dataset/person_064/img_01.jpg,dataset/person_1302/img_01.jpg,0,0.055146
dataset/person_785/img_05.jpg,dataset/person_527/img_05.jpg,0,0.033253
dataset/person_070/img_01.jpg,dataset/person_194/img_03.jpg,0,0.009670
dataset/person_064/img_03.jpg,dataset/person_1018/img_06.jpg,0,-0.088590
dataset/person_034/img_01.jpg,dataset/person_713/img_02.jpg,0,-0.195373
dataset/person_935/img_02.jpg,dataset/person_411/img_10.jpg,0,-0.000442
dataset/person_924/img_02.jpg,dataset/person_1302/img_03.jpg,0,-0.042022
dataset/person_043/img_10.jpg,dataset/person_1097/img_03.jpg,0,-0.047287
dataset/person_369/img_03.jpg,dataset/person_1490/img_02.jpg,0,-0.052886
dataset/person_871/img_02.jpg,dataset/person_246/img_05.jpg,0,-0.001910
dataset/person_355/img_01.jpg,dataset/person_1018/img_05.jpg,0,0.045078
dataset/person_744/img_17.jpg,dataset/person_034/img_02.jpg,0,0.081421
dataset/person_655/img_05.jpg,dataset/person_1262/img_03.jpg,0,-0.048944
dataset/person_924/img_05.jpg,dataset/person_713/img_01.jpg,0,-0.116201
dataset/person_661/img_04.jpg,dataset/person_1098/img_05.jpg,0,-0.090448
dataset/person_870/img_04.jpg,dataset/person_601/img_03.jpg,0,0.186278
dataset/person_585/img_06.jpg,dataset/person_374/img_04.jpg,0,0.022091
dataset/person_544/img_02.jpg,dataset/person_1101/img_03.jpg,0,0.003362
dataset/person_1563/img_02.jpg,dataset/person_162/img_09.jpg,0,-0.178298
dataset/person_1334/img_04.jpg,dataset/person_1588/img_03.jpg,0,-0.000027
dataset/person_1151/img_02.jpg,dataset/person_191/img_05.jpg,0,-0.096618
dataset/person_1170/img_03.jpg,dataset/person_235/img_06.jpg,0,0.041834
dataset/person_1396/img_01.jpg,dataset/person_354/img_01.jpg,0,-0.222214
dataset/person_1454/img_01.jpg,dataset/person_235/img_04.jpg,0,-0.011799
dataset/person_1396/img_03.jpg,dataset/person_1680/img_04.jpg,0,-0.038972
dataset/person_1326/img_07.jpg,dataset/person_313/img_05.jpg,0,-0.131075
dataset/person_871/img_02.jpg,dataset/person_162/img_02.jpg,0,-0.036992
dataset/person_916/img_04.jpg,dataset/person_869/img_06.jpg,0,-0.036446
dataset/person_1226/img_08.jpg,dataset/person_034/img_01.jpg,0,-0.159108
dataset/person_1577/img_05.jpg,dataset/person_1658/img_01.jpg,0,0.020164
dataset/person_1151/img_07.jpg,dataset/person_1191/img_04.jpg,0,0.015775
dataset/person_559/img_01.jpg,dataset/person_374/img_06.jpg,0,0.056995
dataset/person_963/img_03.jpg,dataset/person_916/img_01.jpg,0,-0.094945
dataset/person_1531/img_06.jpg,dataset/person_1302/img_02.jpg,0,0.111050
dataset/person_391/img_04.jpg,dataset/person_870/img_01.jpg,0,0.048258
dataset/person_1334/img_14.jpg,dataset/person_869/img_08.jpg,0,0.180227
dataset/person_1387/img_05.jpg,dataset/person_744/img_19.jpg,0,-0.078871
dataset/person_1382/img_07.jpg,dataset/person_713/img_06.jpg,0,-0.221041
dataset/person_194/img_04.jpg,dataset/person_535/img_04.jpg,0,0.009265
dataset/person_256/img_02.jpg,dataset/person_1387/img_04.jpg,0,-0.046047
dataset/person_1101/img_03.jpg,dataset/person_1151/img_08.jpg,0,0.093634
dataset/person_235/img_06.jpg,dataset/person_1334/img_05.jpg,0,-0.195353
dataset/person_043/img_04.jpg,dataset/person_1098/img_01.jpg,0,-0.044833
dataset/person_235/img_01.jpg,dataset/person_544/img_02.jpg,0,-0.023688
dataset/person_1563/img_03.jpg,dataset/person_411/img_03.jpg,0,-0.054837
dataset/person_1420/img_05.jpg,dataset/person_431/img_01.jpg,0,0.000425
dataset/person_744/img_17.jpg,dataset/person_1022/img_08.jpg,0,-0.022045
dataset/person_785/img_02.jpg,dataset/person_191/img_03.jpg,0,0.001300
dataset/person_527/img_04.jpg,dataset/person_235/img_05.jpg,0,0.074990
dataset/person_1371/img_03.jpg,dataset/person_311/img_01.jpg,0,0.052128
dataset/person_744/img_14.jpg,dataset/person_049/img_01.jpg,0,0.067521
dataset/person_1572/img_03.jpg,dataset/person_1669/img_04.jpg,0,0.170032
dataset/person_1658/img_01.jpg,dataset/person_1680/img_01.jpg,0,0.070428
dataset/person_1226/img_05.jpg,dataset/person_354/img_02.jpg,0,0.075644
dataset/person_229/img_05.jpg,dataset/person_1653/img_03.jpg,0,-0.208986
dataset/person_655/img_08.jpg,dataset/person_1572/img_01.jpg,0,-0.125519
dataset/person_355/img_04.jpg,dataset/person_544/img_04.jpg,0,-0.221403
dataset/person_194/img_02.jpg,dataset/person_354/img_05.jpg,0,-0.066962
dataset/person_070/img_03.jpg,dataset/person_1577/img_04.jpg,0,0.022052
dataset/person_374/img_05.jpg,dataset/person_1563/img_03.jpg,0,-0.012024
dataset/person_769/img_06.jpg,dataset/person_1396/img_01.jpg,0,-0.087619
dataset/person_043/img_03.jpg,dataset/person_374/img_02.jpg,0,0.085368
dataset/person_869/img_06.jpg,dataset/person_1531/img_01.jpg,0,-0.116106
dataset/person_744/img_11.jpg,dataset/person_916/img_04.jpg,0,-0.141546
dataset/person_1098/img_03.jpg,dataset/person_162/img_06.jpg,0,-0.015490
dataset/person_1588/img_01.jpg,dataset/person_1490/img_06.jpg,0,-0.095292
dataset/person_1355/img_03.jpg,dataset/person_1352/img_02.jpg,0,0.156710
dataset/person_930/img_01.jpg,dataset/person_559/img_03.jpg,0,0.042798
dataset/person_111/img_02.jpg,dataset/person_149/img_01.jpg,0,0.009152
dataset/person_309/img_01.jpg,dataset/person_1454/img_04.jpg,0,0.164253
dataset/person_527/img_04.jpg,dataset/person_891/img_05.jpg,0,0.197021
dataset/person_256/img_04.jpg,dataset/person_924/img_03.jpg,0,0.252874
dataset/person_040/img_04.jpg,dataset/person_585/img_19.jpg,0,-0.020670
dataset/person_040/img_04.jpg,dataset/person_1439/img_04.jpg,0,-0.031512
dataset/person_1454/img_01.jpg,dataset/person_367/img_07.jpg,0,0.093705
dataset/person_229/img_07.jpg,dataset/person_1098/img_03.jpg,0,-0.008377
dataset/person_235/img_06.jpg,dataset/person_246/img_03.jpg,0,0.128423
dataset/person_1217/img_03.jpg,dataset/person_412/img_03.jpg,0,0.028181
dataset/person_1653/img_04.jpg,dataset/person_1302/img_01.jpg,0,-0.102585
dataset/person_869/img_09.jpg,dataset/person_870/img_02.jpg,0,0.247440
dataset/person_1396/img_01.jpg,dataset/person_1371/img_03.jpg,0,-0.042826
dataset/person_367/img_07.jpg,dataset/person_1580/img_15.jpg,0,-0.037113
dataset/person_431/img_01.jpg,dataset/person_711/img_46.jpg,0,-0.135775
dataset/person_870/img_01.jpg,dataset/person_369/img_05.jpg,0,-0.170131
dataset/person_149/img_01.jpg,dataset/person_1382/img_08.jpg,0,-0.010386
dataset/person_162/img_06.jpg,dataset/person_1309/img_13.jpg,0,0.058274
dataset/person_1022/img_05.jpg,dataset/person_519/img_09.jpg,0,-0.005088
dataset/person_804/img_04.jpg,dataset/person_1420/img_06.jpg,0,0.157042
dataset/person_311/img_02.jpg,dataset/person_1439/img_04.jpg,0,-0.143510
dataset/person_1580/img_33.jpg,dataset/person_1369/img_04.jpg,0,-0.059467
dataset/person_535/img_02.jpg,dataset/person_744/img_01.jpg,0,-0.100290
dataset/person_474/img_03.jpg,dataset/person_601/img_04.jpg,0,-0.191362
dataset/person_1316/img_04.jpg,dataset/person_527/img_03.jpg,0,-0.036051
dataset/person_989/img_05.jpg,dataset/person_491/img_05.jpg,0,0.049914
dataset/person_871/img_04.jpg,dataset/person_769/img_10.jpg,0,0.236515
dataset/person_687/img_01.jpg,dataset/person_474/img_04.jpg,0,-0.019125
dataset/person_1531/img_03.jpg,dataset/person_191/img_02.jpg,0,0.153275
dataset/person_1192/img_11.jpg,dataset/person_711/img_49.jpg,0,-0.073251
dataset/person_1420/img_04.jpg,dataset/person_870/img_04.jpg,0,-0.016044
dataset/person_1439/img_01.jpg,dataset/person_891/img_02.jpg,0,0.083550
dataset/person_870/img_03.jpg,dataset/person_1588/img_03.jpg,0,-0.003226
dataset/person_515/img_03.jpg,dataset/person_1202/img_02.jpg,0,0.215598
dataset/person_1580/img_08.jpg,dataset/person_1352/img_03.jpg,0,0.061148
dataset/person_1262/img_04.jpg,dataset/person_043/img_20.jpg,0,0.262110
dataset/person_191/img_05.jpg,dataset/person_229/img_14.jpg,0,0.176245
dataset/person_162/img_01.jpg,dataset/person_515/img_02.jpg,0,-0.144504
dataset/person_1202/img_02.jpg,dataset/person_1382/img_01.jpg,0,0.007884
dataset/person_1371/img_03.jpg,dataset/person_785/img_06.jpg,0,0.054967
dataset/person_313/img_11.jpg,dataset/person_1226/img_01.jpg,0,-0.023247
dataset/person_661/img_13.jpg,dataset/person_229/img_01.jpg,0,0.118723
dataset/person_070/img_01.jpg,dataset/person_891/img_03.jpg,0,0.296507
dataset/person_411/img_02.jpg,dataset/person_1420/img_04.jpg,0,0.056570
dataset/person_916/img_01.jpg,dataset/person_1531/img_07.jpg,0,-0.049959
dataset/person_869/img_03.jpg,dataset/person_661/img_04.jpg,0,-0.073966
dataset/person_111/img_01.jpg,dataset/person_367/img_05.jpg,0,-0.262888
dataset/person_535/img_03.jpg,dataset/person_861/img_08.jpg,0,-0.186284
dataset/person_911/img_02.jpg,dataset/person_1097/img_05.jpg,0,0.007189
dataset/person_1151/img_06.jpg,dataset/person_769/img_06.jpg,0,0.117625
dataset/person_861/img_07.jpg,dataset/person_369/img_02.jpg,0,0.140251
dataset/person_989/img_02.jpg,dataset/person_162/img_03.jpg,0,0.055750
dataset/person_1101/img_02.jpg,dataset/person_1226/img_05.jpg,0,0.198452
dataset/person_1658/img_03.jpg,dataset/person_1588/img_01.jpg,0,0.227448
dataset/person_229/img_12.jpg,dataset/person_309/img_01.jpg,0,0.057211
dataset/person_1439/img_04.jpg,dataset/person_311/img_04.jpg,0,-0.181402
dataset/person_547/img_03.jpg,dataset/person_1355/img_02.jpg,0,0.414434
dataset/person_1531/img_06.jpg,dataset/person_194/img_03.jpg,0,-0.042915
dataset/person_040/img_01.jpg,dataset/person_515/img_01.jpg,0,-0.050473
dataset/person_559/img_02.jpg,dataset/person_935/img_03.jpg,0,-0.111592
dataset/person_313/img_05.jpg,dataset/person_1572/img_03.jpg,0,0.051933
dataset/person_924/img_06.jpg,dataset/person_815/img_01.jpg,0,-0.029696
dataset/person_309/img_02.jpg,dataset/person_891/img_04.jpg,0,-0.112614
dataset/person_1572/img_04.jpg,dataset/person_034/img_03.jpg,0,0.097314
dataset/person_1420/img_02.jpg,dataset/person_1097/img_03.jpg,0,0.073734
dataset/person_1309/img_03.jpg,dataset/person_891/img_04.jpg,0,0.110459
dataset/person_474/img_07.jpg,dataset/person_1439/img_01.jpg,0,0.028056
dataset/person_1387/img_01.jpg,dataset/person_891/img_04.jpg,0,0.250455
dataset/person_194/img_04.jpg,dataset/person_710/img_11.jpg,0,0.028572
dataset/person_655/img_02.jpg,dataset/person_162/img_03.jpg,0,-0.154088
dataset/person_585/img_17.jpg,dataset/person_1371/img_01.jpg,0,-0.093425
dataset/person_1492/img_21.jpg,dataset/person_1601/img_08.jpg,0,0.025643
dataset/person_559/img_01.jpg,dataset/person_043/img_12.jpg,0,-0.128642
dataset/person_474/img_03.jpg,dataset/person_1658/img_01.jpg,0,0.257675
dataset/person_1580/img_20.jpg,dataset/person_1302/img_03.jpg,0,0.112825
dataset/person_367/img_01.jpg,dataset/person_1052/img_02.jpg,0,0.019866
dataset/person_1355/img_02.jpg,dataset/person_287/img_05.jpg,0,0.285542
dataset/person_547/img_03.jpg,dataset/person_1588/img_04.jpg,0,0.042404
dataset/person_219/img_02.jpg,dataset/person_896/img_05.jpg,0,-0.092139
dataset/person_1226/img_10.jpg,dataset/person_547/img_03.jpg,0,0.344830
dataset/person_804/img_02.jpg,dataset/person_1396/img_01.jpg,0,0.032321
dataset/person_1601/img_03.jpg,dataset/person_1546/img_04.jpg,0,0.322461
dataset/person_909/img_15.jpg,dataset/person_1563/img_01.jpg,0,0.189763
dataset/person_040/img_02.jpg,dataset/person_963/img_02.jpg,0,0.196057
dataset/person_191/img_03.jpg,dataset/person_1302/img_02.jpg,0,0.028557
dataset/person_065/img_28.jpg,dataset/person_1580/img_17.jpg,0,0.050459
dataset/person_1192/img_06.jpg,dataset/person_1097/img_02.jpg,0,-0.190407
dataset/person_355/img_01.jpg,dataset/person_1151/img_07.jpg,0,0.135676
dataset/person_769/img_08.jpg,dataset/person_935/img_04.jpg,0,0.079004
dataset/person_1151/img_04.jpg,dataset/person_1326/img_04.jpg,0,0.023633
dataset/person_891/img_03.jpg,dataset/person_844/img_05.jpg,0,0.033531
dataset/person_711/img_25.jpg,dataset/person_235/img_02.jpg,0,-0.203193
dataset/person_1653/img_02.jpg,dataset/person_871/img_02.jpg,0,-0.082203
dataset/person_853/img_07.jpg,dataset/person_1396/img_04.jpg,0,0.099539
dataset/person_1244/img_05.jpg,dataset/person_1588/img_01.jpg,0,-0.001061
dataset/person_1411/img_02.jpg,dataset/person_1371/img_05.jpg,0,0.128330
dataset/person_1669/img_02.jpg,dataset/person_930/img_03.jpg,0,0.031824
dataset/person_369/img_04.jpg,dataset/person_547/img_01.jpg,0,-0.010694
dataset/person_034/img_02.jpg,dataset/person_194/img_03.jpg,0,-0.025191
dataset/person_559/img_02.jpg,dataset/person_1577/img_04.jpg,0,-0.298653
dataset/person_601/img_03.jpg,dataset/person_162/img_02.jpg,0,0.021782
dataset/person_1098/img_01.jpg,dataset/person_354/img_01.jpg,0,-0.043013
dataset/person_1486/img_04.jpg,dataset/person_989/img_04.jpg,0,-0.121293
dataset/person_930/img_01.jpg,dataset/person_1492/img_01.jpg,0,-0.017372
dataset/person_1369/img_04.jpg,dataset/person_246/img_03.jpg,0,0.110481
dataset/person_1577/img_03.jpg,dataset/person_535/img_02.jpg,0,0.026500
dataset/person_916/img_01.jpg,dataset/person_354/img_05.jpg,0,0.091717
dataset/person_1226/img_03.jpg,dataset/person_1371/img_05.jpg,0,0.083088
dataset/person_235/img_03.jpg,dataset/person_989/img_04.jpg,0,-0.050454
dataset/person_1155/img_03.jpg,dataset/person_1097/img_05.jpg,0,-0.076457
dataset/person_1653/img_03.jpg,dataset/person_1191/img_01.jpg,0,-0.119275
dataset/person_1439/img_02.jpg,dataset/person_064/img_04.jpg,0,-0.114526
dataset/person_896/img_05.jpg,dataset/person_861/img_06.jpg,0,0.060286
dataset/person_963/img_05.jpg,dataset/person_1653/img_03.jpg,0,0.354974
dataset/person_412/img_03.jpg,dataset/person_861/img_06.jpg,0,0.120701
dataset/person_1653/img_02.jpg,dataset/person_916/img_03.jpg,0,-0.093790
dataset/person_710/img_05.jpg,dataset/person_229/img_18.jpg,0,-0.130765
dataset/person_871/img_04.jpg,dataset/person_963/img_01.jpg,0,0.003498
dataset/person_1262/img_01.jpg,dataset/person_1192/img_04.jpg,0,0.060300
dataset/person_1244/img_16.jpg,dataset/person_049/img_03.jpg,0,0.023608
dataset/person_1202/img_04.jpg,dataset/person_601/img_04.jpg,0,0.034832
dataset/person_111/img_04.jpg,dataset/person_916/img_01.jpg,0,-0.126914
dataset/person_1658/img_05.jpg,dataset/person_1492/img_32.jpg,0,-0.005758
dataset/person_1680/img_01.jpg,dataset/person_235/img_06.jpg,0,-0.032063
dataset/person_891/img_01.jpg,dataset/person_1191/img_03.jpg,0,-0.154968
dataset/person_1097/img_03.jpg,dataset/person_1309/img_03.jpg,0,0.117845
dataset/person_861/img_05.jpg,dataset/person_1217/img_02.jpg,0,0.115460
dataset/person_369/img_05.jpg,dataset/person_022/img_05.jpg,0,0.019215
dataset/person_1244/img_03.jpg,dataset/person_1601/img_04.jpg,0,-0.034002
dataset/person_769/img_11.jpg,dataset/person_235/img_01.jpg,0,0.047281
dataset/person_911/img_01.jpg,dataset/person_1486/img_05.jpg,0,0.029799
dataset/person_547/img_04.jpg,dataset/person_1151/img_06.jpg,0,-0.137758
dataset/person_374/img_01.jpg,dataset/person_963/img_06.jpg,0,-0.140616
dataset/person_1192/img_02.jpg,dataset/person_043/img_30.jpg,0,0.099331
dataset/person_861/img_08.jpg,dataset/person_601/img_04.jpg,0,0.357045
dataset/person_474/img_01.jpg,dataset/person_1382/img_06.jpg,0,0.143633
dataset/person_064/img_04.jpg,dataset/person_519/img_06.jpg,0,0.027620
dataset/person_687/img_02.jpg,dataset/person_930/img_02.jpg,0,-0.129257
dataset/person_891/img_03.jpg,dataset/person_065/img_21.jpg,0,-0.086472
dataset/person_804/img_06.jpg,dataset/person_070/img_01.jpg,0,-0.031290
dataset/person_313/img_07.jpg,dataset/person_411/img_02.jpg,0,-0.092550
dataset/person_1580/img_12.jpg,dataset/person_1369/img_02.jpg,0,0.042821
dataset/person_769/img_07.jpg,dataset/person_891/img_01.jpg,0,0.098205
dataset/person_040/img_02.jpg,dataset/person_871/img_02.jpg,0,0.104363
dataset/person_1572/img_04.jpg,dataset/person_776/img_05.jpg,0,-0.084878
dataset/person_515/img_02.jpg,dataset/person_713/img_02.jpg,0,-0.027572
dataset/person_1420/img_04.jpg,dataset/person_229/img_10.jpg,0,0.014841
dataset/person_924/img_05.jpg,dataset/person_547/img_02.jpg,0,-0.008153
dataset/person_1492/img_07.jpg,dataset/person_535/img_03.jpg,0,0.112310
dataset/person_256/img_04.jpg,dataset/person_1302/img_04.jpg,0,0.171257
dataset/person_911/img_04.jpg,dataset/person_1572/img_03.jpg,0,-0.008667
dataset/person_355/img_04.jpg,dataset/person_391/img_01.jpg,0,-0.039771
dataset/person_713/img_06.jpg,dataset/person_162/img_03.jpg,0,0.210217
dataset/person_1653/img_04.jpg,dataset/person_474/img_02.jpg,0,0.044750
dataset/person_064/img_03.jpg,dataset/person_256/img_04.jpg,0,-0.035055
dataset/person_544/img_02.jpg,dataset/person_1326/img_08.jpg,0,-0.002367
dataset/person_289/img_01.jpg,dataset/person_474/img_05.jpg,0,-0.097276
dataset/person_191/img_01.jpg,dataset/person_1653/img_04.jpg,0,-0.079267
dataset/person_1420/img_02.jpg,dataset/person_1192/img_11.jpg,0,-0.250863
dataset/person_924/img_07.jpg,dataset/person_1420/img_02.jpg,0,-0.171402
dataset/person_287/img_03.jpg,dataset/person_162/img_01.jpg,0,0.180822
dataset/person_313/img_01.jpg,dataset/person_1022/img_02.jpg,0,-0.005655
dataset/person_256/img_04.jpg,dataset/person_162/img_02.jpg,0,-0.139403
dataset/person_191/img_06.jpg,dataset/person_527/img_05.jpg,0,-0.051974
dataset/person_844/img_06.jpg,dataset/person_1369/img_03.jpg,0,-0.060995
dataset/person_369/img_05.jpg,dataset/person_1052/img_01.jpg,0,-0.133922
dataset/person_111/img_04.jpg,dataset/person_710/img_06.jpg,0,-0.043136
dataset/person_783/img_07.jpg,dataset/person_1244/img_13.jpg,0,0.063027
dataset/person_064/img_04.jpg,dataset/person_1052/img_03.jpg,0,-0.063786
dataset/person_1439/img_04.jpg,dataset/person_374/img_06.jpg,0,0.088797
dataset/person_1669/img_03.jpg,dataset/person_431/img_03.jpg,0,0.049599
dataset/person_935/img_02.jpg,dataset/person_896/img_04.jpg,0,0.018383
dataset/person_1244/img_20.jpg,dataset/person_1052/img_03.jpg,0,-0.115163
dataset/person_896/img_02.jpg,dataset/person_544/img_04.jpg,0,0.046585
dataset/person_309/img_01.jpg,dataset/person_040/img_04.jpg,0,0.002451
dataset/person_111/img_02.jpg,dataset/person_034/img_04.jpg,0,-0.033229
dataset/person_1680/img_04.jpg,dataset/person_559/img_05.jpg,0,0.126620
dataset/person_661/img_05.jpg,dataset/person_229/img_12.jpg,0,0.097896
dataset/person_559/img_04.jpg,dataset/person_544/img_03.jpg,0,-0.081854
dataset/person_1097/img_02.jpg,dataset/person_1155/img_01.jpg,0,0.082521
dataset/person_1262/img_01.jpg,dataset/person_111/img_02.jpg,0,-0.005029
dataset/person_871/img_02.jpg,dataset/person_043/img_31.jpg,0,-0.068982
dataset/person_519/img_04.jpg,dataset/person_1191/img_04.jpg,0,0.025111
dataset/person_869/img_09.jpg,dataset/person_474/img_04.jpg,0,0.035381
dataset/person_1097/img_04.jpg,dataset/person_1420/img_02.jpg,0,0.208451
dataset/person_194/img_01.jpg,dataset/person_162/img_02.jpg,0,0.006951
dataset/person_1217/img_02.jpg,dataset/person_924/img_06.jpg,0,0.087834
dataset/person_585/img_16.jpg,dataset/person_1658/img_04.jpg,0,0.124934
dataset/person_040/img_04.jpg,dataset/person_891/img_05.jpg,0,-0.000868
dataset/person_1355/img_03.jpg,dataset/person_1302/img_05.jpg,0,-0.074421
dataset/person_861/img_01.jpg,dataset/person_1577/img_03.jpg,0,-0.107660
dataset/person_034/img_04.jpg,dataset/person_1101/img_04.jpg,0,0.014036
dataset/person_870/img_03.jpg,dataset/person_235/img_01.jpg,0,0.155254
dataset/person_229/img_16.jpg,dataset/person_1580/img_33.jpg,0,0.192628
dataset/person_374/img_05.jpg,dataset/person_661/img_11.jpg,0,0.085426
dataset/person_924/img_07.jpg,dataset/person_844/img_08.jpg,0,-0.038141
dataset/person_1334/img_02.jpg,dataset/person_655/img_09.jpg,0,0.160165
dataset/person_040/img_03.jpg,dataset/person_162/img_09.jpg,0,0.154579
dataset/person_1018/img_06.jpg,dataset/person_1382/img_07.jpg,0,-0.067004
dataset/person_911/img_01.jpg,dataset/person_194/img_04.jpg,0,-0.045893
dataset/person_431/img_03.jpg,dataset/person_515/img_04.jpg,0,-0.042095
dataset/person_585/img_01.jpg,dataset/person_1653/img_02.jpg,0,-0.056204
dataset/person_1396/img_02.jpg,dataset/person_661/img_08.jpg,0,0.008989
dataset/person_1490/img_02.jpg,dataset/person_1658/img_05.jpg,0,0.157165
dataset/person_1326/img_06.jpg,dataset/person_374/img_05.jpg,0,-0.094144
dataset/person_871/img_04.jpg,dataset/person_869/img_03.jpg,0,0.002331
dataset/person_911/img_04.jpg,dataset/person_1411/img_04.jpg,0,-0.109633
dataset/person_861/img_06.jpg,dataset/person_544/img_04.jpg,0,-0.062425
dataset/person_804/img_02.jpg,dataset/person_870/img_02.jpg,0,-0.088113
dataset/person_1396/img_01.jpg,dataset/person_559/img_04.jpg,0,0.167076
dataset/person_1155/img_02.jpg,dataset/person_1226/img_03.jpg,0,-0.011693
dataset/person_411/img_02.jpg,dataset/person_229/img_14.jpg,0,0.126566
dataset/person_235/img_02.jpg,dataset/person_1420/img_02.jpg,0,0.052616
dataset/person_354/img_01.jpg,dataset/person_065/img_23.jpg,0,0.193168
dataset/person_909/img_23.jpg,dataset/person_1371/img_06.jpg,0,-0.092454
dataset/person_1202/img_01.jpg,dataset/person_1226/img_02.jpg,0,0.031228
dataset/person_149/img_01.jpg,dataset/person_1653/img_02.jpg,0,0.107635
dataset/person_1151/img_04.jpg,dataset/person_354/img_04.jpg,0,-0.095648
dataset/person_1371/img_03.jpg,dataset/person_149/img_01.jpg,0,-0.083883
dataset/person_769/img_09.jpg,dataset/person_909/img_18.jpg,0,0.242166
dataset/person_916/img_05.jpg,dataset/person_1192/img_10.jpg,0,-0.239913
dataset/person_535/img_01.jpg,dataset/person_1101/img_04.jpg,0,-0.035632
dataset/person_804/img_07.jpg,dataset/person_1680/img_01.jpg,0,0.031490
dataset/person_1101/img_01.jpg,dataset/person_783/img_07.jpg,0,0.081750
dataset/person_354/img_05.jpg,dataset/person_064/img_01.jpg,0,0.114600
dataset/person_1217/img_01.jpg,dataset/person_474/img_04.jpg,0,-0.040323
dataset/person_930/img_02.jpg,dataset/person_1531/img_05.jpg,0,0.093392
dataset/person_601/img_04.jpg,dataset/person_1658/img_01.jpg,0,-0.069140
dataset/person_1192/img_06.jpg,dataset/person_515/img_03.jpg,0,-0.011962
dataset/person_844/img_02.jpg,dataset/person_1170/img_02.jpg,0,0.012024
dataset/person_1658/img_01.jpg,dataset/person_1601/img_04.jpg,0,0.045463
dataset/person_861/img_08.jpg,dataset/person_815/img_03.jpg,0,-0.041350
dataset/person_1396/img_02.jpg,dataset/person_246/img_01.jpg,0,0.023496
dataset/person_1382/img_07.jpg,dataset/person_1546/img_03.jpg,0,-0.078469
dataset/person_474/img_04.jpg,dataset/person_535/img_02.jpg,0,0.104150
dataset/person_713/img_07.jpg,dataset/person_289/img_02.jpg,0,0.107814
dataset/person_1170/img_04.jpg,dataset/person_804/img_04.jpg,0,-0.102754
dataset/person_935/img_04.jpg,dataset/person_1588/img_03.jpg,0,-0.067977
dataset/person_043/img_10.jpg,dataset/person_1658/img_01.jpg,0,-0.048404
dataset/person_655/img_09.jpg,dataset/person_815/img_01.jpg,0,-0.035098
dataset/person_1052/img_03.jpg,dataset/person_149/img_04.jpg,0,-0.155294
dataset/person_769/img_07.jpg,dataset/person_1217/img_01.jpg,0,-0.028303
dataset/person_1577/img_01.jpg,dataset/person_744/img_05.jpg,0,0.026109
dataset/person_924/img_01.jpg,dataset/person_367/img_06.jpg,0,-0.152181
dataset/person_655/img_11.jpg,dataset/person_804/img_05.jpg,0,0.268592
dataset/person_1411/img_04.jpg,dataset/person_1601/img_09.jpg,0,0.028524
dataset/person_896/img_12.jpg,dataset/person_1420/img_06.jpg,0,-0.016204
dataset/person_1439/img_03.jpg,dataset/person_930/img_01.jpg,0,-0.102060
dataset/person_853/img_17.jpg,dataset/person_1387/img_05.jpg,0,-0.014477
dataset/person_935/img_04.jpg,dataset/person_1191/img_04.jpg,0,-0.043027
dataset/person_515/img_05.jpg,dataset/person_1309/img_10.jpg,0,-0.022844
dataset/person_783/img_06.jpg,dataset/person_431/img_04.jpg,0,0.221954
dataset/person_585/img_21.jpg,dataset/person_1490/img_04.jpg,0,0.100219
dataset/person_776/img_05.jpg,dataset/person_1302/img_01.jpg,0,-0.151654
dataset/person_049/img_03.jpg,dataset/person_309/img_04.jpg,0,-0.090467
dataset/person_661/img_03.jpg,dataset/person_710/img_17.jpg,0,-0.132032
dataset/person_311/img_02.jpg,dataset/person_1396/img_01.jpg,0,-0.072689
dataset/person_256/img_03.jpg,dataset/person_313/img_09.jpg,0,0.102449
dataset/person_149/img_02.jpg,dataset/person_713/img_01.jpg,0,0.048218
dataset/person_043/img_35.jpg,dataset/person_911/img_05.jpg,0,-0.010376
dataset/person_1371/img_03.jpg,dataset/person_1352/img_07.jpg,0,-0.057131
dataset/person_246/img_01.jpg,dataset/person_111/img_03.jpg,0,0.265306
dataset/person_1371/img_05.jpg,dataset/person_474/img_06.jpg,0,-0.011624
dataset/person_1151/img_02.jpg,dataset/person_065/img_29.jpg,0,0.287821
dataset/person_1420/img_06.jpg,dataset/person_367/img_01.jpg,0,0.332410
dataset/person_1680/img_02.jpg,dataset/person_149/img_05.jpg,0,0.167754
dataset/person_355/img_06.jpg,dataset/person_655/img_11.jpg,0,-0.203573
dataset/person_309/img_05.jpg,dataset/person_870/img_02.jpg,0,0.096699
dataset/person_1490/img_03.jpg,dataset/person_1420/img_06.jpg,0,0.168175
dataset/person_783/img_06.jpg,dataset/person_844/img_03.jpg,0,0.013288
dataset/person_655/img_09.jpg,dataset/person_1563/img_02.jpg,0,0.015944
dataset/person_1101/img_02.jpg,dataset/person_1454/img_03.jpg,0,-0.121720
dataset/person_1680/img_02.jpg,dataset/person_1098/img_06.jpg,0,-0.033564
dataset/person_162/img_07.jpg,dataset/person_861/img_02.jpg,0,-0.229135
dataset/person_1097/img_04.jpg,dataset/person_070/img_02.jpg,0,0.004464
dataset/person_194/img_04.jpg,dataset/person_1316/img_01.jpg,0,-0.023169
dataset/person_1546/img_05.jpg,dataset/person_544/img_04.jpg,0,0.010551
dataset/person_374/img_05.jpg,dataset/person_354/img_04.jpg,0,-0.022003
dataset/person_896/img_10.jpg,dataset/person_1371/img_04.jpg,0,-0.016727
dataset/person_491/img_04.jpg,dataset/person_162/img_08.jpg,0,0.169933
dataset/person_687/img_02.jpg,dataset/person_1601/img_03.jpg,0,-0.031143
dataset/person_246/img_04.jpg,dataset/person_1155/img_04.jpg,0,0.116741
dataset/person_1155/img_01.jpg,dataset/person_601/img_02.jpg,0,-0.135279
dataset/person_1680/img_01.jpg,dataset/person_194/img_02.jpg,0,0.016735
dataset/person_354/img_01.jpg,dataset/person_1546/img_05.jpg,0,0.151413
dataset/person_871/img_01.jpg,dataset/person_1588/img_01.jpg,0,0.076024
dataset/person_1546/img_03.jpg,dataset/person_367/img_01.jpg,0,0.280554
dataset/person_287/img_01.jpg,dataset/person_1192/img_06.jpg,0,0.025292
dataset/person_1438/img_03.jpg,dataset/person_1546/img_03.jpg,0,-0.094141
dataset/person_229/img_05.jpg,dataset/person_043/img_10.jpg,0,-0.170165
dataset/person_783/img_04.jpg,dataset/person_374/img_01.jpg,0,0.013576
dataset/person_989/img_03.jpg,dataset/person_916/img_03.jpg,0,-0.018889
dataset/person_1316/img_04.jpg,dataset/person_1244/img_01.jpg,0,0.046229
dataset/person_1151/img_06.jpg,dataset/person_313/img_02.jpg,0,-0.012142
dataset/person_896/img_07.jpg,dataset/person_064/img_04.jpg,0,-0.007766
dataset/person_367/img_05.jpg,dataset/person_1438/img_04.jpg,0,0.044460
dataset/person_924/img_07.jpg,dataset/person_149/img_04.jpg,0,0.098368
dataset/person_194/img_02.jpg,dataset/person_861/img_03.jpg,0,0.067633
dataset/person_246/img_04.jpg,dataset/person_491/img_04.jpg,0,-0.085273
dataset/person_535/img_02.jpg,dataset/person_1669/img_03.jpg,0,-0.062025
dataset/person_1097/img_05.jpg,dataset/person_804/img_06.jpg,0,-0.156684
dataset/person_431/img_04.jpg,dataset/person_1588/img_02.jpg,0,-0.194251
dataset/person_924/img_03.jpg,dataset/person_1577/img_05.jpg,0,0.014490
dataset/person_064/img_04.jpg,dataset/person_535/img_03.jpg,0,0.056515
dataset/person_515/img_02.jpg,dataset/person_1097/img_01.jpg,0,0.046100
dataset/person_367/img_07.jpg,dataset/person_474/img_05.jpg,0,0.127060
dataset/person_354/img_01.jpg,dataset/person_515/img_05.jpg,0,0.151306
dataset/person_1052/img_01.jpg,dataset/person_1262/img_10.jpg,0,0.143772
dataset/person_287/img_04.jpg,dataset/person_1262/img_09.jpg,0,-0.080923
dataset/person_916/img_01.jpg,dataset/person_040/img_02.jpg,0,-0.046459
dataset/person_040/img_02.jpg,dataset/person_1387/img_02.jpg,0,-0.076911
dataset/person_861/img_08.jpg,dataset/person_601/img_01.jpg,0,-0.046371
dataset/person_815/img_05.jpg,dataset/person_309/img_03.jpg,0,0.041093
dataset/person_1580/img_03.jpg,dataset/person_374/img_04.jpg,0,0.258757
dataset/person_891/img_01.jpg,dataset/person_989/img_03.jpg,0,-0.072737
dataset/person_1653/img_04.jpg,dataset/person_1244/img_01.jpg,0,-0.119314
dataset/person_891/img_03.jpg,dataset/person_289/img_04.jpg,0,0.008140
dataset/person_1369/img_01.jpg,dataset/person_1097/img_01.jpg,0,0.032758
dataset/person_311/img_03.jpg,dataset/person_1217/img_02.jpg,0,-0.191089
dataset/person_1244/img_03.jpg,dataset/person_1369/img_02.jpg,0,0.045105
dataset/person_1438/img_02.jpg,dataset/person_1588/img_01.jpg,0,0.000821
dataset/person_412/img_02.jpg,dataset/person_1454/img_01.jpg,0,-0.077155
dataset/person_655/img_05.jpg,dataset/person_070/img_04.jpg,0,-0.008436
dataset/person_1098/img_02.jpg,dataset/person_1439/img_04.jpg,0,-0.223262
dataset/person_916/img_03.jpg,dataset/person_1454/img_04.jpg,0,0.053990
dataset/person_853/img_04.jpg,dataset/person_924/img_01.jpg,0,0.011061
dataset/person_1302/img_05.jpg,dataset/person_1352/img_04.jpg,0,-0.092386
dataset/person_235/img_05.jpg,dataset/person_256/img_04.jpg,0,-0.081790
dataset/person_111/img_01.jpg,dataset/person_1382/img_06.jpg,0,0.013112
dataset/person_191/img_04.jpg,dataset/person_313/img_02.jpg,0,-0.223062
dataset/person_219/img_04.jpg,dataset/person_043/img_15.jpg,0,-0.068438
dataset/person_930/img_01.jpg,dataset/person_911/img_03.jpg,0,0.077764
dataset/person_313/img_11.jpg,dataset/person_374/img_01.jpg,0,0.078497
dataset/person_1355/img_02.jpg,dataset/person_744/img_10.jpg,0,-0.083987
dataset/person_355/img_04.jpg,dataset/person_1588/img_01.jpg,0,-0.255400
dataset/person_870/img_02.jpg,dataset/person_491/img_02.jpg,0,-0.043713
dataset/person_1546/img_02.jpg,dataset/person_311/img_02.jpg,0,0.016795
dataset/person_309/img_05.jpg,dataset/person_162/img_08.jpg,0,0.128586
dataset/person_064/img_04.jpg,dataset/person_022/img_05.jpg,0,-0.141653
dataset/person_1411/img_02.jpg,dataset/person_519/img_01.jpg,0,-0.154725
dataset/person_070/img_04.jpg,dataset/person_989/img_03.jpg,0,0.112215
dataset/person_391/img_04.jpg,dataset/person_1369/img_03.jpg,0,-0.081498
dataset/person_869/img_04.jpg,dataset/person_474/img_05.jpg,0,0.075613
dataset/person_064/img_01.jpg,dataset/person_1202/img_03.jpg,0,0.004759
dataset/person_1097/img_01.jpg,dataset/person_1577/img_02.jpg,0,-0.096717
dataset/person_661/img_05.jpg,dataset/person_354/img_04.jpg,0,-0.193617
dataset/person_1309/img_09.jpg,dataset/person_412/img_03.jpg,0,0.205431
dataset/person_911/img_03.jpg,dataset/person_547/img_03.jpg,0,-0.157163
dataset/person_713/img_08.jpg,dataset/person_601/img_03.jpg,0,-0.059632
dataset/person_1355/img_03.jpg,dataset/person_527/img_03.jpg,0,-0.145199
dataset/person_1309/img_10.jpg,dataset/person_1680/img_03.jpg,0,0.066353
dataset/person_040/img_02.jpg,dataset/person_930/img_01.jpg,0,-0.138795
dataset/person_411/img_01.jpg,dataset/person_194/img_01.jpg,0,-0.032275
dataset/person_544/img_04.jpg,dataset/person_1226/img_09.jpg,0,-0.062483
dataset/person_916/img_04.jpg,dataset/person_585/img_13.jpg,0,0.122069
dataset/person_309/img_01.jpg,dataset/person_1052/img_01.jpg,0,-0.082051
dataset/person_916/img_04.jpg,dataset/person_861/img_02.jpg,0,0.180670
dataset/person_1492/img_25.jpg,dataset/person_844/img_06.jpg,0,0.183110
dataset/person_1572/img_01.jpg,dataset/person_1226/img_02.jpg,0,0.169443
dataset/person_191/img_02.jpg,dataset/person_1546/img_04.jpg,0,-0.119343
dataset/person_034/img_01.jpg,dataset/person_1326/img_05.jpg,0,-0.008823
dataset/person_547/img_03.jpg,dataset/person_935/img_02.jpg,0,-0.160530
dataset/person_1097/img_05.jpg,dataset/person_844/img_05.jpg,0,0.104320
dataset/person_815/img_02.jpg,dataset/person_655/img_04.jpg,0,-0.149943
dataset/person_235/img_01.jpg,dataset/person_1531/img_05.jpg,0,-0.077656
dataset/person_235/img_06.jpg,dataset/person_924/img_06.jpg,0,0.120062
dataset/person_411/img_01.jpg,dataset/person_1309/img_04.jpg,0,0.029058
dataset/person_853/img_13.jpg,dataset/person_491/img_01.jpg,0,0.111600
dataset/person_896/img_10.jpg,dataset/person_1387/img_05.jpg,0,0.013707
dataset/person_235/img_05.jpg,dataset/person_1217/img_02.jpg,0,-0.086979
dataset/person_527/img_05.jpg,dataset/person_710/img_06.jpg,0,0.211508
dataset/person_1018/img_02.jpg,dataset/person_374/img_06.jpg,0,-0.157453
dataset/person_1018/img_03.jpg,dataset/person_1155/img_02.jpg,0,0.044895
dataset/person_909/img_18.jpg,dataset/person_287/img_02.jpg,0,-0.014196
dataset/person_870/img_01.jpg,dataset/person_544/img_03.jpg,0,0.174833
dataset/person_547/img_04.jpg,dataset/person_354/img_01.jpg,0,0.104542
dataset/person_162/img_01.jpg,dataset/person_515/img_03.jpg,0,-0.017418
dataset/person_1653/img_04.jpg,dataset/person_870/img_03.jpg,0,-0.124815
dataset/person_1151/img_08.jpg,dataset/person_547/img_04.jpg,0,-0.032182
dataset/person_1531/img_01.jpg,dataset/person_287/img_06.jpg,0,0.047411
dataset/person_1326/img_05.jpg,dataset/person_065/img_27.jpg,0,0.048017
dataset/person_309/img_03.jpg,dataset/person_1669/img_01.jpg,0,-0.226989
dataset/person_1577/img_03.jpg,dataset/person_1262/img_02.jpg,0,0.377539
dataset/person_909/img_02.jpg,dataset/person_367/img_06.jpg,0,0.126331
dataset/person_1326/img_07.jpg,dataset/person_559/img_01.jpg,0,0.353292
dataset/person_935/img_02.jpg,dataset/person_1355/img_02.jpg,0,-0.109122
dataset/person_1486/img_02.jpg,dataset/person_1438/img_01.jpg,0,0.107744
dataset/person_043/img_28.jpg,dataset/person_219/img_01.jpg,0,-0.022063
dataset/person_374/img_06.jpg,dataset/person_804/img_03.jpg,0,-0.040654
dataset/person_869/img_04.jpg,dataset/person_1369/img_01.jpg,0,0.112123
dataset/person_194/img_03.jpg,dataset/person_1352/img_01.jpg,0,-0.045226
dataset/person_853/img_17.jpg,dataset/person_1486/img_04.jpg,0,0.189423
dataset/person_1022/img_08.jpg,dataset/person_776/img_02.jpg,0,-0.204727
dataset/person_474/img_02.jpg,dataset/person_1669/img_01.jpg,0,-0.124718
dataset/person_070/img_01.jpg,dataset/person_935/img_04.jpg,0,0.065191
dataset/person_1439/img_01.jpg,dataset/person_911/img_02.jpg,0,0.241438
dataset/person_070/img_07.jpg,dataset/person_935/img_04.jpg,0,-0.082788
dataset/person_070/img_05.jpg,dataset/person_1420/img_06.jpg,0,-0.007354
dataset/person_1653/img_01.jpg,dataset/person_1018/img_06.jpg,0,-0.059514
dataset/person_070/img_01.jpg,dataset/person_354/img_03.jpg,0,-0.018291
dataset/person_870/img_04.jpg,dataset/person_1563/img_01.jpg,0,-0.026441
dataset/person_431/img_04.jpg,dataset/person_713/img_04.jpg,0,0.096216
dataset/person_891/img_05.jpg,dataset/person_391/img_01.jpg,0,0.016651
dataset/person_1680/img_04.jpg,dataset/person_1572/img_04.jpg,0,-0.117491
dataset/person_909/img_07.jpg,dataset/person_431/img_03.jpg,0,0.020105
dataset/person_519/img_01.jpg,dataset/person_544/img_04.jpg,0,0.046290
dataset/person_287/img_05.jpg,dataset/person_1486/img_04.jpg,0,0.050920
dataset/person_1101/img_01.jpg,dataset/person_034/img_05.jpg,0,-0.068853
dataset/person_785/img_02.jpg,dataset/person_869/img_03.jpg,0,0.147174
dataset/person_491/img_03.jpg,dataset/person_256/img_03.jpg,0,-0.094723
dataset/person_1601/img_08.jpg,dataset/person_219/img_02.jpg,0,0.113827
dataset/person_1355/img_01.jpg,dataset/person_1170/img_01.jpg,0,0.017594
dataset/person_1155/img_04.jpg,dataset/person_1438/img_03.jpg,0,0.288371
dataset/person_1438/img_02.jpg,dataset/person_369/img_02.jpg,0,-0.000485
dataset/person_194/img_03.jpg,dataset/person_1438/img_03.jpg,0,-0.115719
dataset/person_1546/img_05.jpg,dataset/person_034/img_05.jpg,0,-0.121545
dataset/person_527/img_02.jpg,dataset/person_544/img_01.jpg,0,0.028968
dataset/person_1352/img_01.jpg,dataset/person_246/img_04.jpg,0,-0.087359
dataset/person_1490/img_02.jpg,dataset/person_1302/img_02.jpg,0,0.031896
dataset/person_783/img_03.jpg,dataset/person_1018/img_02.jpg,0,0.085923
dataset/person_535/img_04.jpg,dataset/person_194/img_03.jpg,0,0.051499
dataset/person_871/img_03.jpg,dataset/person_369/img_05.jpg,0,0.120777
dataset/person_1420/img_03.jpg,dataset/person_1601/img_03.jpg,0,-0.187078
dataset/person_1101/img_01.jpg,dataset/person_1680/img_04.jpg,0,0.084605
dataset/person_1326/img_01.jpg,dataset/person_935/img_02.jpg,0,-0.111065
dataset/person_559/img_04.jpg,dataset/person_1334/img_20.jpg,0,-0.122620
dataset/person_1316/img_04.jpg,dataset/person_1352/img_06.jpg,0,0.125569
dataset/person_815/img_04.jpg,dataset/person_710/img_07.jpg,0,0.048086
dataset/person_1580/img_01.jpg,dataset/person_1244/img_12.jpg,0,0.030415
dataset/person_034/img_03.jpg,dataset/person_1022/img_01.jpg,0,0.004820
dataset/person_354/img_02.jpg,dataset/person_111/img_03.jpg,0,0.087197
dataset/person_1658/img_05.jpg,dataset/person_1262/img_06.jpg,0,0.134630
dataset/person_064/img_02.jpg,dataset/person_043/img_13.jpg,0,-0.089606
dataset/person_1396/img_02.jpg,dataset/person_1226/img_05.jpg,0,0.042494
dataset/person_661/img_06.jpg,dataset/person_1226/img_09.jpg,0,0.005426
dataset/person_1355/img_02.jpg,dataset/person_1226/img_01.jpg,0,0.054643
dataset/person_1226/img_05.jpg,dataset/person_869/img_02.jpg,0,-0.080641
dataset/person_040/img_02.jpg,dataset/person_861/img_07.jpg,0,0.150858
dataset/person_519/img_02.jpg,dataset/person_783/img_03.jpg,0,0.083528
dataset/person_989/img_03.jpg,dataset/person_1309/img_08.jpg,0,0.033720
dataset/person_1352/img_06.jpg,dataset/person_1546/img_06.jpg,0,-0.069016
dataset/person_1217/img_04.jpg,dataset/person_289/img_01.jpg,0,-0.052146
dataset/person_1151/img_03.jpg,dataset/person_1191/img_02.jpg,0,0.048419
dataset/person_1262/img_07.jpg,dataset/person_309/img_03.jpg,0,0.056459
dataset/person_1439/img_04.jpg,dataset/person_391/img_02.jpg,0,-0.077308
dataset/person_935/img_02.jpg,dataset/person_064/img_03.jpg,0,0.059687
dataset/person_785/img_03.jpg,dataset/person_1192/img_04.jpg,0,-0.121541
dataset/person_065/img_18.jpg,dataset/person_474/img_03.jpg,0,-0.053023
dataset/person_870/img_04.jpg,dataset/person_256/img_02.jpg,0,0.121275
dataset/person_687/img_04.jpg,dataset/person_1052/img_01.jpg,0,0.144795
dataset/person_1217/img_04.jpg,dataset/person_256/img_05.jpg,0,-0.103134
dataset/person_1546/img_05.jpg,dataset/person_235/img_04.jpg,0,0.046005
dataset/person_1226/img_06.jpg,dataset/person_1454/img_05.jpg,0,-0.019764
dataset/person_559/img_04.jpg,dataset/person_219/img_04.jpg,0,-0.050845
dataset/person_1382/img_07.jpg,dataset/person_369/img_05.jpg,0,-0.041500
dataset/person_519/img_04.jpg,dataset/person_049/img_02.jpg,0,0.219769
dataset/person_916/img_04.jpg,dataset/person_1302/img_02.jpg,0,-0.081009
dataset/person_1577/img_03.jpg,dataset/person_1316/img_04.jpg,0,-0.008193
dataset/person_911/img_05.jpg,dataset/person_1563/img_02.jpg,0,-0.099194
dataset/person_989/img_03.jpg,dataset/person_869/img_05.jpg,0,0.327377
dataset/person_313/img_03.jpg,dataset/person_1052/img_01.jpg,0,0.108338
dataset/person_1411/img_05.jpg,dataset/person_1658/img_03.jpg,0,-0.143822
dataset/person_1334/img_02.jpg,dataset/person_369/img_04.jpg,0,0.124662
dataset/person_256/img_03.jpg,dataset/person_431/img_04.jpg,0,0.194909
dataset/person_1669/img_04.jpg,dataset/person_191/img_04.jpg,0,-0.010630
dataset/person_1546/img_04.jpg,dataset/person_804/img_03.jpg,0,0.190921
dataset/person_1382/img_01.jpg,dataset/person_1563/img_02.jpg,0,-0.055197
dataset/person_1658/img_03.jpg,dataset/person_1334/img_21.jpg,0,-0.183767
dataset/person_1022/img_02.jpg,dataset/person_1492/img_19.jpg,0,-0.027460
dataset/person_869/img_09.jpg,dataset/person_246/img_05.jpg,0,-0.143197
dataset/person_515/img_03.jpg,dataset/person_1052/img_02.jpg,0,0.140063
dataset/person_1098/img_01.jpg,dataset/person_1151/img_06.jpg,0,-0.019727
dataset/person_049/img_02.jpg,dataset/person_311/img_03.jpg,0,-0.103389
dataset/person_1302/img_03.jpg,dataset/person_544/img_03.jpg,0,0.090892
dataset/person_1420/img_06.jpg,dataset/person_711/img_55.jpg,0,-0.009117
dataset/person_1387/img_05.jpg,dataset/person_1262/img_03.jpg,0,-0.032224
dataset/person_871/img_03.jpg,dataset/person_713/img_01.jpg,0,0.011745
dataset/person_769/img_05.jpg,dataset/person_1420/img_03.jpg,0,0.005656
dataset/person_783/img_04.jpg,dataset/person_1580/img_01.jpg,0,-0.011158
dataset/person_194/img_02.jpg,dataset/person_519/img_07.jpg,0,0.074987
dataset/person_1334/img_24.jpg,dataset/person_661/img_04.jpg,0,0.026229
dataset/person_194/img_04.jpg,dataset/person_1334/img_24.jpg,0,-0.036359
dataset/person_844/img_06.jpg,dataset/person_191/img_01.jpg,0,-0.110819
dataset/person_1439/img_02.jpg,dataset/person_870/img_04.jpg,0,-0.121182
dataset/person_769/img_07.jpg,dataset/person_585/img_07.jpg,0,0.071075
dataset/person_1658/img_05.jpg,dataset/person_1669/img_01.jpg,0,-0.168135
dataset/person_1546/img_05.jpg,dataset/person_1170/img_02.jpg,0,0.092619
dataset/person_1438/img_01.jpg,dataset/person_710/img_16.jpg,0,-0.095259
dataset/person_815/img_07.jpg,dataset/person_527/img_03.jpg,0,-0.020447
dataset/person_149/img_04.jpg,dataset/person_1326/img_07.jpg,0,-0.018831
dataset/person_547/img_04.jpg,dataset/person_713/img_12.jpg,0,-0.042357
dataset/person_309/img_03.jpg,dataset/person_1420/img_05.jpg,0,0.241995
dataset/person_040/img_01.jpg,dataset/person_355/img_02.jpg,0,-0.015421
dataset/person_1192/img_10.jpg,dataset/person_1486/img_07.jpg,0,-0.085806
dataset/person_1563/img_04.jpg,dataset/person_1309/img_02.jpg,0,-0.180471
dataset/person_309/img_02.jpg,dataset/person_1572/img_04.jpg,0,-0.080367
dataset/person_1101/img_04.jpg,dataset/person_1486/img_05.jpg,0,-0.040469
dataset/person_1097/img_01.jpg,dataset/person_1217/img_02.jpg,0,-0.134765
dataset/person_049/img_04.jpg,dataset/person_853/img_01.jpg,0,0.198189
dataset/person_1244/img_03.jpg,dataset/person_1302/img_04.jpg,0,-0.103677
dataset/person_1396/img_02.jpg,dataset/person_1309/img_05.jpg,0,-0.163196
dataset/person_527/img_01.jpg,dataset/person_289/img_04.jpg,0,0.133197
dataset/person_070/img_05.jpg,dataset/person_1546/img_01.jpg,0,0.054365
dataset/person_1217/img_04.jpg,dataset/person_1454/img_04.jpg,0,0.019717
dataset/person_1202/img_02.jpg,dataset/person_111/img_04.jpg,0,0.138251
dataset/person_219/img_01.jpg,dataset/person_711/img_25.jpg,0,-0.005329
dataset/person_924/img_02.jpg,dataset/person_891/img_02.jpg,0,-0.053403
dataset/person_896/img_05.jpg,dataset/person_1309/img_07.jpg,0,-0.150639
dataset/person_844/img_08.jpg,dataset/person_601/img_02.jpg,0,0.184943
dataset/person_411/img_05.jpg,dataset/person_367/img_05.jpg,0,-0.193150
dataset/person_1302/img_04.jpg,dataset/person_246/img_03.jpg,0,0.066983
dataset/person_1302/img_02.jpg,dataset/person_022/img_04.jpg,0,-0.101458
dataset/person_1018/img_04.jpg,dataset/person_853/img_08.jpg,0,0.000232
dataset/person_289/img_04.jpg,dataset/person_1486/img_08.jpg,0,-0.037535
dataset/person_191/img_01.jpg,dataset/person_367/img_06.jpg,0,-0.022899
dataset/person_1097/img_04.jpg,dataset/person_1396/img_03.jpg,0,0.161217
dataset/person_585/img_10.jpg,dataset/person_869/img_07.jpg,0,-0.015036
dataset/person_412/img_02.jpg,dataset/person_853/img_14.jpg,0,-0.091526
dataset/person_1355/img_04.jpg,dataset/person_1226/img_08.jpg,0,0.161472
dataset/person_1572/img_02.jpg,dataset/person_930/img_01.jpg,0,0.055380
dataset/person_1577/img_01.jpg,dataset/person_585/img_08.jpg,0,-0.008460
dataset/person_911/img_02.jpg,dataset/person_896/img_05.jpg,0,0.105698
dataset/person_909/img_19.jpg,dataset/person_474/img_02.jpg,0,-0.044509
dataset/person_585/img_07.jpg,dataset/person_661/img_08.jpg,0,-0.093799
dataset/person_1588/img_01.jpg,dataset/person_744/img_12.jpg,0,-0.189459
dataset/person_1022/img_02.jpg,dataset/person_713/img_09.jpg,0,-0.007753
dataset/person_769/img_06.jpg,dataset/person_776/img_07.jpg,0,-0.051572
dataset/person_1669/img_03.jpg,dataset/person_1217/img_02.jpg,0,0.007238
dataset/person_246/img_04.jpg,dataset/person_064/img_01.jpg,0,0.158297
dataset/person_1022/img_08.jpg,dataset/person_491/img_04.jpg,0,-0.078863
dataset/person_149/img_04.jpg,dataset/person_711/img_55.jpg,0,0.100775
dataset/person_1262/img_01.jpg,dataset/person_1577/img_01.jpg,0,0.129962
dataset/person_1369/img_02.jpg,dataset/person_111/img_03.jpg,0,0.095088
dataset/person_535/img_04.jpg,dataset/person_711/img_32.jpg,0,0.094331
dataset/person_191/img_01.jpg,dataset/person_1018/img_05.jpg,0,0.024364
dataset/person_527/img_04.jpg,dataset/person_1355/img_02.jpg,0,0.025323
dataset/person_194/img_03.jpg,dataset/person_853/img_06.jpg,0,0.088561
dataset/person_1217/img_01.jpg,dataset/person_869/img_02.jpg,0,-0.082407
dataset/person_1226/img_02.jpg,dataset/person_1411/img_05.jpg,0,-0.002260
dataset/person_710/img_06.jpg,dataset/person_1577/img_01.jpg,0,0.314380
dataset/person_535/img_01.jpg,dataset/person_744/img_09.jpg,0,0.192113
dataset/person_1192/img_06.jpg,dataset/person_1658/img_02.jpg,0,0.092869
dataset/person_1316/img_01.jpg,dataset/person_655/img_11.jpg,0,-0.102397
dataset/person_309/img_04.jpg,dataset/person_1316/img_01.jpg,0,0.055028
dataset/person_869/img_09.jpg,dataset/person_491/img_01.jpg,0,-0.163033
dataset/person_1572/img_03.jpg,dataset/person_559/img_04.jpg,0,0.084893
dataset/person_065/img_01.jpg,dataset/person_391/img_01.jpg,0,0.252344
dataset/person_769/img_04.jpg,dataset/person_1563/img_02.jpg,0,0.144625
dataset/person_1546/img_02.jpg,dataset/person_930/img_02.jpg,0,-0.004697
dataset/person_1097/img_04.jpg,dataset/person_040/img_01.jpg,0,0.008493
dataset/person_034/img_02.jpg,dataset/person_149/img_01.jpg,0,-0.065925
dataset/person_1326/img_02.jpg,dataset/person_909/img_11.jpg,0,0.096357
dataset/person_661/img_01.jpg,dataset/person_1217/img_04.jpg,0,0.037273
dataset/person_256/img_03.jpg,dataset/person_1101/img_03.jpg,0,0.189007
dataset/person_354/img_02.jpg,dataset/person_474/img_04.jpg,0,-0.123329
dataset/person_989/img_04.jpg,dataset/person_311/img_04.jpg,0,-0.052901
dataset/person_1151/img_04.jpg,dataset/person_1334/img_04.jpg,0,0.161229
dataset/person_1492/img_12.jpg,dataset/person_1454/img_01.jpg,0,0.005871
dataset/person_1580/img_21.jpg,dataset/person_519/img_01.jpg,0,0.063462
dataset/person_1572/img_04.jpg,dataset/person_1316/img_02.jpg,0,-0.065046
dataset/person_1018/img_03.jpg,dataset/person_527/img_05.jpg,0,-0.155152
dataset/person_1546/img_01.jpg,dataset/person_064/img_02.jpg,0,-0.023328
dataset/person_1588/img_04.jpg,dataset/person_1420/img_01.jpg,0,-0.065291
dataset/person_655/img_13.jpg,dataset/person_309/img_05.jpg,0,0.087242
dataset/person_1217/img_01.jpg,dataset/person_1369/img_03.jpg,0,0.033428
dataset/person_474/img_07.jpg,dataset/person_585/img_22.jpg,0,-0.027534
dataset/person_963/img_03.jpg,dataset/person_769/img_06.jpg,0,0.014034
dataset/person_1226/img_06.jpg,dataset/person_491/img_04.jpg,0,-0.101866
dataset/person_1018/img_01.jpg,dataset/person_1486/img_08.jpg,0,-0.107120
dataset/person_1563/img_02.jpg,dataset/person_256/img_05.jpg,0,0.181018
dataset/person_374/img_01.jpg,dataset/person_601/img_02.jpg,0,-0.142607
dataset/person_040/img_01.jpg,dataset/person_412/img_03.jpg,0,0.051956
dataset/person_1352/img_07.jpg,dataset/person_710/img_08.jpg,0,-0.163557
dataset/person_431/img_01.jpg,dataset/person_1052/img_02.jpg,0,0.178867
dataset/person_1546/img_03.jpg,dataset/person_235/img_02.jpg,0,-0.002237
dataset/person_1192/img_04.jpg,dataset/person_1563/img_01.jpg,0,-0.024060
dataset/person_1352/img_08.jpg,dataset/person_963/img_06.jpg,0,0.020012
dataset/person_1170/img_03.jpg,dataset/person_1387/img_01.jpg,0,-0.021507
dataset/person_287/img_04.jpg,dataset/person_785/img_06.jpg,0,-0.046244
dataset/person_844/img_01.jpg,dataset/person_1396/img_02.jpg,0,0.191112
dataset/person_870/img_03.jpg,dataset/person_687/img_03.jpg,0,-0.065454
dataset/person_1355/img_01.jpg,dataset/person_1309/img_11.jpg,0,0.050455
dataset/person_1355/img_02.jpg,dataset/person_804/img_05.jpg,0,0.040763
dataset/person_896/img_09.jpg,dataset/person_1563/img_03.jpg,0,0.181192
dataset/person_1244/img_01.jpg,dataset/person_1658/img_01.jpg,0,-0.031111
dataset/person_896/img_02.jpg,dataset/person_229/img_07.jpg,0,0.028973
dataset/person_065/img_10.jpg,dataset/person_491/img_02.jpg,0,0.216183
dataset/person_1155/img_02.jpg,dataset/person_1097/img_05.jpg,0,0.128164
dataset/person_313/img_04.jpg,dataset/person_861/img_04.jpg,0,-0.121749
dataset/person_246/img_04.jpg,dataset/person_1052/img_04.jpg,0,-0.002266
dataset/person_1438/img_02.jpg,dataset/person_1217/img_02.jpg,0,-0.024113
dataset/person_162/img_04.jpg,dataset/person_1226/img_05.jpg,0,-0.047692
dataset/person_1396/img_04.jpg,dataset/person_367/img_06.jpg,0,0.049665
dataset/person_1302/img_04.jpg,dataset/person_1382/img_02.jpg,0,0.045334
dataset/person_1531/img_07.jpg,dataset/person_1577/img_02.jpg,0,-0.031155
dataset/person_194/img_04.jpg,dataset/person_1658/img_05.jpg,0,-0.059028
dataset/person_412/img_04.jpg,dataset/person_710/img_05.jpg,0,-0.037940
dataset/person_844/img_08.jpg,dataset/person_785/img_01.jpg,0,0.091982
dataset/person_744/img_14.jpg,dataset/person_1563/img_01.jpg,0,0.214255
dataset/person_744/img_10.jpg,dataset/person_930/img_02.jpg,0,-0.074810
dataset/person_313/img_03.jpg,dataset/person_687/img_03.jpg,0,0.095068
dataset/person_1563/img_03.jpg,dataset/person_191/img_04.jpg,0,-0.168606
dataset/person_1396/img_04.jpg,dataset/person_1563/img_01.jpg,0,0.189098
dataset/person_1486/img_08.jpg,dataset/person_1170/img_02.jpg,0,-0.034656
dataset/person_1192/img_04.jpg,dataset/person_935/img_01.jpg,0,0.003376
dataset/person_034/img_05.jpg,dataset/person_891/img_03.jpg,0,-0.085147
dataset/person_229/img_14.jpg,dataset/person_1580/img_26.jpg,0,-0.018718
dataset/person_711/img_25.jpg,dataset/person_1546/img_04.jpg,0,0.117871
dataset/person_1438/img_01.jpg,dataset/person_515/img_04.jpg,0,-0.008973
dataset/person_911/img_01.jpg,dataset/person_049/img_04.jpg,0,0.061776
dataset/person_989/img_02.jpg,dataset/person_355/img_02.jpg,0,-0.129013
dataset/person_744/img_09.jpg,dataset/person_1653/img_03.jpg,0,0.498489
dataset/person_256/img_04.jpg,dataset/person_601/img_03.jpg,0,-0.145069
dataset/person_585/img_21.jpg,dataset/person_070/img_04.jpg,0,-0.030102
dataset/person_963/img_04.jpg,dataset/person_162/img_04.jpg,0,-0.120117
dataset/person_219/img_03.jpg,dataset/person_049/img_01.jpg,0,0.074376
dataset/person_585/img_21.jpg,dataset/person_535/img_02.jpg,0,0.030909
dataset/person_1371/img_04.jpg,dataset/person_411/img_11.jpg,0,0.009323
dataset/person_1191/img_02.jpg,dataset/person_1369/img_02.jpg,0,-0.105198
dataset/person_034/img_01.jpg,dataset/person_111/img_04.jpg,0,0.043826
dataset/person_1577/img_05.jpg,dataset/person_601/img_01.jpg,0,-0.031181
dataset/person_287/img_02.jpg,dataset/person_930/img_04.jpg,0,-0.123271
dataset/person_1217/img_04.jpg,dataset/person_861/img_05.jpg,0,0.069035
dataset/person_559/img_05.jpg,dataset/person_1420/img_05.jpg,0,0.048009
dataset/person_527/img_04.jpg,dataset/person_911/img_05.jpg,0,0.111776
dataset/person_1438/img_04.jpg,dataset/person_687/img_01.jpg,0,0.084081
dataset/person_1101/img_03.jpg,dataset/person_491/img_02.jpg,0,-0.102578
dataset/person_1382/img_04.jpg,dataset/person_711/img_48.jpg,0,0.150553
dataset/person_1577/img_03.jpg,dataset/person_585/img_01.jpg,0,-0.062597
dataset/person_1217/img_04.jpg,dataset/person_844/img_01.jpg,0,-0.060825
dataset/person_1098/img_06.jpg,dataset/person_1018/img_04.jpg,0,-0.029715
dataset/person_289/img_03.jpg,dataset/person_1601/img_07.jpg,0,-0.223000
dataset/person_1217/img_03.jpg,dataset/person_1226/img_03.jpg,0,-0.072429
dataset/person_601/img_02.jpg,dataset/person_1170/img_04.jpg,0,0.060458
dataset/person_1244/img_04.jpg,dataset/person_246/img_04.jpg,0,0.121452
dataset/person_355/img_02.jpg,dataset/person_844/img_03.jpg,0,0.178966
dataset/person_1302/img_02.jpg,dataset/person_070/img_07.jpg,0,0.087074
dataset/person_744/img_09.jpg,dataset/person_1262/img_07.jpg,0,0.128986
dataset/person_1658/img_05.jpg,dataset/person_474/img_02.jpg,0,0.219207
dataset/person_896/img_03.jpg,dataset/person_491/img_01.jpg,0,-0.100673
dataset/person_1411/img_04.jpg,dataset/person_1052/img_01.jpg,0,0.291487
dataset/person_1387/img_03.jpg,dataset/person_1018/img_01.jpg,0,-0.037590
dataset/person_369/img_04.jpg,dataset/person_1352/img_08.jpg,0,0.056409
dataset/person_544/img_01.jpg,dataset/person_744/img_01.jpg,0,0.053079
dataset/person_070/img_07.jpg,dataset/person_1382/img_01.jpg,0,0.053977
dataset/person_535/img_01.jpg,dataset/person_369/img_01.jpg,0,-0.072530
dataset/person_1316/img_01.jpg,dataset/person_287/img_04.jpg,0,0.085640
dataset/person_411/img_13.jpg,dataset/person_287/img_03.jpg,0,0.082772
dataset/person_989/img_04.jpg,dataset/person_229/img_11.jpg,0,0.160512
dataset/person_411/img_06.jpg,dataset/person_162/img_06.jpg,0,0.112199
dataset/person_844/img_06.jpg,dataset/person_1352/img_07.jpg,0,0.045688
dataset/person_1563/img_01.jpg,dataset/person_412/img_03.jpg,0,-0.122731
dataset/person_896/img_13.jpg,dataset/person_1486/img_02.jpg,0,0.064490
dataset/person_022/img_04.jpg,dataset/person_1680/img_02.jpg,0,0.010589
dataset/person_043/img_08.jpg,dataset/person_411/img_09.jpg,0,-0.121384
dataset/person_1387/img_02.jpg,dataset/person_585/img_12.jpg,0,0.228349
dataset/person_1669/img_04.jpg,dataset/person_431/img_05.jpg,0,-0.010998
dataset/person_1588/img_02.jpg,dataset/person_527/img_01.jpg,0,-0.178558
dataset/person_491/img_03.jpg,dataset/person_844/img_01.jpg,0,0.044477
dataset/person_491/img_01.jpg,dataset/person_1531/img_06.jpg,0,-0.237875
dataset/person_544/img_02.jpg,dataset/person_1658/img_05.jpg,0,0.156311
dataset/person_229/img_03.jpg,dataset/person_1580/img_23.jpg,0,0.042470
dataset/person_162/img_08.jpg,dataset/person_989/img_01.jpg,0,0.041837
dataset/person_687/img_03.jpg,dataset/person_1572/img_05.jpg,0,-0.152963
dataset/person_1262/img_03.jpg,dataset/person_655/img_09.jpg,0,0.309680
dataset/person_909/img_03.jpg,dataset/person_367/img_02.jpg,0,-0.117565
dataset/person_235/img_01.jpg,dataset/person_785/img_03.jpg,0,-0.108827
dataset/person_861/img_08.jpg,dataset/person_544/img_02.jpg,0,0.049179
dataset/person_916/img_01.jpg,dataset/person_1669/img_04.jpg,0,-0.217017
dataset/person_527/img_02.jpg,dataset/person_311/img_02.jpg,0,0.072947
dataset/person_1316/img_01.jpg,dataset/person_1217/img_01.jpg,0,0.129596
dataset/person_1653/img_01.jpg,dataset/person_655/img_03.jpg,0,-0.062901
dataset/person_963/img_07.jpg,dataset/person_1454/img_03.jpg,0,0.002719
dataset/person_1326/img_05.jpg,dataset/person_661/img_11.jpg,0,-0.098043
dataset/person_194/img_01.jpg,dataset/person_916/img_02.jpg,0,0.000215
dataset/person_963/img_08.jpg,dataset/person_309/img_01.jpg,0,-0.058416
dataset/person_785/img_03.jpg,dataset/person_559/img_02.jpg,0,-0.197680
dataset/person_989/img_05.jpg,dataset/person_367/img_01.jpg,0,0.031264
dataset/person_515/img_04.jpg,dataset/person_149/img_04.jpg,0,0.066341
dataset/person_519/img_09.jpg,dataset/person_515/img_04.jpg,0,0.045420
dataset/person_815/img_02.jpg,dataset/person_1334/img_09.jpg,0,-0.090246
dataset/person_111/img_01.jpg,dataset/person_1411/img_01.jpg,0,0.097580
dataset/person_1097/img_05.jpg,dataset/person_149/img_02.jpg,0,0.223315
dataset/person_711/img_37.jpg,dataset/person_111/img_03.jpg,0,-0.131564
dataset/person_1155/img_03.jpg,dataset/person_871/img_04.jpg,0,-0.055398
dataset/person_367/img_01.jpg,dataset/person_710/img_10.jpg,0,0.078442
dataset/person_070/img_05.jpg,dataset/person_374/img_02.jpg,0,0.084583
dataset/person_870/img_04.jpg,dataset/person_1572/img_03.jpg,0,0.037905
dataset/person_769/img_11.jpg,dataset/person_1531/img_03.jpg,0,-0.259039
dataset/person_287/img_05.jpg,dataset/person_527/img_05.jpg,0,0.059852
dataset/person_1326/img_07.jpg,dataset/person_1101/img_01.jpg,0,-0.045450
dataset/person_309/img_04.jpg,dataset/person_871/img_03.jpg,0,0.129330
dataset/person_1191/img_03.jpg,dataset/person_844/img_04.jpg,0,0.015775
dataset/person_235/img_04.jpg,dataset/person_547/img_02.jpg,0,0.100870
dataset/person_391/img_02.jpg,dataset/person_1396/img_01.jpg,0,-0.065303
dataset/person_391/img_03.jpg,dataset/person_1439/img_01.jpg,0,0.077460
dataset/person_1387/img_05.jpg,dataset/person_870/img_04.jpg,0,0.233817
dataset/person_474/img_04.jpg,dataset/person_861/img_08.jpg,0,0.018801
dataset/person_1411/img_04.jpg,dataset/person_601/img_01.jpg,0,0.083889
dataset/person_815/img_02.jpg,dataset/person_1486/img_04.jpg,0,0.006578
dataset/person_870/img_02.jpg,dataset/person_687/img_01.jpg,0,0.017956
dataset/person_963/img_03.jpg,dataset/person_891/img_04.jpg,0,-0.127576
dataset/person_687/img_03.jpg,dataset/person_1577/img_02.jpg,0,0.066126
dataset/person_040/img_04.jpg,dataset/person_313/img_06.jpg,0,-0.150187
dataset/person_162/img_08.jpg,dataset/person_544/img_03.jpg,0,-0.255236
dataset/person_713/img_07.jpg,dataset/person_1577/img_01.jpg,0,0.017834
dataset/person_289/img_03.jpg,dataset/person_687/img_03.jpg,0,-0.038351
dataset/person_585/img_07.jpg,dataset/person_963/img_09.jpg,0,-0.058723
dataset/person_1577/img_02.jpg,dataset/person_1098/img_03.jpg,0,-0.052806
dataset/person_713/img_10.jpg,dataset/person_785/img_07.jpg,0,0.079384
dataset/person_815/img_07.jpg,dataset/person_065/img_20.jpg,0,-0.110669
dataset/person_1680/img_02.jpg,dataset/person_519/img_03.jpg,0,-0.052919
dataset/person_1658/img_04.jpg,dataset/person_585/img_10.jpg,0,-0.005631
dataset/person_916/img_02.jpg,dataset/person_1191/img_02.jpg,0,-0.057045
dataset/person_804/img_02.jpg,dataset/person_711/img_48.jpg,0,-0.174897
dataset/person_519/img_06.jpg,dataset/person_034/img_05.jpg,0,0.023348
dataset/person_1101/img_02.jpg,dataset/person_544/img_04.jpg,0,0.103058
dataset/person_162/img_03.jpg,dataset/person_544/img_01.jpg,0,-0.176463
dataset/person_1098/img_04.jpg,dataset/person_1492/img_12.jpg,0,-0.071487
dataset/person_065/img_33.jpg,dataset/person_1151/img_06.jpg,0,0.173943
dataset/person_374/img_02.jpg,dataset/person_1653/img_04.jpg,0,-0.091421
dataset/person_1355/img_01.jpg,dataset/person_049/img_02.jpg,0,0.053063
dataset/person_1577/img_03.jpg,dataset/person_229/img_06.jpg,0,-0.003306
dataset/person_519/img_07.jpg,dataset/person_711/img_50.jpg,0,-0.024446
dataset/person_559/img_01.jpg,dataset/person_785/img_07.jpg,0,-0.031543
dataset/person_191/img_06.jpg,dataset/person_891/img_04.jpg,0,-0.054980
dataset/person_1387/img_04.jpg,dataset/person_474/img_06.jpg,0,-0.127284
dataset/person_034/img_01.jpg,dataset/person_1151/img_02.jpg,0,-0.064915
dataset/person_1151/img_04.jpg,dataset/person_229/img_01.jpg,0,0.004439
dataset/person_374/img_05.jpg,dataset/person_367/img_04.jpg,0,0.013573
dataset/person_1387/img_01.jpg,dataset/person_559/img_05.jpg,0,0.020435
dataset/person_1244/img_16.jpg,dataset/person_1572/img_04.jpg,0,-0.055593
dataset/person_1420/img_02.jpg,dataset/person_367/img_01.jpg,0,0.291170
dataset/person_1454/img_05.jpg,dataset/person_1018/img_02.jpg,0,0.041919
dataset/person_1580/img_02.jpg,dataset/person_844/img_07.jpg,0,0.139858
dataset/person_354/img_05.jpg,dataset/person_844/img_08.jpg,0,-0.098333
dataset/person_1018/img_05.jpg,dataset/person_287/img_05.jpg,0,-0.025540
dataset/person_655/img_13.jpg,dataset/person_844/img_02.jpg,0,0.024717
dataset/person_713/img_11.jpg,dataset/person_1309/img_02.jpg,0,-0.138493
dataset/person_1244/img_20.jpg,dataset/person_891/img_02.jpg,0,-0.192418
dataset/person_022/img_04.jpg,dataset/person_354/img_03.jpg,0,0.024009
dataset/person_1151/img_03.jpg,dataset/person_064/img_02.jpg,0,-0.076118
dataset/person_519/img_02.jpg,dataset/person_1202/img_03.jpg,0,0.002998
dataset/person_870/img_01.jpg,dataset/person_713/img_02.jpg,0,0.011500
dataset/person_1151/img_05.jpg,dataset/person_246/img_03.jpg,0,0.032011
dataset/person_311/img_04.jpg,dataset/person_1217/img_01.jpg,0,0.009454
dataset/person_1355/img_01.jpg,dataset/person_1420/img_05.jpg,0,-0.096209
dataset/person_924/img_03.jpg,dataset/person_783/img_06.jpg,0,-0.025131
dataset/person_309/img_02.jpg,dataset/person_1658/img_05.jpg,0,0.092583
dataset/person_229/img_11.jpg,dataset/person_559/img_05.jpg,0,0.158623
dataset/person_930/img_02.jpg,dataset/person_1492/img_07.jpg,0,-0.116320
dataset/person_527/img_01.jpg,dataset/person_844/img_04.jpg,0,-0.067909
dataset/person_049/img_02.jpg,dataset/person_1262/img_05.jpg,0,-0.050742
dataset/person_871/img_02.jpg,dataset/person_861/img_03.jpg,0,0.035408
dataset/person_411/img_04.jpg,dataset/person_313/img_10.jpg,0,0.021936
dataset/person_1492/img_09.jpg,dataset/person_1387/img_05.jpg,0,0.073425
dataset/person_162/img_09.jpg,dataset/person_1022/img_05.jpg,0,0.080929
dataset/person_1371/img_06.jpg,dataset/person_1563/img_02.jpg,0,-0.109888
dataset/person_1580/img_06.jpg,dataset/person_1680/img_03.jpg,0,0.154954
dataset/person_544/img_02.jpg,dataset/person_162/img_09.jpg,0,-0.160093
dataset/person_1309/img_11.jpg,dataset/person_1022/img_05.jpg,0,-0.074741
dataset/person_491/img_02.jpg,dataset/person_585/img_12.jpg,0,-0.035152
dataset/person_355/img_06.jpg,dataset/person_527/img_05.jpg,0,-0.084465
dataset/person_411/img_07.jpg,dataset/person_1202/img_02.jpg,0,0.007851
dataset/person_1439/img_04.jpg,dataset/person_783/img_04.jpg,0,-0.003123
dataset/person_043/img_16.jpg,dataset/person_411/img_02.jpg,0,-0.034059
dataset/person_1382/img_02.jpg,dataset/person_1151/img_07.jpg,0,-0.094310
dataset/person_1018/img_06.jpg,dataset/person_1486/img_02.jpg,0,-0.014916
dataset/person_1531/img_06.jpg,dataset/person_930/img_03.jpg,0,-0.240220
dataset/person_1191/img_02.jpg,dataset/person_896/img_05.jpg,0,-0.058318
dataset/person_034/img_04.jpg,dataset/person_1098/img_02.jpg,0,-0.006290
dataset/person_1563/img_01.jpg,dataset/person_1101/img_02.jpg,0,0.248185
dataset/person_289/img_03.jpg,dataset/person_687/img_04.jpg,0,0.159456
dataset/person_1098/img_03.jpg,dataset/person_289/img_03.jpg,0,-0.001078
dataset/person_313/img_10.jpg,dataset/person_1382/img_02.jpg,0,-0.154395
dataset/person_916/img_02.jpg,dataset/person_065/img_21.jpg,0,-0.114560
dataset/person_713/img_03.jpg,dataset/person_1572/img_03.jpg,0,-0.086989
dataset/person_815/img_06.jpg,dataset/person_710/img_13.jpg,0,0.263673
dataset/person_219/img_02.jpg,dataset/person_374/img_03.jpg,0,0.091140
dataset/person_034/img_05.jpg,dataset/person_547/img_02.jpg,0,0.003840
dataset/person_527/img_02.jpg,dataset/person_1155/img_04.jpg,0,-0.012302
dataset/person_355/img_03.jpg,dataset/person_710/img_02.jpg,0,0.033985
dataset/person_935/img_03.jpg,dataset/person_661/img_12.jpg,0,0.112829
dataset/person_776/img_07.jpg,dataset/person_1355/img_04.jpg,0,0.141527
dataset/person_1244/img_12.jpg,dataset/person_1658/img_04.jpg,0,-0.031607
dataset/person_246/img_03.jpg,dataset/person_1396/img_04.jpg,0,0.086187
dataset/person_287/img_02.jpg,dataset/person_655/img_05.jpg,0,-0.093502
dataset/person_491/img_01.jpg,dataset/person_871/img_03.jpg,0,-0.030503
dataset/person_1588/img_03.jpg,dataset/person_769/img_02.jpg,0,-0.203707
dataset/person_491/img_01.jpg,dataset/person_1052/img_02.jpg,0,0.117999
dataset/person_1097/img_05.jpg,dataset/person_1217/img_01.jpg,0,0.233335
dataset/person_1052/img_03.jpg,dataset/person_711/img_36.jpg,0,0.089445
dataset/person_963/img_01.jpg,dataset/person_235/img_04.jpg,0,0.072642
dataset/person_544/img_02.jpg,dataset/person_256/img_04.jpg,0,-0.008880
dataset/person_235/img_06.jpg,dataset/person_256/img_05.jpg,0,0.033943
dataset/person_585/img_13.jpg,dataset/person_1151/img_01.jpg,0,-0.049284
dataset/person_412/img_01.jpg,dataset/person_1262/img_07.jpg,0,-0.041692
dataset/person_585/img_12.jpg,dataset/person_309/img_02.jpg,0,-0.067818
dataset/person_710/img_17.jpg,dataset/person_527/img_05.jpg,0,0.272658
dataset/person_064/img_04.jpg,dataset/person_411/img_03.jpg,0,0.063361
dataset/person_544/img_02.jpg,dataset/person_989/img_02.jpg,0,0.061003
dataset/person_1022/img_03.jpg,dataset/person_1531/img_09.jpg,0,0.197546
dataset/person_1492/img_28.jpg,dataset/person_065/img_32.jpg,0,0.122548
dataset/person_1563/img_03.jpg,dataset/person_1217/img_01.jpg,0,0.042083
dataset/person_149/img_02.jpg,dataset/person_930/img_01.jpg,0,-0.001002
dataset/person_1411/img_04.jpg,dataset/person_1420/img_03.jpg,0,-0.208221
dataset/person_1371/img_01.jpg,dataset/person_1316/img_05.jpg,0,0.045050
dataset/person_1577/img_03.jpg,dataset/person_1316/img_05.jpg,0,-0.005322
dataset/person_853/img_02.jpg,dataset/person_916/img_04.jpg,0,-0.022104
dataset/person_916/img_04.jpg,dataset/person_431/img_01.jpg,0,-0.041927
dataset/person_1492/img_30.jpg,dataset/person_022/img_03.jpg,0,0.188335
dataset/person_1420/img_01.jpg,dataset/person_1492/img_01.jpg,0,0.079163
dataset/person_1490/img_06.jpg,dataset/person_911/img_02.jpg,0,-0.042313
dataset/person_1580/img_01.jpg,dataset/person_1492/img_07.jpg,0,0.094535
dataset/person_1653/img_02.jpg,dataset/person_229/img_03.jpg,0,-0.090509
dataset/person_289/img_02.jpg,dataset/person_256/img_04.jpg,0,-0.090854
dataset/person_1151/img_08.jpg,dataset/person_930/img_01.jpg,0,0.053078
dataset/person_1192/img_11.jpg,dataset/person_769/img_05.jpg,0,-0.000541
dataset/person_1326/img_07.jpg,dataset/person_194/img_03.jpg,0,0.274638
dataset/person_1420/img_04.jpg,dataset/person_1531/img_03.jpg,0,-0.195377
dataset/person_309/img_03.jpg,dataset/person_815/img_01.jpg,0,0.139133
dataset/person_1658/img_04.jpg,dataset/person_527/img_02.jpg,0,-0.147052
dataset/person_1170/img_04.jpg,dataset/person_1492/img_01.jpg,0,-0.202710
dataset/person_1492/img_13.jpg,dataset/person_911/img_01.jpg,0,-0.105252
dataset/person_1262/img_01.jpg,dataset/person_1396/img_02.jpg,0,-0.102352
dataset/person_1577/img_03.jpg,dataset/person_1601/img_01.jpg,0,-0.055097
dataset/person_1202/img_02.jpg,dataset/person_535/img_04.jpg,0,0.008126
dataset/person_535/img_01.jpg,dataset/person_1382/img_07.jpg,0,0.093486
dataset/person_229/img_16.jpg,dataset/person_313/img_11.jpg,0,0.006468
dataset/person_655/img_06.jpg,dataset/person_1155/img_04.jpg,0,0.040547
dataset/person_246/img_04.jpg,dataset/person_661/img_03.jpg,0,-0.002662
dataset/person_111/img_01.jpg,dataset/person_1101/img_02.jpg,0,-0.017038
dataset/person_1192/img_09.jpg,dataset/person_1490/img_01.jpg,0,0.335685
dataset/person_769/img_04.jpg,dataset/person_547/img_01.jpg,0,-0.080221
dataset/person_544/img_03.jpg,dataset/person_861/img_07.jpg,0,0.164099
dataset/person_391/img_01.jpg,dataset/person_710/img_14.jpg,0,-0.042201
dataset/person_219/img_03.jpg,dataset/person_1411/img_04.jpg,0,-0.102049
dataset/person_1052/img_04.jpg,dataset/person_744/img_08.jpg,0,-0.174240
dataset/person_431/img_05.jpg,dataset/person_1192/img_03.jpg,0,0.088551
dataset/person_1355/img_01.jpg,dataset/person_1387/img_03.jpg,0,0.254564
dataset/person_585/img_22.jpg,dataset/person_1355/img_04.jpg,0,-0.087569
dataset/person_1302/img_01.jpg,dataset/person_194/img_02.jpg,0,-0.061513
dataset/person_1262/img_10.jpg,dataset/person_871/img_02.jpg,0,0.076828
dataset/person_1334/img_05.jpg,dataset/person_1151/img_07.jpg,0,0.059532
dataset/person_049/img_02.jpg,dataset/person_1387/img_02.jpg,0,0.240349
dataset/person_162/img_04.jpg,dataset/person_040/img_01.jpg,0,-0.125431
dataset/person_891/img_04.jpg,dataset/person_065/img_27.jpg,0,0.090588
dataset/person_289/img_02.jpg,dataset/person_1438/img_02.jpg,0,0.077064
dataset/person_149/img_04.jpg,dataset/person_162/img_01.jpg,0,-0.048159
dataset/person_256/img_01.jpg,dataset/person_162/img_05.jpg,0,0.060547
dataset/person_111/img_03.jpg,dataset/person_1382/img_05.jpg,0,0.015159
dataset/person_1490/img_04.jpg,dataset/person_655/img_04.jpg,0,0.008916
dataset/person_1439/img_01.jpg,dataset/person_916/img_02.jpg,0,-0.135761
dataset/person_064/img_01.jpg,dataset/person_022/img_03.jpg,0,0.058285
dataset/person_1316/img_04.jpg,dataset/person_1396/img_03.jpg,0,0.061287
dataset/person_930/img_01.jpg,dataset/person_411/img_07.jpg,0,-0.133380
dataset/person_1244/img_16.jpg,dataset/person_1369/img_03.jpg,0,-0.011511
dataset/person_1486/img_02.jpg,dataset/person_1420/img_01.jpg,0,0.094085
dataset/person_535/img_02.jpg,dataset/person_034/img_03.jpg,0,0.097800
dataset/person_1531/img_06.jpg,dataset/person_710/img_17.jpg,0,-0.117438
dataset/person_411/img_04.jpg,dataset/person_1546/img_06.jpg,0,0.048503
dataset/person_1387/img_05.jpg,dataset/person_1309/img_07.jpg,0,-0.197957
dataset/person_1097/img_01.jpg,dataset/person_911/img_02.jpg,0,0.038222
dataset/person_474/img_02.jpg,dataset/person_711/img_03.jpg,0,0.036614
dataset/person_374/img_06.jpg,dataset/person_930/img_02.jpg,0,-0.046123
dataset/person_1262/img_08.jpg,dataset/person_601/img_01.jpg,0,-0.112278
dataset/person_1022/img_06.jpg,dataset/person_311/img_03.jpg,0,-0.023073
dataset/person_661/img_13.jpg,dataset/person_194/img_02.jpg,0,0.072984
dataset/person_309/img_02.jpg,dataset/person_661/img_01.jpg,0,-0.171915
dataset/person_1155/img_04.jpg,dataset/person_1262/img_09.jpg,0,-0.002050
dataset/person_655/img_13.jpg,dataset/person_1369/img_03.jpg,0,-0.128383
dataset/person_916/img_04.jpg,dataset/person_1531/img_02.jpg,0,-0.100501
dataset/person_930/img_01.jpg,dataset/person_1653/img_04.jpg,0,0.155023
dataset/person_1601/img_09.jpg,dataset/person_289/img_01.jpg,0,-0.020105
dataset/person_1217/img_03.jpg,dataset/person_391/img_02.jpg,0,-0.129464
dataset/person_1411/img_05.jpg,dataset/person_064/img_01.jpg,0,0.049863
dataset/person_785/img_02.jpg,dataset/person_559/img_04.jpg,0,0.065924
dataset/person_235/img_05.jpg,dataset/person_547/img_01.jpg,0,-0.204961
dataset/person_1217/img_04.jpg,dataset/person_1658/img_05.jpg,0,0.215565
dataset/person_776/img_07.jpg,dataset/person_1572/img_05.jpg,0,0.100677
dataset/person_1382/img_03.jpg,dataset/person_1309/img_01.jpg,0,0.173556
dataset/person_1202/img_02.jpg,dataset/person_367/img_05.jpg,0,-0.012607
dataset/person_585/img_17.jpg,dataset/person_034/img_04.jpg,0,-0.237992
dataset/person_246/img_05.jpg,dataset/person_601/img_03.jpg,0,0.084391
dataset/person_1420/img_02.jpg,dataset/person_871/img_03.jpg,0,-0.009142
dataset/person_601/img_01.jpg,dataset/person_1382/img_03.jpg,0,-0.082401
dataset/person_1326/img_09.jpg,dataset/person_064/img_02.jpg,0,-0.113115
dataset/person_1411/img_06.jpg,dataset/person_064/img_02.jpg,0,-0.044120
dataset/person_911/img_02.jpg,dataset/person_1387/img_03.jpg,0,-0.294292
dataset/person_896/img_01.jpg,dataset/person_785/img_06.jpg,0,0.012165
dataset/person_1355/img_02.jpg,dataset/person_853/img_18.jpg,0,-0.101702
dataset/person_111/img_03.jpg,dataset/person_022/img_05.jpg,0,0.093564
dataset/person_1546/img_01.jpg,dataset/person_1454/img_05.jpg,0,-0.128337
dataset/person_1371/img_02.jpg,dataset/person_661/img_07.jpg,0,0.021309
dataset/person_916/img_03.jpg,dataset/person_412/img_03.jpg,0,-0.233546
dataset/person_070/img_07.jpg,dataset/person_474/img_01.jpg,0,-0.127962
dataset/person_853/img_08.jpg,dataset/person_1492/img_18.jpg,0,-0.220243
dataset/person_1226/img_01.jpg,dataset/person_1369/img_01.jpg,0,0.122663
dataset/person_661/img_12.jpg,dataset/person_711/img_25.jpg,0,-0.119789
dataset/person_519/img_09.jpg,dataset/person_1369/img_02.jpg,0,-0.125507
dataset/person_844/img_04.jpg,dataset/person_1658/img_03.jpg,0,0.192563
dataset/person_1382/img_07.jpg,dataset/person_1309/img_03.jpg,0,-0.021461
dataset/person_1669/img_04.jpg,dataset/person_1334/img_12.jpg,0,-0.073601
dataset/person_1191/img_04.jpg,dataset/person_924/img_01.jpg,0,-0.064882
dataset/person_235/img_04.jpg,dataset/person_1244/img_06.jpg,0,-0.041893
dataset/person_844/img_03.jpg,dataset/person_891/img_02.jpg,0,0.138257
dataset/person_355/img_06.jpg,dataset/person_229/img_06.jpg,0,0.336428
dataset/person_515/img_01.jpg,dataset/person_1396/img_03.jpg,0,-0.089337
dataset/person_1202/img_02.jpg,dataset/person_911/img_04.jpg,0,0.207176
dataset/person_547/img_02.jpg,dataset/person_411/img_02.jpg,0,0.101811
dataset/person_1191/img_04.jpg,dataset/person_1022/img_04.jpg,0,0.282425
dataset/person_1680/img_04.jpg,dataset/person_930/img_01.jpg,0,-0.243499
dataset/person_661/img_03.jpg,dataset/person_289/img_01.jpg,0,-0.026060
dataset/person_411/img_07.jpg,dataset/person_1098/img_04.jpg,0,-0.080225
dataset/person_040/img_01.jpg,dataset/person_111/img_01.jpg,0,-0.189576
dataset/person_1155/img_01.jpg,dataset/person_1355/img_03.jpg,0,0.010215
dataset/person_1191/img_05.jpg,dataset/person_474/img_01.jpg,0,-0.052412
dataset/person_785/img_07.jpg,dataset/person_034/img_01.jpg,0,0.087055
dataset/person_311/img_03.jpg,dataset/person_710/img_03.jpg,0,0.007283
dataset/person_1302/img_04.jpg,dataset/person_1170/img_04.jpg,0,0.197656
dataset/person_844/img_05.jpg,dataset/person_1202/img_03.jpg,0,-0.055890
dataset/person_219/img_02.jpg,dataset/person_1192/img_01.jpg,0,-0.018064
dataset/person_311/img_03.jpg,dataset/person_559/img_05.jpg,0,0.163034
dataset/person_1151/img_01.jpg,dataset/person_040/img_01.jpg,0,-0.143381
dataset/person_311/img_01.jpg,dataset/person_1411/img_05.jpg,0,0.144890
dataset/person_911/img_04.jpg,dataset/person_869/img_03.jpg,0,0.175047
dataset/person_022/img_02.jpg,dataset/person_930/img_01.jpg,0,0.093341
dataset/person_1334/img_13.jpg,dataset/person_162/img_03.jpg,0,-0.177900
dataset/person_1492/img_19.jpg,dataset/person_519/img_04.jpg,0,0.077294
dataset/person_935/img_04.jpg,dataset/person_909/img_08.jpg,0,-0.200006
dataset/person_229/img_04.jpg,dataset/person_1217/img_02.jpg,0,0.102613
dataset/person_1101/img_03.jpg,dataset/person_1396/img_01.jpg,0,0.146470
dataset/person_412/img_01.jpg,dataset/person_1486/img_06.jpg,0,0.091374
dataset/person_963/img_02.jpg,dataset/person_935/img_01.jpg,0,-0.250646
dataset/person_411/img_03.jpg,dataset/person_1192/img_07.jpg,0,-0.009865
dataset/person_289/img_02.jpg,dataset/person_1486/img_07.jpg,0,0.126564
dataset/person_1192/img_11.jpg,dataset/person_916/img_03.jpg,0,-0.078161
dataset/person_431/img_03.jpg,dataset/person_844/img_06.jpg,0,-0.071426
dataset/person_909/img_18.jpg,dataset/person_1101/img_04.jpg,0,0.199777
dataset/person_527/img_03.jpg,dataset/person_1546/img_06.jpg,0,0.151787
dataset/person_804/img_07.jpg,dataset/person_1022/img_01.jpg,0,0.080313
dataset/person_891/img_02.jpg,dataset/person_989/img_02.jpg,0,-0.060163
dataset/person_1439/img_04.jpg,dataset/person_1191/img_04.jpg,0,0.060381
dataset/person_661/img_13.jpg,dataset/person_785/img_04.jpg,0,0.083704
dataset/person_844/img_02.jpg,dataset/person_1018/img_05.jpg,0,-0.080454
dataset/person_162/img_05.jpg,dataset/person_687/img_02.jpg,0,-0.023203
dataset/person_1097/img_02.jpg,dataset/person_1454/img_02.jpg,0,0.037621
dataset/person_769/img_06.jpg,dataset/person_1572/img_03.jpg,0,0.003589
dataset/person_235/img_04.jpg,dataset/person_162/img_07.jpg,0,-0.120323
dataset/person_411/img_11.jpg,dataset/person_785/img_03.jpg,0,0.120223
dataset/person_1170/img_02.jpg,dataset/person_804/img_04.jpg,0,-0.044334
dataset/person_1601/img_08.jpg,dataset/person_313/img_09.jpg,0,0.058908
dataset/person_309/img_05.jpg,dataset/person_235/img_05.jpg,0,-0.012173
dataset/person_853/img_13.jpg,dataset/person_1334/img_03.jpg,0,-0.246637
dataset/person_369/img_04.jpg,dataset/person_655/img_09.jpg,0,0.093296
dataset/person_367/img_06.jpg,dataset/person_776/img_04.jpg,0,0.104237
dataset/person_585/img_08.jpg,dataset/person_1097/img_03.jpg,0,0.113230
dataset/person_022/img_01.jpg,dataset/person_1309/img_06.jpg,0,-0.001055
dataset/person_354/img_02.jpg,dataset/person_194/img_01.jpg,0,-0.065587
dataset/person_070/img_03.jpg,dataset/person_930/img_03.jpg,0,-0.025074
dataset/person_870/img_02.jpg,dataset/person_891/img_03.jpg,0,-0.018981
dataset/person_1680/img_04.jpg,dataset/person_1191/img_02.jpg,0,0.031034
dataset/person_1309/img_04.jpg,dataset/person_853/img_02.jpg,0,-0.033617
dataset/person_711/img_08.jpg,dataset/person_1170/img_02.jpg,0,0.006023
dataset/person_1563/img_01.jpg,dataset/person_687/img_04.jpg,0,-0.213953
dataset/person_1546/img_06.jpg,dataset/person_065/img_07.jpg,0,-0.023203
dataset/person_527/img_01.jpg,dataset/person_369/img_04.jpg,0,-0.049995
dataset/person_869/img_03.jpg,dataset/person_391/img_01.jpg,0,0.285791
dataset/person_1191/img_02.jpg,dataset/person_1531/img_02.jpg,0,-0.077123
dataset/person_1355/img_01.jpg,dataset/person_1022/img_07.jpg,0,0.135075
dataset/person_1192/img_03.jpg,dataset/person_744/img_16.jpg,0,-0.072963
dataset/person_711/img_48.jpg,dataset/person_1170/img_03.jpg,0,0.175528
dataset/person_194/img_03.jpg,dataset/person_1588/img_04.jpg,0,-0.063014
dataset/person_783/img_06.jpg,dataset/person_515/img_01.jpg,0,-0.081542
dataset/person_1396/img_02.jpg,dataset/person_111/img_01.jpg,0,-0.063836
dataset/person_909/img_03.jpg,dataset/person_515/img_05.jpg,0,-0.139245
dataset/person_713/img_09.jpg,dataset/person_1226/img_03.jpg,0,0.186067
dataset/person_034/img_04.jpg,dataset/person_1577/img_04.jpg,0,-0.143359
dataset/person_313/img_05.jpg,dataset/person_655/img_10.jpg,0,0.020937
dataset/person_246/img_02.jpg,dataset/person_1438/img_04.jpg,0,0.234894
dataset/person_989/img_03.jpg,dataset/person_1202/img_01.jpg,0,0.197594
dataset/person_287/img_02.jpg,dataset/person_1563/img_02.jpg,0,0.019871
dataset/person_1580/img_04.jpg,dataset/person_431/img_02.jpg,0,0.078529
dataset/person_1577/img_05.jpg,dataset/person_1244/img_20.jpg,0,-0.242708
dataset/person_869/img_08.jpg,dataset/person_1022/img_08.jpg,0,-0.087957
dataset/person_1439/img_04.jpg,dataset/person_519/img_07.jpg,0,-0.194713
dataset/person_1217/img_03.jpg,dataset/person_065/img_28.jpg,0,-0.035683
dataset/person_1262/img_02.jpg,dataset/person_1382/img_02.jpg,0,-0.046873
dataset/person_1022/img_06.jpg,dataset/person_1531/img_01.jpg,0,0.132354
dataset/person_1352/img_03.jpg,dataset/person_1396/img_01.jpg,0,0.172988
dataset/person_1018/img_05.jpg,dataset/person_1316/img_01.jpg,0,0.004910
dataset/person_713/img_05.jpg,dataset/person_930/img_02.jpg,0,-0.147909
dataset/person_313/img_11.jpg,dataset/person_1302/img_01.jpg,0,0.165684
dataset/person_1352/img_02.jpg,dataset/person_1382/img_01.jpg,0,0.204845
dataset/person_355/img_04.jpg,dataset/person_785/img_01.jpg,0,0.052224
dataset/person_065/img_06.jpg,dataset/person_1439/img_03.jpg,0,-0.081854
dataset/person_034/img_03.jpg,dataset/person_1492/img_26.jpg,0,-0.073010
dataset/person_246/img_03.jpg,dataset/person_1262/img_07.jpg,0,0.055166
dataset/person_661/img_03.jpg,dataset/person_1492/img_07.jpg,0,-0.078907
dataset/person_1486/img_02.jpg,dataset/person_1588/img_02.jpg,0,0.152135
dataset/person_043/img_25.jpg,dataset/person_374/img_04.jpg,0,0.082800
dataset/person_374/img_01.jpg,dataset/person_896/img_05.jpg,0,0.173750
dataset/person_1202/img_04.jpg,dataset/person_1192/img_02.jpg,0,0.019991
dataset/person_911/img_01.jpg,dataset/person_474/img_04.jpg,0,-0.084525
dataset/person_911/img_02.jpg,dataset/person_1316/img_02.jpg,0,0.188952
dataset/person_246/img_05.jpg,dataset/person_287/img_06.jpg,0,0.106754
dataset/person_287/img_03.jpg,dataset/person_989/img_04.jpg,0,-0.034995
dataset/person_783/img_03.jpg,dataset/person_1155/img_03.jpg,0,0.152827
dataset/person_1531/img_07.jpg,dataset/person_431/img_01.jpg,0,-0.174823
dataset/person_916/img_04.jpg,dataset/person_655/img_04.jpg,0,0.143456
dataset/person_1309/img_10.jpg,dataset/person_412/img_01.jpg,0,0.166002
dataset/person_1192/img_11.jpg,dataset/person_355/img_04.jpg,0,-0.093294
dataset/person_1098/img_01.jpg,dataset/person_815/img_02.jpg,0,0.194445
dataset/person_769/img_05.jpg,dataset/person_896/img_09.jpg,0,0.028275
dataset/person_896/img_13.jpg,dataset/person_804/img_01.jpg,0,0.062786
dataset/person_235/img_04.jpg,dataset/person_1098/img_03.jpg,0,-0.088409
dataset/person_1217/img_03.jpg,dataset/person_989/img_02.jpg,0,0.039527
dataset/person_1018/img_05.jpg,dataset/person_1387/img_03.jpg,0,0.075306
dataset/person_1492/img_05.jpg,dataset/person_1097/img_02.jpg,0,0.195071
dataset/person_601/img_04.jpg,dataset/person_769/img_05.jpg,0,-0.006384
dataset/person_194/img_04.jpg,dataset/person_1369/img_02.jpg,0,0.109753
dataset/person_1151/img_08.jpg,dataset/person_355/img_01.jpg,0,0.139656
dataset/person_1531/img_05.jpg,dataset/person_871/img_04.jpg,0,-0.014330
dataset/person_1588/img_02.jpg,dataset/person_871/img_04.jpg,0,0.044120
dataset/person_1531/img_06.jpg,dataset/person_256/img_03.jpg,0,0.045404
dataset/person_1052/img_04.jpg,dataset/person_547/img_04.jpg,0,0.033438
dataset/person_1371/img_06.jpg,dataset/person_909/img_03.jpg,0,-0.018541
dataset/person_431/img_01.jpg,dataset/person_515/img_02.jpg,0,0.033794
dataset/person_585/img_18.jpg,dataset/person_853/img_01.jpg,0,0.080355
dataset/person_1192/img_02.jpg,dataset/person_871/img_03.jpg,0,0.212981
dataset/person_1563/img_04.jpg,dataset/person_1202/img_01.jpg,0,-0.010182
dataset/person_1326/img_08.jpg,dataset/person_1572/img_01.jpg,0,0.087385
dataset/person_1490/img_04.jpg,dataset/person_191/img_06.jpg,0,-0.125392
dataset/person_309/img_04.jpg,dataset/person_924/img_01.jpg,0,0.010919
dataset/person_1052/img_01.jpg,dataset/person_1244/img_13.jpg,0,0.057611
dataset/person_769/img_04.jpg,dataset/person_1653/img_04.jpg,0,-0.145988
dataset/person_1486/img_06.jpg,dataset/person_1018/img_03.jpg,0,-0.201779
dataset/person_411/img_04.jpg,dataset/person_229/img_16.jpg,0,-0.001609
dataset/person_111/img_04.jpg,dataset/person_1387/img_01.jpg,0,-0.117145
dataset/person_311/img_04.jpg,dataset/person_1192/img_03.jpg,0,0.143091
dataset/person_491/img_03.jpg,dataset/person_1316/img_05.jpg,0,0.034135
dataset/person_049/img_04.jpg,dataset/person_391/img_01.jpg,0,0.128141
dataset/person_989/img_03.jpg,dataset/person_815/img_07.jpg,0,0.250415
dataset/person_1653/img_02.jpg,dataset/person_194/img_01.jpg,0,0.052141
dataset/person_1316/img_01.jpg,dataset/person_896/img_13.jpg,0,0.014223
dataset/person_547/img_03.jpg,dataset/person_162/img_05.jpg,0,-0.002152
dataset/person_491/img_01.jpg,dataset/person_1226/img_03.jpg,0,0.079244
dataset/person_1018/img_04.jpg,dataset/person_1387/img_01.jpg,0,0.011427
dataset/person_1420/img_06.jpg,dataset/person_896/img_08.jpg,0,0.035461
dataset/person_896/img_09.jpg,dataset/person_1601/img_04.jpg,0,0.099550
dataset/person_535/img_03.jpg,dataset/person_916/img_02.jpg,0,-0.203636
dataset/person_861/img_02.jpg,dataset/person_065/img_28.jpg,0,0.071689
dataset/person_149/img_03.jpg,dataset/person_713/img_03.jpg,0,-0.240161
dataset/person_1302/img_04.jpg,dataset/person_1490/img_04.jpg,0,-0.064107
dataset/person_194/img_02.jpg,dataset/person_309/img_04.jpg,0,-0.038533
dataset/person_1492/img_25.jpg,dataset/person_930/img_01.jpg,0,-0.150283
dataset/person_354/img_05.jpg,dataset/person_783/img_02.jpg,0,0.136431
dataset/person_1022/img_03.jpg,dataset/person_661/img_06.jpg,0,0.006818
dataset/person_535/img_03.jpg,dataset/person_853/img_01.jpg,0,0.124416
dataset/person_1192/img_08.jpg,dataset/person_916/img_02.jpg,0,-0.118205
dataset/person_235/img_03.jpg,dataset/person_891/img_01.jpg,0,-0.117473
dataset/person_785/img_04.jpg,dataset/person_544/img_03.jpg,0,0.158869
dataset/person_287/img_01.jpg,dataset/person_661/img_08.jpg,0,-0.039087
dataset/person_861/img_03.jpg,dataset/person_871/img_04.jpg,0,-0.171326
dataset/person_491/img_01.jpg,dataset/person_369/img_01.jpg,0,-0.088910
dataset/person_1316/img_02.jpg,dataset/person_711/img_27.jpg,0,0.169663
dataset/person_585/img_06.jpg,dataset/person_311/img_04.jpg,0,-0.014400
dataset/person_1316/img_02.jpg,dataset/person_1490/img_02.jpg,0,-0.161495
dataset/person_544/img_01.jpg,dataset/person_367/img_03.jpg,0,-0.153253
dataset/person_844/img_01.jpg,dataset/person_1531/img_05.jpg,0,-0.040458
dataset/person_916/img_05.jpg,dataset/person_1438/img_01.jpg,0,0.001275
dataset/person_585/img_21.jpg,dataset/person_235/img_04.jpg,0,0.039077
dataset/person_1588/img_03.jpg,dataset/person_1492/img_28.jpg,0,0.057903
dataset/person_287/img_03.jpg,dataset/person_744/img_04.jpg,0,0.044161
dataset/person_963/img_08.jpg,dataset/person_1226/img_07.jpg,0,-0.048703
dataset/person_1546/img_05.jpg,dataset/person_1226/img_10.jpg,0,0.033414
dataset/person_1202/img_04.jpg,dataset/person_311/img_04.jpg,0,-0.002414
dataset/person_1396/img_04.jpg,dataset/person_870/img_03.jpg,0,-0.006994
dataset/person_585/img_04.jpg,dataset/person_431/img_01.jpg,0,-0.059798
dataset/person_815/img_01.jpg,dataset/person_869/img_02.jpg,0,0.162308
dataset/person_519/img_07.jpg,dataset/person_040/img_01.jpg,0,-0.060888
dataset/person_235/img_05.jpg,dataset/person_711/img_35.jpg,0,-0.180494
dataset/person_1098/img_04.jpg,dataset/person_491/img_05.jpg,0,0.054372
dataset/person_369/img_01.jpg,dataset/person_815/img_06.jpg,0,-0.170834
dataset/person_1411/img_04.jpg,dataset/person_871/img_02.jpg,0,0.037439
dataset/person_1326/img_08.jpg,dataset/person_776/img_07.jpg,0,0.207873
dataset/person_111/img_04.jpg,dataset/person_1302/img_01.jpg,0,0.064066
dataset/person_1490/img_04.jpg,dataset/person_785/img_04.jpg,0,0.077359
dataset/person_930/img_04.jpg,dataset/person_853/img_01.jpg,0,-0.010306
dataset/person_1546/img_02.jpg,dataset/person_783/img_05.jpg,0,0.016222
dataset/person_1396/img_03.jpg,dataset/person_1382/img_05.jpg,0,0.284480
dataset/person_869/img_07.jpg,dataset/person_924/img_06.jpg,0,0.102488
dataset/person_1352/img_07.jpg,dataset/person_022/img_01.jpg,0,0.069273
dataset/person_034/img_02.jpg,dataset/person_043/img_24.jpg,0,0.157854
dataset/person_869/img_09.jpg,dataset/person_844/img_06.jpg,0,-0.030068
dataset/person_1486/img_07.jpg,dataset/person_1217/img_02.jpg,0,-0.035388
dataset/person_354/img_02.jpg,dataset/person_1577/img_05.jpg,0,0.028838
dataset/person_515/img_01.jpg,dataset/person_1577/img_05.jpg,0,0.127841
dataset/person_162/img_07.jpg,dataset/person_1155/img_02.jpg,0,-0.156399
dataset/person_1580/img_21.jpg,dataset/person_924/img_05.jpg,0,-0.182272
dataset/person_1202/img_02.jpg,dataset/person_1653/img_01.jpg,0,0.071771
dataset/person_601/img_02.jpg,dataset/person_804/img_05.jpg,0,-0.050438
dataset/person_1151/img_07.jpg,dataset/person_474/img_05.jpg,0,0.236239
dataset/person_869/img_03.jpg,dataset/person_313/img_06.jpg,0,0.048083
dataset/person_1309/img_02.jpg,dataset/person_1097/img_01.jpg,0,0.214440
dataset/person_1653/img_02.jpg,dataset/person_034/img_01.jpg,0,-0.030277
dataset/person_431/img_05.jpg,dataset/person_601/img_01.jpg,0,0.078596
dataset/person_367/img_01.jpg,dataset/person_1563/img_02.jpg,0,0.027963
dataset/person_1680/img_03.jpg,dataset/person_491/img_02.jpg,0,0.021387
dataset/person_1352/img_04.jpg,dataset/person_519/img_05.jpg,0,0.020528
dataset/person_1262/img_04.jpg,dataset/person_309/img_04.jpg,0,0.147675
dataset/person_769/img_11.jpg,dataset/person_1371/img_01.jpg,0,-0.153996
dataset/person_1387/img_02.jpg,dataset/person_1052/img_01.jpg,0,0.043462
dataset/person_1680/img_01.jpg,dataset/person_963/img_02.jpg,0,-0.088632
dataset/person_1191/img_03.jpg,dataset/person_1396/img_02.jpg,0,0.119463
dataset/person_1097/img_04.jpg,dataset/person_1022/img_06.jpg,0,0.009884
dataset/person_930/img_02.jpg,dataset/person_869/img_07.jpg,0,-0.152866
dataset/person_1098/img_01.jpg,dataset/person_229/img_14.jpg,0,-0.222526
dataset/person_1022/img_02.jpg,dataset/person_229/img_07.jpg,0,-0.123297
dataset/person_547/img_04.jpg,dataset/person_1601/img_06.jpg,0,-0.217475
dataset/person_491/img_04.jpg,dataset/person_930/img_02.jpg,0,0.049318
dataset/person_1244/img_01.jpg,dataset/person_1420/img_02.jpg,0,0.001197
dataset/person_527/img_05.jpg,dataset/person_355/img_07.jpg,0,0.187906
dataset/person_049/img_03.jpg,dataset/person_1151/img_06.jpg,0,0.001043
dataset/person_219/img_01.jpg,dataset/person_412/img_02.jpg,0,0.114250
dataset/person_287/img_03.jpg,dataset/person_710/img_04.jpg,0,0.117368
dataset/person_1262/img_01.jpg,dataset/person_411/img_09.jpg,0,-0.082832
dataset/person_040/img_02.jpg,dataset/person_287/img_02.jpg,0,-0.029531
dataset/person_891/img_01.jpg,dataset/person_1531/img_04.jpg,0,-0.155828
dataset/person_043/img_09.jpg,dataset/person_1454/img_02.jpg,0,-0.100338
dataset/person_1052/img_02.jpg,dataset/person_687/img_03.jpg,0,0.283131
dataset/person_1387/img_02.jpg,dataset/person_219/img_01.jpg,0,-0.157799
dataset/person_1490/img_05.jpg,dataset/person_601/img_03.jpg,0,0.124965
dataset/person_191/img_04.jpg,dataset/person_711/img_28.jpg,0,-0.082163
dataset/person_256/img_02.jpg,dataset/person_1580/img_17.jpg,0,-0.065877
dataset/person_1226/img_05.jpg,dataset/person_1302/img_04.jpg,0,-0.040904
dataset/person_1101/img_03.jpg,dataset/person_369/img_02.jpg,0,0.013593
dataset/person_785/img_06.jpg,dataset/person_1309/img_08.jpg,0,-0.031269
dataset/person_1653/img_04.jpg,dataset/person_911/img_04.jpg,0,-0.016773
dataset/person_391/img_03.jpg,dataset/person_711/img_53.jpg,0,0.295740
dataset/person_1439/img_01.jpg,dataset/person_431/img_05.jpg,0,0.110493
dataset/person_1572/img_02.jpg,dataset/person_162/img_06.jpg,0,0.149708
dataset/person_1546/img_06.jpg,dataset/person_916/img_01.jpg,0,-0.075661
dataset/person_1669/img_01.jpg,dataset/person_1217/img_03.jpg,0,-0.101045
dataset/person_374/img_03.jpg,dataset/person_1588/img_03.jpg,0,0.000935
dataset/person_1577/img_01.jpg,dataset/person_043/img_12.jpg,0,0.237108
dataset/person_815/img_04.jpg,dataset/person_1454/img_02.jpg,0,0.214690
dataset/person_1492/img_05.jpg,dataset/person_1355/img_02.jpg,0,0.261942
dataset/person_527/img_03.jpg,dataset/person_1546/img_02.jpg,0,0.014015
dataset/person_776/img_02.jpg,dataset/person_1439/img_01.jpg,0,-0.226364
dataset/person_1439/img_01.jpg,dataset/person_559/img_03.jpg,0,-0.198534
dataset/person_1316/img_05.jpg,dataset/person_191/img_03.jpg,0,0.116834
dataset/person_924/img_05.jpg,dataset/person_1334/img_03.jpg,0,0.157441
dataset/person_1572/img_05.jpg,dataset/person_1396/img_02.jpg,0,-0.088845
dataset/person_289/img_01.jpg,dataset/person_1316/img_05.jpg,0,0.002468
dataset/person_1387/img_05.jpg,dataset/person_655/img_13.jpg,0,-0.030539
dataset/person_891/img_01.jpg,dataset/person_535/img_04.jpg,0,0.168482
dataset/person_547/img_04.jpg,dataset/person_713/img_06.jpg,0,-0.011962
dataset/person_844/img_04.jpg,dataset/person_1439/img_02.jpg,0,-0.076082
dataset/person_065/img_32.jpg,dataset/person_804/img_04.jpg,0,-0.039055
dataset/person_064/img_04.jpg,dataset/person_1387/img_01.jpg,0,-0.007329
dataset/person_1151/img_03.jpg,dataset/person_1669/img_03.jpg,0,0.169457
dataset/person_374/img_02.jpg,dataset/person_1572/img_05.jpg,0,-0.052048
dataset/person_040/img_01.jpg,dataset/person_1396/img_01.jpg,0,-0.234701
dataset/person_930/img_03.jpg,dataset/person_191/img_02.jpg,0,0.107514
dataset/person_869/img_01.jpg,dataset/person_1580/img_03.jpg,0,-0.058987
dataset/person_149/img_01.jpg,dataset/person_515/img_01.jpg,0,0.060051
dataset/person_194/img_04.jpg,dataset/person_1098/img_06.jpg,0,-0.000559
dataset/person_1420/img_03.jpg,dataset/person_1387/img_03.jpg,0,0.123772
dataset/person_1580/img_21.jpg,dataset/person_1052/img_04.jpg,0,0.197429
dataset/person_412/img_04.jpg,dataset/person_065/img_20.jpg,0,-0.023930
dataset/person_585/img_16.jpg,dataset/person_1680/img_01.jpg,0,0.237564
dataset/person_869/img_02.jpg,dataset/person_1546/img_01.jpg,0,-0.100115
dataset/person_1326/img_01.jpg,dataset/person_065/img_09.jpg,0,-0.066592
dataset/person_1101/img_04.jpg,dataset/person_1454/img_02.jpg,0,0.071923
dataset/person_1217/img_02.jpg,dataset/person_1097/img_03.jpg,0,-0.005647
dataset/person_844/img_01.jpg,dataset/person_924/img_06.jpg,0,0.067281
dataset/person_896/img_05.jpg,dataset/person_065/img_03.jpg,0,0.073587
dataset/person_111/img_03.jpg,dataset/person_065/img_05.jpg,0,-0.117816
dataset/person_1371/img_06.jpg,dataset/person_1486/img_07.jpg,0,0.040238
dataset/person_1382/img_03.jpg,dataset/person_585/img_05.jpg,0,-0.125715
dataset/person_369/img_01.jpg,dataset/person_1680/img_02.jpg,0,0.055016
dataset/person_1439/img_02.jpg,dataset/person_891/img_05.jpg,0,0.161522
dataset/person_911/img_04.jpg,dataset/person_870/img_04.jpg,0,0.163900
dataset/person_535/img_02.jpg,dataset/person_1151/img_08.jpg,0,-0.049414
dataset/person_527/img_03.jpg,dataset/person_229/img_11.jpg,0,-0.144714
dataset/person_769/img_08.jpg,dataset/person_687/img_02.jpg,0,0.059939
dataset/person_1097/img_03.jpg,dataset/person_1371/img_06.jpg,0,-0.132224
dataset/person_1052/img_02.jpg,dataset/person_1492/img_14.jpg,0,-0.108665
dataset/person_559/img_01.jpg,dataset/person_1022/img_08.jpg,0,0.073677
dataset/person_070/img_01.jpg,dataset/person_1316/img_02.jpg,0,-0.288578
dataset/person_191/img_04.jpg,dataset/person_844/img_04.jpg,0,-0.227818
dataset/person_229/img_11.jpg,dataset/person_1101/img_02.jpg,0,0.043827
dataset/person_844/img_06.jpg,dataset/person_374/img_03.jpg,0,-0.099862
dataset/person_601/img_02.jpg,dataset/person_1680/img_01.jpg,0,-0.173806
dataset/person_935/img_02.jpg,dataset/person_1155/img_03.jpg,0,-0.080888
dataset/person_1572/img_05.jpg,dataset/person_1669/img_02.jpg,0,0.068153
dataset/person_776/img_04.jpg,dataset/person_1580/img_05.jpg,0,-0.040087
dataset/person_1387/img_02.jpg,dataset/person_162/img_05.jpg,0,0.132037
dataset/person_896/img_11.jpg,dataset/person_367/img_01.jpg,0,-0.113348
dataset/person_1191/img_01.jpg,dataset/person_191/img_06.jpg,0,-0.102464
dataset/person_111/img_01.jpg,dataset/person_1352/img_08.jpg,0,0.134658
dataset/person_1244/img_01.jpg,dataset/person_1382/img_08.jpg,0,0.134273
dataset/person_527/img_04.jpg,dataset/person_289/img_03.jpg,0,0.152670
dataset/person_1371/img_05.jpg,dataset/person_1151/img_02.jpg,0,-0.137916
dataset/person_1492/img_14.jpg,dataset/person_1653/img_02.jpg,0,0.076112
dataset/person_1577/img_04.jpg,dataset/person_246/img_05.jpg,0,-0.019438
dataset/person_1486/img_08.jpg,dataset/person_065/img_18.jpg,0,-0.007962
dataset/person_1546/img_01.jpg,dataset/person_1098/img_06.jpg,0,-0.082702
dataset/person_1563/img_04.jpg,dataset/person_687/img_02.jpg,0,-0.201053
dataset/person_1411/img_04.jpg,dataset/person_1262/img_03.jpg,0,0.043732
dataset/person_391/img_04.jpg,dataset/person_1387/img_05.jpg,0,-0.117023
dataset/person_1653/img_01.jpg,dataset/person_1101/img_02.jpg,0,-0.143170
dataset/person_111/img_01.jpg,dataset/person_1326/img_01.jpg,0,-0.017007
dataset/person_916/img_05.jpg,dataset/person_049/img_03.jpg,0,0.061725
dataset/person_1352/img_02.jpg,dataset/person_1018/img_03.jpg,0,0.116793
dataset/person_1326/img_07.jpg,dataset/person_909/img_26.jpg,0,-0.097248
dataset/person_1577/img_02.jpg,dataset/person_1098/img_06.jpg,0,0.090145
dataset/person_853/img_09.jpg,dataset/person_909/img_32.jpg,0,-0.026939
dataset/person_1309/img_13.jpg,dataset/person_1217/img_02.jpg,0,-0.108186
dataset/person_1490/img_03.jpg,dataset/person_491/img_05.jpg,0,-0.135925
dataset/person_1396/img_01.jpg,dataset/person_687/img_01.jpg,0,-0.145044
dataset/person_1244/img_20.jpg,dataset/person_246/img_04.jpg,0,0.108487
dataset/person_710/img_08.jpg,dataset/person_1438/img_02.jpg,0,-0.173739
dataset/person_1439/img_01.jpg,dataset/person_547/img_02.jpg,0,-0.155378
dataset/person_1244/img_15.jpg,dataset/person_1486/img_03.jpg,0,-0.030747
dataset/person_034/img_04.jpg,dataset/person_535/img_04.jpg,0,0.142172
dataset/person_1486/img_03.jpg,dataset/person_040/img_03.jpg,0,-0.109495
dataset/person_909/img_11.jpg,dataset/person_1022/img_01.jpg,0,0.092165
dataset/person_391/img_04.jpg,dataset/person_1492/img_01.jpg,0,0.040625
dataset/person_229/img_08.jpg,dataset/person_896/img_08.jpg,0,0.278679
dataset/person_111/img_01.jpg,dataset/person_064/img_03.jpg,0,0.066980
dataset/person_861/img_03.jpg,dataset/person_1334/img_25.jpg,0,0.050621
dataset/person_1191/img_01.jpg,dataset/person_776/img_02.jpg,0,0.007023
dataset/person_1420/img_06.jpg,dataset/person_804/img_03.jpg,0,0.135116
dataset/person_1669/img_03.jpg,dataset/person_229/img_18.jpg,0,-0.018234
dataset/person_1369/img_04.jpg,dataset/person_527/img_03.jpg,0,0.119964
dataset/person_1531/img_01.jpg,dataset/person_1680/img_03.jpg,0,0.164121
dataset/person_1420/img_03.jpg,dataset/person_601/img_04.jpg,0,0.018474
dataset/person_111/img_01.jpg,dataset/person_1382/img_03.jpg,0,0.017150
dataset/person_1588/img_02.jpg,dataset/person_871/img_02.jpg,0,-0.043020
dataset/person_1492/img_02.jpg,dataset/person_235/img_02.jpg,0,-0.144104
dataset/person_367/img_06.jpg,dataset/person_710/img_14.jpg,0,0.142093
dataset/person_1531/img_02.jpg,dataset/person_1309/img_04.jpg,0,-0.085621
dataset/person_935/img_01.jpg,dataset/person_1563/img_03.jpg,0,-0.077858
dataset/person_909/img_29.jpg,dataset/person_474/img_03.jpg,0,0.145686
dataset/person_1371/img_06.jpg,dataset/person_930/img_03.jpg,0,-0.043406
dataset/person_911/img_04.jpg,dataset/person_1486/img_07.jpg,0,0.259587
dataset/person_1387/img_02.jpg,dataset/person_1438/img_01.jpg,0,-0.091852
dataset/person_369/img_03.jpg,dataset/person_287/img_05.jpg,0,-0.141448
dataset/person_1151/img_08.jpg,dataset/person_1653/img_03.jpg,0,0.111082
dataset/person_1396/img_01.jpg,dataset/person_111/img_04.jpg,0,-0.020226
dataset/person_963/img_03.jpg,dataset/person_547/img_04.jpg,0,-0.102374
dataset/person_547/img_03.jpg,dataset/person_1192/img_10.jpg,0,0.005612
dataset/person_354/img_02.jpg,dataset/person_535/img_03.jpg,0,0.227917
dataset/person_229/img_03.jpg,dataset/person_1396/img_03.jpg,0,0.103540
dataset/person_034/img_01.jpg,dataset/person_1680/img_02.jpg,0,0.065205
dataset/person_1396/img_01.jpg,dataset/person_853/img_02.jpg,0,-0.189337
dataset/person_229/img_01.jpg,dataset/person_1438/img_04.jpg,0,-0.210747
dataset/person_1492/img_01.jpg,dataset/person_527/img_01.jpg,0,0.234679
dataset/person_1369/img_03.jpg,dataset/person_1170/img_03.jpg,0,0.028115
dataset/person_783/img_05.jpg,dataset/person_871/img_02.jpg,0,-0.173552
dataset/person_1097/img_03.jpg,dataset/person_655/img_03.jpg,0,0.076561
dataset/person_687/img_04.jpg,dataset/person_1302/img_05.jpg,0,-0.055167
dataset/person_935/img_03.jpg,dataset/person_1052/img_02.jpg,0,0.190946
dataset/person_049/img_03.jpg,dataset/person_194/img_02.jpg,0,-0.112761
dataset/person_815/img_06.jpg,dataset/person_544/img_04.jpg,0,-0.002466
dataset/person_162/img_02.jpg,dataset/person_1580/img_17.jpg,0,0.042357
dataset/person_935/img_03.jpg,dataset/person_1420/img_02.jpg,0,0.026336
dataset/person_355/img_06.jpg,dataset/person_1653/img_03.jpg,0,-0.203371
dataset/person_804/img_02.jpg,dataset/person_369/img_02.jpg,0,0.163190
dataset/person_1369/img_04.jpg,dataset/person_1170/img_02.jpg,0,0.000559
dataset/person_1420/img_01.jpg,dataset/person_1438/img_03.jpg,0,0.013665
dataset/person_355/img_06.jpg,dataset/person_963/img_08.jpg,0,-0.100376
dataset/person_311/img_04.jpg,dataset/person_1244/img_14.jpg,0,0.212701
dataset/person_1098/img_05.jpg,dataset/person_1170/img_04.jpg,0,0.069607
dataset/person_559/img_05.jpg,dataset/person_1439/img_03.jpg,0,-0.021082
dataset/person_191/img_04.jpg,dataset/person_1492/img_30.jpg,0,-0.010867
dataset/person_1601/img_08.jpg,dataset/person_1588/img_01.jpg,0,0.124429
dataset/person_930/img_01.jpg,dataset/person_354/img_04.jpg,0,-0.027599
dataset/person_1097/img_02.jpg,dataset/person_713/img_10.jpg,0,0.009274
dataset/person_930/img_02.jpg,dataset/person_1420/img_05.jpg,0,0.089311
dataset/person_256/img_02.jpg,dataset/person_1546/img_05.jpg,0,0.034036
dataset/person_311/img_03.jpg,dataset/person_924/img_01.jpg,0,-0.237631
dataset/person_713/img_07.jpg,dataset/person_870/img_02.jpg,0,0.029046
dataset/person_1580/img_01.jpg,dataset/person_535/img_04.jpg,0,-0.105730
dataset/person_815/img_07.jpg,dataset/person_744/img_17.jpg,0,-0.129954
dataset/person_1680/img_01.jpg,dataset/person_869/img_02.jpg,0,-0.082647
dataset/person_070/img_07.jpg,dataset/person_1382/img_02.jpg,0,-0.251435
dataset/person_1486/img_02.jpg,dataset/person_391/img_03.jpg,0,-0.026969
dataset/person_355/img_06.jpg,dataset/person_219/img_03.jpg,0,-0.018389
dataset/person_891/img_01.jpg,dataset/person_070/img_06.jpg,0,0.012064
dataset/person_369/img_05.jpg,dataset/person_544/img_01.jpg,0,0.052028
dataset/person_585/img_17.jpg,dataset/person_1309/img_03.jpg,0,0.051281
dataset/person_354/img_04.jpg,dataset/person_710/img_05.jpg,0,-0.125225
dataset/person_1326/img_03.jpg,dataset/person_916/img_03.jpg,0,0.056712
dataset/person_474/img_01.jpg,dataset/person_1438/img_04.jpg,0,-0.045413
dataset/person_431/img_02.jpg,dataset/person_559/img_01.jpg,0,-0.103566
dataset/person_1018/img_02.jpg,dataset/person_022/img_05.jpg,0,-0.040723
dataset/person_909/img_07.jpg,dataset/person_1151/img_04.jpg,0,-0.035639
dataset/person_1309/img_08.jpg,dataset/person_1101/img_01.jpg,0,-0.019157
dataset/person_861/img_08.jpg,dataset/person_246/img_04.jpg,0,-0.153400
dataset/person_070/img_01.jpg,dataset/person_963/img_05.jpg,0,0.068715
dataset/person_1580/img_12.jpg,dataset/person_219/img_02.jpg,0,-0.050658
dataset/person_869/img_09.jpg,dataset/person_870/img_03.jpg,0,0.222528
dataset/person_853/img_15.jpg,dataset/person_412/img_05.jpg,0,-0.296463
dataset/person_1151/img_03.jpg,dataset/person_1653/img_01.jpg,0,0.096341
dataset/person_1244/img_08.jpg,dataset/person_1191/img_02.jpg,0,0.103665
dataset/person_256/img_05.jpg,dataset/person_710/img_07.jpg,0,0.022239
dataset/person_194/img_03.jpg,dataset/person_219/img_03.jpg,0,0.026951
dataset/person_535/img_04.jpg,dataset/person_1098/img_03.jpg,0,0.024250
dataset/person_535/img_04.jpg,dataset/person_1387/img_04.jpg,0,0.008978
dataset/person_585/img_04.jpg,dataset/person_804/img_04.jpg,0,-0.155298
dataset/person_1601/img_07.jpg,dataset/person_844/img_03.jpg,0,-0.073678
dataset/person_043/img_30.jpg,dataset/person_1396/img_01.jpg,0,-0.005809
dataset/person_355/img_01.jpg,dataset/person_1572/img_05.jpg,0,0.108308
dataset/person_1420/img_06.jpg,dataset/person_049/img_04.jpg,0,-0.181582
dataset/person_064/img_03.jpg,dataset/person_930/img_02.jpg,0,-0.119098
dataset/person_191/img_06.jpg,dataset/person_909/img_30.jpg,0,0.027016
dataset/person_1387/img_02.jpg,dataset/person_034/img_03.jpg,0,-0.015290
dataset/person_1490/img_06.jpg,dataset/person_924/img_05.jpg,0,0.080167
dataset/person_1572/img_01.jpg,dataset/person_256/img_02.jpg,0,0.236105
dataset/person_519/img_06.jpg,dataset/person_1192/img_11.jpg,0,0.006375
dataset/person_661/img_06.jpg,dataset/person_355/img_04.jpg,0,0.036776
dataset/person_655/img_13.jpg,dataset/person_871/img_02.jpg,0,0.114455
dataset/person_1387/img_03.jpg,dataset/person_783/img_04.jpg,0,-0.188405
dataset/person_1018/img_06.jpg,dataset/person_935/img_04.jpg,0,-0.032676
dataset/person_1563/img_02.jpg,dataset/person_194/img_03.jpg,0,0.014494
dataset/person_1155/img_03.jpg,dataset/person_585/img_19.jpg,0,0.054985
dataset/person_369/img_05.jpg,dataset/person_1490/img_05.jpg,0,0.005644
dataset/person_861/img_02.jpg,dataset/person_1580/img_03.jpg,0,-0.108510
dataset/person_043/img_11.jpg,dataset/person_871/img_02.jpg,0,0.066389
dataset/person_1098/img_01.jpg,dataset/person_535/img_04.jpg,0,-0.070513
dataset/person_989/img_04.jpg,dataset/person_544/img_03.jpg,0,0.060711
dataset/person_744/img_08.jpg,dataset/person_1334/img_04.jpg,0,0.025167
dataset/person_924/img_02.jpg,dataset/person_909/img_25.jpg,0,0.033229
dataset/person_713/img_02.jpg,dataset/person_1601/img_01.jpg,0,0.076984
dataset/person_412/img_01.jpg,dataset/person_1369/img_01.jpg,0,-0.147276
dataset/person_870/img_01.jpg,dataset/person_711/img_29.jpg,0,0.022170
dataset/person_744/img_20.jpg,dataset/person_1546/img_06.jpg,0,0.023408
dataset/person_869/img_03.jpg,dataset/person_043/img_21.jpg,0,-0.172900
dataset/person_1101/img_04.jpg,dataset/person_585/img_13.jpg,0,0.123990
dataset/person_1170/img_02.jpg,dataset/person_491/img_02.jpg,0,-0.070493
dataset/person_1369/img_04.jpg,dataset/person_229/img_10.jpg,0,-0.098382
dataset/person_1326/img_03.jpg,dataset/person_1302/img_04.jpg,0,0.041958
dataset/person_844/img_04.jpg,dataset/person_289/img_01.jpg,0,-0.102633
dataset/person_369/img_01.jpg,dataset/person_043/img_14.jpg,0,0.051452
dataset/person_049/img_02.jpg,dataset/person_815/img_01.jpg,0,-0.080006
dataset/person_1531/img_07.jpg,dataset/person_776/img_02.jpg,0,-0.110702
dataset/person_149/img_05.jpg,dataset/person_1244/img_16.jpg,0,-0.035055
dataset/person_1262/img_04.jpg,dataset/person_861/img_08.jpg,0,0.077913
dataset/person_246/img_03.jpg,dataset/person_1492/img_09.jpg,0,0.031017
dataset/person_804/img_04.jpg,dataset/person_1018/img_04.jpg,0,0.110022
dataset/person_474/img_02.jpg,dataset/person_1563/img_01.jpg,0,-0.007722
dataset/person_1155/img_03.jpg,dataset/person_783/img_01.jpg,0,0.105001
dataset/person_1151/img_04.jpg,dataset/person_235/img_01.jpg,0,0.028377
dataset/person_391/img_03.jpg,dataset/person_311/img_01.jpg,0,0.051987
dataset/person_1326/img_05.jpg,dataset/person_853/img_09.jpg,0,-0.100403
dataset/person_1572/img_03.jpg,dataset/person_601/img_01.jpg,0,-0.100997
dataset/person_896/img_05.jpg,dataset/person_1202/img_01.jpg,0,0.256732
dataset/person_309/img_02.jpg,dataset/person_367/img_07.jpg,0,-0.077986
dataset/person_287/img_05.jpg,dataset/person_989/img_05.jpg,0,0.142472
dataset/person_1438/img_01.jpg,dataset/person_1580/img_08.jpg,0,-0.066216
dataset/person_369/img_03.jpg,dataset/person_194/img_01.jpg,0,0.065328
dataset/person_049/img_04.jpg,dataset/person_149/img_03.jpg,0,-0.077920
dataset/person_1302/img_01.jpg,dataset/person_1486/img_03.jpg,0,-0.027238
dataset/person_1309/img_12.jpg,dataset/person_313/img_06.jpg,0,0.066801
dataset/person_963/img_01.jpg,dataset/person_713/img_04.jpg,0,-0.060168
dataset/person_235/img_05.jpg,dataset/person_1022/img_01.jpg,0,0.133041
dataset/person_1490/img_04.jpg,dataset/person_1022/img_02.jpg,0,-0.032337
dataset/person_911/img_04.jpg,dataset/person_313/img_03.jpg,0,0.095722
dataset/person_1382/img_01.jpg,dataset/person_661/img_02.jpg,0,0.167801
dataset/person_049/img_02.jpg,dataset/person_235/img_06.jpg,0,0.073748
dataset/person_1490/img_04.jpg,dataset/person_1653/img_03.jpg,0,0.071649
dataset/person_783/img_02.jpg,dataset/person_870/img_01.jpg,0,-0.016851
dataset/person_989/img_01.jpg,dataset/person_070/img_07.jpg,0,-0.058286
dataset/person_783/img_02.jpg,dataset/person_815/img_05.jpg,0,-0.034123
dataset/person_411/img_07.jpg,dataset/person_891/img_01.jpg,0,0.087333
dataset/person_313/img_01.jpg,dataset/person_219/img_04.jpg,0,0.045240
dataset/person_769/img_03.jpg,dataset/person_1563/img_04.jpg,0,0.169714
dataset/person_585/img_18.jpg,dataset/person_162/img_03.jpg,0,-0.096277
dataset/person_111/img_01.jpg,dataset/person_1658/img_05.jpg,0,-0.007547
dataset/person_924/img_03.jpg,dataset/person_1546/img_02.jpg,0,0.014817
dataset/person_1334/img_19.jpg,dataset/person_1097/img_01.jpg,0,0.183491
dataset/person_1334/img_24.jpg,dataset/person_1588/img_01.jpg,0,-0.034710
dataset/person_804/img_07.jpg,dataset/person_034/img_02.jpg,0,-0.104593
dataset/person_844/img_02.jpg,dataset/person_070/img_01.jpg,0,-0.012562
dataset/person_1155/img_02.jpg,dataset/person_1658/img_03.jpg,0,-0.148856
dataset/person_064/img_03.jpg,dataset/person_1439/img_02.jpg,0,-0.205910
dataset/person_1411/img_05.jpg,dataset/person_1155/img_04.jpg,0,-0.087596
dataset/person_219/img_01.jpg,dataset/person_527/img_01.jpg,0,0.048005
dataset/person_1022/img_04.jpg,dataset/person_1369/img_04.jpg,0,0.209941
dataset/person_601/img_03.jpg,dataset/person_710/img_08.jpg,0,-0.015076
dataset/person_1658/img_03.jpg,dataset/person_655/img_06.jpg,0,-0.363973
dataset/person_776/img_05.jpg,dataset/person_313/img_11.jpg,0,-0.133746
dataset/person_1355/img_03.jpg,dataset/person_289/img_03.jpg,0,0.220073
dataset/person_585/img_17.jpg,dataset/person_311/img_01.jpg,0,-0.147706
dataset/person_065/img_27.jpg,dataset/person_1490/img_06.jpg,0,0.050092
dataset/person_431/img_03.jpg,dataset/person_229/img_03.jpg,0,0.008202
dataset/person_1309/img_03.jpg,dataset/person_930/img_02.jpg,0,-0.119300
dataset/person_1438/img_02.jpg,dataset/person_710/img_04.jpg,0,0.106448
dataset/person_1546/img_02.jpg,dataset/person_661/img_01.jpg,0,-0.121810
dataset/person_1352/img_08.jpg,dataset/person_585/img_21.jpg,0,0.070166
dataset/person_744/img_04.jpg,dataset/person_1680/img_01.jpg,0,-0.219826
dataset/person_235/img_01.jpg,dataset/person_869/img_05.jpg,0,0.123125
dataset/person_1387/img_04.jpg,dataset/person_374/img_03.jpg,0,0.031174
dataset/person_853/img_02.jpg,dataset/person_1052/img_03.jpg,0,-0.066020
dataset/person_871/img_04.jpg,dataset/person_412/img_04.jpg,0,-0.123448
dataset/person_040/img_04.jpg,dataset/person_891/img_04.jpg,0,0.106382
dataset/person_1658/img_02.jpg,dataset/person_064/img_02.jpg,0,-0.046001
dataset/person_1563/img_04.jpg,dataset/person_1244/img_18.jpg,0,-0.166481
dataset/person_065/img_20.jpg,dataset/person_527/img_01.jpg,0,0.121224
dataset/person_311/img_03.jpg,dataset/person_744/img_01.jpg,0,0.070488
dataset/person_930/img_03.jpg,dataset/person_411/img_05.jpg,0,0.059157
dataset/person_815/img_05.jpg,dataset/person_713/img_04.jpg,0,0.173431
dataset/person_713/img_06.jpg,dataset/person_043/img_28.jpg,0,-0.140822
dataset/person_891/img_01.jpg,dataset/person_162/img_02.jpg,0,0.078471
dataset/person_313/img_11.jpg,dataset/person_1572/img_03.jpg,0,0.136546
dataset/person_871/img_04.jpg,dataset/person_309/img_04.jpg,0,-0.008337
dataset/person_367/img_05.jpg,dataset/person_661/img_13.jpg,0,0.023922
dataset/person_287/img_02.jpg,dataset/person_1371/img_04.jpg,0,0.140164
dataset/person_191/img_02.jpg,dataset/person_711/img_09.jpg,0,0.032930
dataset/person_930/img_03.jpg,dataset/person_034/img_03.jpg,0,-0.064897
dataset/person_1052/img_03.jpg,dataset/person_1355/img_03.jpg,0,0.074171
dataset/person_367/img_01.jpg,dataset/person_1577/img_05.jpg,0,0.036697
dataset/person_1387/img_03.jpg,dataset/person_1531/img_05.jpg,0,-0.090563
dataset/person_783/img_07.jpg,dataset/person_519/img_01.jpg,0,-0.135185
dataset/person_1151/img_06.jpg,dataset/person_1438/img_03.jpg,0,-0.015508
dataset/person_870/img_04.jpg,dataset/person_1226/img_08.jpg,0,-0.231849
dataset/person_040/img_01.jpg,dataset/person_1658/img_04.jpg,0,-0.091406
dataset/person_049/img_04.jpg,dataset/person_1492/img_14.jpg,0,-0.210418
dataset/person_1588/img_01.jpg,dataset/person_070/img_03.jpg,0,-0.135177
dataset/person_916/img_05.jpg,dataset/person_412/img_03.jpg,0,-0.116187
dataset/person_1018/img_02.jpg,dataset/person_1658/img_03.jpg,0,0.041757
dataset/person_769/img_05.jpg,dataset/person_783/img_03.jpg,0,-0.179623
dataset/person_896/img_03.jpg,dataset/person_235/img_02.jpg,0,0.230947
dataset/person_474/img_03.jpg,dataset/person_1226/img_10.jpg,0,0.097604
dataset/person_519/img_04.jpg,dataset/person_065/img_08.jpg,0,0.229737
dataset/person_519/img_03.jpg,dataset/person_049/img_04.jpg,0,0.041705
dataset/person_369/img_01.jpg,dataset/person_1439/img_02.jpg,0,-0.108387
dataset/person_070/img_03.jpg,dataset/person_655/img_05.jpg,0,-0.064639
dataset/person_040/img_03.jpg,dataset/person_544/img_01.jpg,0,0.014813
dataset/person_391/img_03.jpg,dataset/person_1352/img_02.jpg,0,0.035097
dataset/person_1022/img_08.jpg,dataset/person_246/img_01.jpg,0,0.103028
dataset/person_256/img_02.jpg,dataset/person_1022/img_04.jpg,0,0.166698
dataset/person_1454/img_03.jpg,dataset/person_367/img_07.jpg,0,0.056410
dataset/person_853/img_14.jpg,dataset/person_547/img_01.jpg,0,-0.036740
dataset/person_515/img_03.jpg,dataset/person_162/img_03.jpg,0,-0.094458
dataset/person_043/img_39.jpg,dataset/person_1454/img_03.jpg,0,0.055612
dataset/person_1486/img_06.jpg,dataset/person_1588/img_04.jpg,0,-0.022077
dataset/person_1411/img_01.jpg,dataset/person_431/img_02.jpg,0,0.155079
dataset/person_1546/img_03.jpg,dataset/person_064/img_02.jpg,0,-0.015258
dataset/person_930/img_01.jpg,dataset/person_374/img_01.jpg,0,0.047719
dataset/person_411/img_13.jpg,dataset/person_1316/img_03.jpg,0,-0.002109
dataset/person_256/img_05.jpg,dataset/person_655/img_13.jpg,0,0.070676
dataset/person_369/img_03.jpg,dataset/person_655/img_04.jpg,0,0.009864
dataset/person_1563/img_01.jpg,dataset/person_861/img_03.jpg,0,0.186623
dataset/person_1563/img_01.jpg,dataset/person_744/img_03.jpg,0,-0.014190
dataset/person_989/img_05.jpg,dataset/person_1326/img_09.jpg,0,0.037184
dataset/person_367/img_05.jpg,dataset/person_474/img_07.jpg,0,-0.122339
dataset/person_309/img_01.jpg,dataset/person_687/img_01.jpg,0,0.114492
dataset/person_411/img_11.jpg,dataset/person_194/img_04.jpg,0,-0.002014
dataset/person_1439/img_02.jpg,dataset/person_1382/img_05.jpg,0,0.103060
dataset/person_930/img_03.jpg,dataset/person_1355/img_02.jpg,0,-0.149116
dataset/person_804/img_03.jpg,dataset/person_769/img_04.jpg,0,-0.003486
dataset/person_1680/img_01.jpg,dataset/person_1439/img_02.jpg,0,0.071217
dataset/person_1658/img_04.jpg,dataset/person_687/img_03.jpg,0,-0.183466
dataset/person_1052/img_01.jpg,dataset/person_1492/img_24.jpg,0,-0.201576
dataset/person_519/img_04.jpg,dataset/person_219/img_04.jpg,0,-0.030410
dataset/person_783/img_02.jpg,dataset/person_1601/img_03.jpg,0,0.088549
dataset/person_963/img_04.jpg,dataset/person_309/img_04.jpg,0,-0.138081
dataset/person_544/img_02.jpg,dataset/person_369/img_05.jpg,0,0.147061
dataset/person_1371/img_03.jpg,dataset/person_785/img_03.jpg,0,-0.032123
dataset/person_1439/img_01.jpg,dataset/person_1151/img_07.jpg,0,-0.053445
dataset/person_1601/img_03.jpg,dataset/person_246/img_05.jpg,0,0.195591
dataset/person_235/img_02.jpg,dataset/person_474/img_03.jpg,0,-0.044337
dataset/person_909/img_01.jpg,dataset/person_1680/img_02.jpg,0,-0.062867
dataset/person_1151/img_05.jpg,dataset/person_1601/img_09.jpg,0,-0.043076
dataset/person_655/img_08.jpg,dataset/person_989/img_01.jpg,0,-0.029939
dataset/person_1155/img_01.jpg,dataset/person_896/img_14.jpg,0,-0.021516
dataset/person_1653/img_02.jpg,dataset/person_043/img_05.jpg,0,0.445383
dataset/person_1155/img_04.jpg,dataset/person_256/img_04.jpg,0,-0.126014
dataset/person_1492/img_26.jpg,dataset/person_1155/img_02.jpg,0,-0.042953
dataset/person_655/img_02.jpg,dataset/person_1411/img_03.jpg,0,-0.017133
dataset/person_916/img_03.jpg,dataset/person_853/img_19.jpg,0,-0.032386
dataset/person_411/img_02.jpg,dataset/person_412/img_01.jpg,0,0.149830
dataset/person_1022/img_06.jpg,dataset/person_710/img_15.jpg,0,-0.050183
dataset/person_930/img_04.jpg,dataset/person_1588/img_04.jpg,0,-0.142674
dataset/person_1411/img_04.jpg,dataset/person_713/img_12.jpg,0,-0.019436
dataset/person_1170/img_02.jpg,dataset/person_687/img_01.jpg,0,0.231060
dataset/person_1192/img_01.jpg,dataset/person_916/img_05.jpg,0,-0.099254
dataset/person_374/img_06.jpg,dataset/person_1546/img_06.jpg,0,0.115720
dataset/person_1680/img_03.jpg,dataset/person_1563/img_04.jpg,0,0.005141
dataset/person_1226/img_10.jpg,dataset/person_256/img_03.jpg,0,-0.085012
dataset/person_769/img_04.jpg,dataset/person_1098/img_03.jpg,0,-0.125586
dataset/person_235/img_01.jpg,dataset/person_149/img_05.jpg,0,-0.087505
dataset/person_287/img_05.jpg,dataset/person_916/img_05.jpg,0,0.059991
dataset/person_256/img_04.jpg,dataset/person_870/img_03.jpg,0,-0.075237
dataset/person_1454/img_03.jpg,dataset/person_1572/img_02.jpg,0,-0.115365
dataset/person_1191/img_02.jpg,dataset/person_064/img_04.jpg,0,-0.164084
dataset/person_287/img_05.jpg,dataset/person_1387/img_05.jpg,0,-0.088220
dataset/person_1439/img_03.jpg,dataset/person_1098/img_03.jpg,0,0.051926
dataset/person_1217/img_03.jpg,dataset/person_1151/img_05.jpg,0,0.108238
dataset/person_229/img_08.jpg,dataset/person_1658/img_02.jpg,0,-0.182590
dataset/person_1396/img_03.jpg,dataset/person_935/img_01.jpg,0,-0.139698
dataset/person_963/img_05.jpg,dataset/person_1334/img_05.jpg,0,0.022618
dataset/person_1098/img_05.jpg,dataset/person_1309/img_09.jpg,0,0.017588
dataset/person_713/img_01.jpg,dataset/person_1217/img_01.jpg,0,0.010360
dataset/person_916/img_05.jpg,dataset/person_311/img_02.jpg,0,-0.037837
dataset/person_022/img_01.jpg,dataset/person_229/img_12.jpg,0,0.156685
dataset/person_1309/img_10.jpg,dataset/person_1396/img_04.jpg,0,-0.140607
dataset/person_687/img_02.jpg,dataset/person_1658/img_04.jpg,0,-0.123981
dataset/person_1411/img_01.jpg,dataset/person_935/img_01.jpg,0,0.039472
dataset/person_1658/img_04.jpg,dataset/person_911/img_04.jpg,0,-0.008402
dataset/person_1371/img_02.jpg,dataset/person_1097/img_03.jpg,0,-0.109349
dataset/person_687/img_01.jpg,dataset/person_535/img_03.jpg,0,0.068741
dataset/person_804/img_06.jpg,dataset/person_1052/img_02.jpg,0,-0.057415
dataset/person_687/img_03.jpg,dataset/person_1022/img_03.jpg,0,-0.087681
dataset/person_246/img_03.jpg,dataset/person_1486/img_08.jpg,0,0.017662
dataset/person_474/img_02.jpg,dataset/person_710/img_11.jpg,0,-0.104877
dataset/person_916/img_01.jpg,dataset/person_963/img_07.jpg,0,-0.073244
dataset/person_1098/img_06.jpg,dataset/person_989/img_05.jpg,0,-0.020324
dataset/person_1439/img_01.jpg,dataset/person_1262/img_01.jpg,0,-0.097658
dataset/person_1355/img_04.jpg,dataset/person_1170/img_02.jpg,0,-0.228745
dataset/person_544/img_03.jpg,dataset/person_1302/img_04.jpg,0,-0.062909
dataset/person_1192/img_03.jpg,dataset/person_229/img_16.jpg,0,-0.027283
dataset/person_1396/img_02.jpg,dataset/person_1155/img_01.jpg,0,0.153161
dataset/person_287/img_06.jpg,dataset/person_871/img_02.jpg,0,0.210635
dataset/person_022/img_01.jpg,dataset/person_1653/img_04.jpg,0,0.017691
dataset/person_354/img_02.jpg,dataset/person_412/img_02.jpg,0,-0.130101
dataset/person_049/img_03.jpg,dataset/person_1601/img_07.jpg,0,-0.127450
dataset/person_474/img_04.jpg,dataset/person_369/img_03.jpg,0,-0.019352
dataset/person_219/img_02.jpg,dataset/person_289/img_03.jpg,0,0.011982
dataset/person_869/img_05.jpg,dataset/person_1334/img_22.jpg,0,0.004964
dataset/person_229/img_13.jpg,dataset/person_785/img_05.jpg,0,0.215612
dataset/person_1492/img_31.jpg,dataset/person_311/img_03.jpg,0,0.074267
dataset/person_1098/img_01.jpg,dataset/person_1326/img_05.jpg,0,0.098876
dataset/person_1601/img_06.jpg,dataset/person_1669/img_02.jpg,0,-0.053921
dataset/person_527/img_01.jpg,dataset/person_162/img_03.jpg,0,0.130868
dataset/person_191/img_06.jpg,dataset/person_1439/img_01.jpg,0,0.019312
dataset/person_1490/img_04.jpg,dataset/person_585/img_05.jpg,0,0.070042
dataset/person_776/img_08.jpg,dataset/person_909/img_32.jpg,0,0.102363
dataset/person_391/img_02.jpg,dataset/person_1588/img_01.jpg,0,-0.085266
dataset/person_1411/img_05.jpg,dataset/person_1382/img_04.jpg,0,-0.010933
dataset/person_911/img_04.jpg,dataset/person_870/img_01.jpg,0,0.090518
dataset/person_354/img_03.jpg,dataset/person_769/img_05.jpg,0,-0.007189
dataset/person_544/img_04.jpg,dataset/person_1439/img_04.jpg,0,0.186906
dataset/person_815/img_04.jpg,dataset/person_1658/img_04.jpg,0,-0.263011
dataset/person_1371/img_01.jpg,dataset/person_930/img_03.jpg,0,-0.099711
dataset/person_229/img_08.jpg,dataset/person_687/img_03.jpg,0,-0.075260
dataset/person_491/img_01.jpg,dataset/person_844/img_05.jpg,0,-0.130262
dataset/person_1669/img_02.jpg,dataset/person_1588/img_02.jpg,0,-0.165642
dataset/person_309/img_01.jpg,dataset/person_1309/img_10.jpg,0,-0.065275
dataset/person_412/img_02.jpg,dataset/person_1486/img_01.jpg,0,-0.133345
dataset/person_661/img_13.jpg,dataset/person_040/img_04.jpg,0,-0.054759
dataset/person_1097/img_03.jpg,dataset/person_776/img_06.jpg,0,0.000464
dataset/person_769/img_02.jpg,dataset/person_313/img_11.jpg,0,0.147891
dataset/person_065/img_14.jpg,dataset/person_287/img_03.jpg,0,0.007288
dataset/person_309/img_02.jpg,dataset/person_1302/img_05.jpg,0,-0.011867
dataset/person_1577/img_02.jpg,dataset/person_891/img_03.jpg,0,0.282324
dataset/person_804/img_03.jpg,dataset/person_1202/img_03.jpg,0,0.003563
dataset/person_1588/img_02.jpg,dataset/person_1316/img_01.jpg,0,-0.162388
dataset/person_049/img_01.jpg,dataset/person_870/img_01.jpg,0,-0.040421
dataset/person_246/img_04.jpg,dataset/person_1577/img_01.jpg,0,0.146949
dataset/person_1202/img_03.jpg,dataset/person_1396/img_01.jpg,0,-0.001374
dataset/person_1334/img_25.jpg,dataset/person_474/img_04.jpg,0,0.232275
dataset/person_049/img_01.jpg,dataset/person_1382/img_07.jpg,0,-0.037984
dataset/person_519/img_03.jpg,dataset/person_1580/img_18.jpg,0,0.052547
dataset/person_891/img_01.jpg,dataset/person_1052/img_01.jpg,0,-0.128039
dataset/person_246/img_04.jpg,dataset/person_661/img_01.jpg,0,-0.106461
dataset/person_034/img_05.jpg,dataset/person_711/img_39.jpg,0,-0.024370
dataset/person_935/img_01.jpg,dataset/person_1192/img_10.jpg,0,-0.089114
dataset/person_785/img_02.jpg,dataset/person_1577/img_05.jpg,0,0.046281
dataset/person_871/img_03.jpg,dataset/person_1438/img_04.jpg,0,0.289689
dataset/person_256/img_01.jpg,dataset/person_711/img_20.jpg,0,-0.023829
dataset/person_1387/img_02.jpg,dataset/person_1680/img_01.jpg,0,-0.090856
dataset/person_1371/img_05.jpg,dataset/person_519/img_08.jpg,0,-0.115742
dataset/person_1563/img_04.jpg,dataset/person_1411/img_01.jpg,0,-0.180796
dataset/person_1326/img_09.jpg,dataset/person_1588/img_03.jpg,0,0.089271
dataset/person_219/img_02.jpg,dataset/person_1396/img_04.jpg,0,-0.039956
dataset/person_040/img_04.jpg,dataset/person_235/img_03.jpg,0,0.007284
dataset/person_744/img_04.jpg,dataset/person_311/img_04.jpg,0,-0.039529
dataset/person_1326/img_01.jpg,dataset/person_367/img_04.jpg,0,0.087789
dataset/person_769/img_08.jpg,dataset/person_1334/img_12.jpg,0,0.190784
dataset/person_219/img_01.jpg,dataset/person_355/img_06.jpg,0,0.238251
dataset/person_1438/img_02.jpg,dataset/person_1486/img_02.jpg,0,0.051682
dataset/person_1098/img_02.jpg,dataset/person_354/img_02.jpg,0,-0.053956
dataset/person_891/img_05.jpg,dataset/person_229/img_08.jpg,0,0.072143
dataset/person_1052/img_04.jpg,dataset/person_1191/img_05.jpg,0,0.130257
dataset/person_869/img_09.jpg,dataset/person_194/img_02.jpg,0,-0.089886
dataset/person_070/img_04.jpg,dataset/person_769/img_05.jpg,0,-0.040713
dataset/person_1588/img_03.jpg,dataset/person_1438/img_02.jpg,0,-0.125491
dataset/person_049/img_04.jpg,dataset/person_1454/img_01.jpg,0,-0.145717
dataset/person_1382/img_04.jpg,dataset/person_559/img_05.jpg,0,-0.078472
dataset/person_785/img_05.jpg,dataset/person_229/img_16.jpg,0,0.136516
dataset/person_1439/img_02.jpg,dataset/person_519/img_06.jpg,0,-0.124936
dataset/person_191/img_04.jpg,dataset/person_601/img_01.jpg,0,0.039745
dataset/person_935/img_04.jpg,dataset/person_1101/img_01.jpg,0,-0.157903
dataset/person_1563/img_01.jpg,dataset/person_1155/img_02.jpg,0,-0.072787
dataset/person_287/img_01.jpg,dataset/person_711/img_11.jpg,0,0.205608
dataset/person_1302/img_01.jpg,dataset/person_1658/img_01.jpg,0,-0.059977
dataset/person_911/img_04.jpg,dataset/person_162/img_03.jpg,0,-0.168011
dataset/person_474/img_08.jpg,dataset/person_804/img_02.jpg,0,-0.133149
dataset/person_711/img_36.jpg,dataset/person_896/img_07.jpg,0,0.074584
dataset/person_1580/img_19.jpg,dataset/person_034/img_01.jpg,0,0.128395
dataset/person_1653/img_03.jpg,dataset/person_1411/img_05.jpg,0,-0.026163
dataset/person_1454/img_03.jpg,dataset/person_412/img_05.jpg,0,-0.179733
dataset/person_519/img_03.jpg,dataset/person_1217/img_03.jpg,0,0.071709
dataset/person_287/img_02.jpg,dataset/person_547/img_03.jpg,0,0.077574
dataset/person_287/img_03.jpg,dataset/person_411/img_08.jpg,0,0.059930
dataset/person_191/img_03.jpg,dataset/person_1309/img_12.jpg,0,0.032104
dataset/person_661/img_03.jpg,dataset/person_871/img_02.jpg,0,0.087319
dataset/person_289/img_04.jpg,dataset/person_655/img_01.jpg,0,-0.025777
dataset/person_1439/img_02.jpg,dataset/person_1601/img_03.jpg,0,0.030057
dataset/person_194/img_01.jpg,dataset/person_1018/img_03.jpg,0,0.079722
dataset/person_585/img_07.jpg,dataset/person_1262/img_02.jpg,0,0.012796
dataset/person_309/img_03.jpg,dataset/person_1680/img_01.jpg,0,-0.018403
dataset/person_070/img_04.jpg,dataset/person_431/img_05.jpg,0,0.053579
dataset/person_1202/img_03.jpg,dataset/person_1018/img_06.jpg,0,-0.052216
dataset/person_354/img_02.jpg,dataset/person_911/img_03.jpg,0,-0.062221
dataset/person_474/img_04.jpg,dataset/person_034/img_03.jpg,0,-0.011083
dataset/person_1396/img_04.jpg,dataset/person_853/img_19.jpg,0,0.044002
dataset/person_687/img_03.jpg,dataset/person_1438/img_04.jpg,0,0.266824
dataset/person_989/img_05.jpg,dataset/person_1369/img_02.jpg,0,0.109804
dataset/person_1022/img_03.jpg,dataset/person_374/img_01.jpg,0,0.223586
dataset/person_687/img_03.jpg,dataset/person_1316/img_02.jpg,0,0.154639
dataset/person_1371/img_01.jpg,dataset/person_355/img_02.jpg,0,0.161742
dataset/person_804/img_05.jpg,dataset/person_287/img_06.jpg,0,-0.090620
dataset/person_769/img_06.jpg,dataset/person_1572/img_05.jpg,0,0.109271
dataset/person_769/img_10.jpg,dataset/person_871/img_03.jpg,0,0.132087
dataset/person_815/img_07.jpg,dataset/person_710/img_16.jpg,0,0.040249
dataset/person_1309/img_01.jpg,dataset/person_1217/img_02.jpg,0,-0.054214
dataset/person_1316/img_05.jpg,dataset/person_1097/img_02.jpg,0,-0.123751
dataset/person_1191/img_04.jpg,dataset/person_1217/img_01.jpg,0,-0.076930
dataset/person_1454/img_01.jpg,dataset/person_1022/img_03.jpg,0,0.041014
dataset/person_256/img_04.jpg,dataset/person_815/img_04.jpg,0,0.003138
dataset/person_535/img_03.jpg,dataset/person_194/img_03.jpg,0,-0.097528
dataset/person_246/img_01.jpg,dataset/person_744/img_08.jpg,0,0.095456
dataset/person_354/img_04.jpg,dataset/person_1577/img_04.jpg,0,0.029648
dataset/person_601/img_03.jpg,dataset/person_194/img_03.jpg,0,0.118313
dataset/person_869/img_06.jpg,dataset/person_287/img_05.jpg,0,-0.069018
dataset/person_1052/img_02.jpg,dataset/person_911/img_02.jpg,0,-0.071364
dataset/person_491/img_03.jpg,dataset/person_861/img_03.jpg,0,0.119921
dataset/person_869/img_09.jpg,dataset/person_1653/img_04.jpg,0,-0.057452
dataset/person_229/img_09.jpg,dataset/person_559/img_01.jpg,0,-0.103023
dataset/person_354/img_04.jpg,dataset/person_924/img_06.jpg,0,0.021001
dataset/person_1490/img_01.jpg,dataset/person_1226/img_06.jpg,0,-0.087057
dataset/person_871/img_03.jpg,dataset/person_191/img_06.jpg,0,-0.104271
dataset/person_162/img_09.jpg,dataset/person_1316/img_02.jpg,0,0.035254
dataset/person_1563/img_02.jpg,dataset/person_1546/img_06.jpg,0,-0.063926
dataset/person_034/img_04.jpg,dataset/person_1302/img_03.jpg,0,-0.170573
dataset/person_289/img_01.jpg,dataset/person_1262/img_10.jpg,0,-0.054383
dataset/person_1438/img_01.jpg,dataset/person_1486/img_06.jpg,0,0.175864
dataset/person_935/img_01.jpg,dataset/person_1369/img_03.jpg,0,0.245284
dataset/person_049/img_03.jpg,dataset/person_515/img_04.jpg,0,-0.007840
dataset/person_1577/img_03.jpg,dataset/person_064/img_03.jpg,0,0.034456
dataset/person_655/img_08.jpg,dataset/person_963/img_08.jpg,0,0.142697
dataset/person_229/img_16.jpg,dataset/person_1226/img_09.jpg,0,0.038211
dataset/person_815/img_01.jpg,dataset/person_1101/img_03.jpg,0,0.068236
dataset/person_043/img_10.jpg,dataset/person_412/img_02.jpg,0,-0.135582
dataset/person_896/img_03.jpg,dataset/person_870/img_01.jpg,0,0.020239
dataset/person_1601/img_02.jpg,dataset/person_861/img_01.jpg,0,0.082149
dataset/person_1658/img_01.jpg,dataset/person_491/img_03.jpg,0,-0.076811
dataset/person_1098/img_05.jpg,dataset/person_871/img_03.jpg,0,-0.221770
dataset/person_871/img_01.jpg,dataset/person_1262/img_06.jpg,0,0.110521
dataset/person_869/img_06.jpg,dataset/person_544/img_02.jpg,0,0.101286
dataset/person_924/img_06.jpg,dataset/person_374/img_03.jpg,0,0.133210
dataset/person_287/img_06.jpg,dataset/person_034/img_04.jpg,0,0.046637
dataset/person_1601/img_01.jpg,dataset/person_869/img_02.jpg,0,0.055829
dataset/person_1262/img_09.jpg,dataset/person_853/img_05.jpg,0,0.122739
dataset/person_687/img_01.jpg,dataset/person_1382/img_03.jpg,0,-0.132335
dataset/person_1658/img_03.jpg,dataset/person_064/img_02.jpg,0,0.029180
dataset/person_559/img_04.jpg,dataset/person_246/img_02.jpg,0,-0.131800
dataset/person_491/img_01.jpg,dataset/person_711/img_20.jpg,0,0.023362
dataset/person_1387/img_03.jpg,dataset/person_354/img_01.jpg,0,-0.232914
dataset/person_149/img_05.jpg,dataset/person_191/img_06.jpg,0,0.130295
dataset/person_1097/img_04.jpg,dataset/person_355/img_01.jpg,0,-0.049469
dataset/person_111/img_01.jpg,dataset/person_935/img_02.jpg,0,0.139667
dataset/person_687/img_02.jpg,dataset/person_1097/img_03.jpg,0,-0.093608
dataset/person_374/img_01.jpg,dataset/person_474/img_03.jpg,0,0.013570
dataset/person_783/img_02.jpg,dataset/person_034/img_03.jpg,0,0.006295
dataset/person_1680/img_02.jpg,dataset/person_1052/img_03.jpg,0,0.206339
dataset/person_869/img_04.jpg,dataset/person_547/img_02.jpg,0,0.053423
dataset/person_1438/img_04.jpg,dataset/person_065/img_19.jpg,0,-0.109493
dataset/person_1226/img_03.jpg,dataset/person_1387/img_05.jpg,0,-0.084266
dataset/person_1439/img_02.jpg,dataset/person_1588/img_02.jpg,0,0.055659
dataset/person_1382/img_04.jpg,dataset/person_911/img_02.jpg,0,-0.117480
dataset/person_1411/img_06.jpg,dataset/person_1371/img_04.jpg,0,0.151461
dataset/person_1371/img_04.jpg,dataset/person_1097/img_03.jpg,0,-0.229756
dataset/person_369/img_03.jpg,dataset/person_1531/img_09.jpg,0,0.047141
dataset/person_1669/img_02.jpg,dataset/person_861/img_01.jpg,0,-0.059372
dataset/person_309/img_02.jpg,dataset/person_355/img_06.jpg,0,-0.005053
dataset/person_1653/img_03.jpg,dataset/person_1490/img_02.jpg,0,0.181879
dataset/person_149/img_05.jpg,dataset/person_585/img_18.jpg,0,-0.062243
dataset/person_861/img_05.jpg,dataset/person_711/img_06.jpg,0,0.001936
dataset/person_256/img_02.jpg,dataset/person_769/img_05.jpg,0,0.106467
dataset/person_1316/img_03.jpg,dataset/person_191/img_01.jpg,0,-0.113772
dataset/person_963/img_09.jpg,dataset/person_111/img_02.jpg,0,-0.030921
dataset/person_194/img_04.jpg,dataset/person_1170/img_03.jpg,0,0.106774
dataset/person_1546/img_04.jpg,dataset/person_355/img_06.jpg,0,-0.039422
dataset/person_374/img_01.jpg,dataset/person_924/img_03.jpg,0,-0.036220
dataset/person_585/img_21.jpg,dataset/person_1101/img_03.jpg,0,0.114838
dataset/person_896/img_01.jpg,dataset/person_924/img_02.jpg,0,0.043130
dataset/person_1601/img_06.jpg,dataset/person_194/img_03.jpg,0,0.046626
dataset/person_515/img_01.jpg,dataset/person_924/img_02.jpg,0,0.107464
dataset/person_930/img_03.jpg,dataset/person_1492/img_11.jpg,0,0.162792
dataset/person_191/img_02.jpg,dataset/person_311/img_01.jpg,0,0.055114
dataset/person_1658/img_05.jpg,dataset/person_815/img_04.jpg,0,-0.192694
dataset/person_374/img_06.jpg,dataset/person_367/img_04.jpg,0,0.144125
dataset/person_687/img_04.jpg,dataset/person_1580/img_16.jpg,0,-0.044096
dataset/person_1369/img_03.jpg,dataset/person_661/img_10.jpg,0,0.062484
dataset/person_149/img_04.jpg,dataset/person_219/img_03.jpg,0,0.001193
dataset/person_064/img_02.jpg,dataset/person_963/img_09.jpg,0,0.012398
dataset/person_1101/img_04.jpg,dataset/person_1601/img_05.jpg,0,0.196444
dataset/person_367/img_05.jpg,dataset/person_1580/img_02.jpg,0,0.083717
dataset/person_1202/img_02.jpg,dataset/person_256/img_03.jpg,0,0.129603
dataset/person_911/img_05.jpg,dataset/person_391/img_02.jpg,0,-0.110346
dataset/person_355/img_02.jpg,dataset/person_713/img_03.jpg,0,0.153504
dataset/person_527/img_01.jpg,dataset/person_1486/img_02.jpg,0,-0.016932
dataset/person_1438/img_02.jpg,dataset/person_785/img_07.jpg,0,-0.028321
dataset/person_1490/img_04.jpg,dataset/person_1680/img_02.jpg,0,-0.178702
dataset/person_1680/img_02.jpg,dataset/person_022/img_02.jpg,0,-0.058622
dataset/person_911/img_03.jpg,dataset/person_1226/img_05.jpg,0,-0.156079
dataset/person_1052/img_02.jpg,dataset/person_1244/img_07.jpg,0,-0.111069
dataset/person_1653/img_02.jpg,dataset/person_1097/img_02.jpg,0,0.086926
dataset/person_547/img_03.jpg,dataset/person_354/img_01.jpg,0,-0.054668
dataset/person_219/img_03.jpg,dataset/person_1202/img_01.jpg,0,-0.030823
dataset/person_194/img_04.jpg,dataset/person_313/img_04.jpg,0,-0.047129
dataset/person_930/img_04.jpg,dataset/person_194/img_04.jpg,0,0.009839
dataset/person_601/img_01.jpg,dataset/person_1355/img_04.jpg,0,-0.274544
dataset/person_1155/img_02.jpg,dataset/person_1439/img_04.jpg,0,0.020992
dataset/person_769/img_05.jpg,dataset/person_1454/img_04.jpg,0,-0.088600
dataset/person_391/img_01.jpg,dataset/person_1577/img_03.jpg,0,0.042797
dataset/person_229/img_19.jpg,dataset/person_535/img_01.jpg,0,0.102295
dataset/person_1326/img_03.jpg,dataset/person_911/img_02.jpg,0,0.065270
dataset/person_1546/img_03.jpg,dataset/person_1531/img_09.jpg,0,0.062385
dataset/person_853/img_13.jpg,dataset/person_022/img_01.jpg,0,-0.034851
dataset/person_515/img_02.jpg,dataset/person_1334/img_16.jpg,0,0.061556
dataset/person_1262/img_04.jpg,dataset/person_064/img_03.jpg,0,-0.065960
dataset/person_1653/img_03.jpg,dataset/person_1097/img_04.jpg,0,0.078470
dataset/person_519/img_07.jpg,dataset/person_1244/img_05.jpg,0,0.192682
dataset/person_1396/img_04.jpg,dataset/person_1438/img_04.jpg,0,0.007926
dataset/person_049/img_04.jpg,dataset/person_1371/img_02.jpg,0,-0.038238
dataset/person_1202/img_01.jpg,dataset/person_1577/img_04.jpg,0,-0.124704
dataset/person_815/img_03.jpg,dataset/person_1052/img_01.jpg,0,0.060598
dataset/person_519/img_07.jpg,dataset/person_891/img_01.jpg,0,-0.160405
dataset/person_1202/img_02.jpg,dataset/person_1439/img_04.jpg,0,-0.129160
dataset/person_547/img_01.jpg,dataset/person_1680/img_04.jpg,0,0.092487
dataset/person_519/img_07.jpg,dataset/person_535/img_04.jpg,0,-0.170683
dataset/person_769/img_05.jpg,dataset/person_065/img_28.jpg,0,0.159119
dataset/person_1371/img_06.jpg,dataset/person_710/img_04.jpg,0,0.202063
dataset/person_411/img_13.jpg,dataset/person_815/img_04.jpg,0,0.081531
dataset/person_246/img_04.jpg,dataset/person_1546/img_06.jpg,0,-0.117038
dataset/person_1486/img_06.jpg,dataset/person_870/img_01.jpg,0,0.080009
dataset/person_783/img_04.jpg,dataset/person_1226/img_09.jpg,0,-0.123562
dataset/person_744/img_03.jpg,dataset/person_1572/img_02.jpg,0,0.091878
dataset/person_022/img_05.jpg,dataset/person_149/img_03.jpg,0,-0.053639
dataset/person_1302/img_05.jpg,dataset/person_256/img_04.jpg,0,0.248776
dataset/person_1653/img_04.jpg,dataset/person_065/img_19.jpg,0,0.301286
dataset/person_064/img_04.jpg,dataset/person_1151/img_08.jpg,0,0.303457
dataset/person_1531/img_06.jpg,dataset/person_065/img_17.jpg,0,0.070856
dataset/person_162/img_05.jpg,dataset/person_149/img_01.jpg,0,-0.005471
dataset/person_311/img_02.jpg,dataset/person_1382/img_05.jpg,0,-0.145670
dataset/person_1492/img_02.jpg,dataset/person_1601/img_08.jpg,0,-0.028758
dataset/person_1454/img_01.jpg,dataset/person_1420/img_05.jpg,0,0.094944
dataset/person_111/img_01.jpg,dataset/person_1492/img_26.jpg,0,0.092478
dataset/person_1355/img_01.jpg,dataset/person_1226/img_09.jpg,0,0.085084
dataset/person_1098/img_06.jpg,dataset/person_1155/img_02.jpg,0,-0.072183
dataset/person_491/img_04.jpg,dataset/person_235/img_03.jpg,0,0.046941
dataset/person_1490/img_06.jpg,dataset/person_1680/img_02.jpg,0,0.034028
dataset/person_935/img_04.jpg,dataset/person_853/img_02.jpg,0,0.202316
dataset/person_1022/img_06.jpg,dataset/person_1454/img_01.jpg,0,0.193727
dataset/person_1191/img_01.jpg,dataset/person_411/img_07.jpg,0,-0.015238
dataset/person_256/img_01.jpg,dataset/person_661/img_06.jpg,0,0.187548
dataset/person_963/img_05.jpg,dataset/person_491/img_04.jpg,0,-0.007256
dataset/person_1580/img_12.jpg,dataset/person_040/img_03.jpg,0,-0.128307
dataset/person_661/img_12.jpg,dataset/person_519/img_02.jpg,0,0.021541
dataset/person_869/img_07.jpg,dataset/person_930/img_01.jpg,0,-0.075150
dataset/person_785/img_05.jpg,dataset/person_1262/img_05.jpg,0,0.020434
dataset/person_1420/img_05.jpg,dataset/person_412/img_05.jpg,0,-0.054246
dataset/person_871/img_02.jpg,dataset/person_785/img_06.jpg,0,-0.113990
dataset/person_804/img_03.jpg,dataset/person_065/img_31.jpg,0,0.123452
dataset/person_1316/img_04.jpg,dataset/person_744/img_09.jpg,0,0.128254
dataset/person_711/img_50.jpg,dataset/person_559/img_02.jpg,0,-0.157125
dataset/person_1387/img_01.jpg,dataset/person_246/img_05.jpg,0,-0.103680
dataset/person_1580/img_12.jpg,dataset/person_930/img_03.jpg,0,0.004665
dataset/person_1382/img_07.jpg,dataset/person_022/img_02.jpg,0,-0.018819
dataset/person_040/img_04.jpg,dataset/person_783/img_06.jpg,0,-0.095533
dataset/person_1155/img_03.jpg,dataset/person_1387/img_04.jpg,0,0.034124
dataset/person_391/img_03.jpg,dataset/person_785/img_01.jpg,0,0.279512
dataset/person_1326/img_06.jpg,dataset/person_040/img_02.jpg,0,0.021960
dataset/person_1018/img_03.jpg,dataset/person_412/img_05.jpg,0,0.020056
dataset/person_853/img_19.jpg,dataset/person_1680/img_04.jpg,0,-0.033722
dataset/person_491/img_03.jpg,dataset/person_391/img_04.jpg,0,0.146600
dataset/person_194/img_01.jpg,dataset/person_989/img_03.jpg,0,-0.073583
dataset/person_149/img_03.jpg,dataset/person_1439/img_04.jpg,0,0.070373
dataset/person_1192/img_08.jpg,dataset/person_191/img_02.jpg,0,-0.031509
dataset/person_309/img_02.jpg,dataset/person_585/img_22.jpg,0,0.229718
dataset/person_1572/img_04.jpg,dataset/person_1369/img_01.jpg,0,-0.158690
dataset/person_527/img_05.jpg,dataset/person_871/img_01.jpg,0,-0.090121
dataset/person_474/img_06.jpg,dataset/person_229/img_03.jpg,0,-0.143714
dataset/person_1309/img_09.jpg,dataset/person_711/img_24.jpg,0,0.144423
dataset/person_544/img_01.jpg,dataset/person_191/img_02.jpg,0,0.016489
dataset/person_431/img_02.jpg,dataset/person_369/img_05.jpg,0,-0.069941
dataset/person_1492/img_28.jpg,dataset/person_355/img_04.jpg,0,-0.068741
dataset/person_744/img_10.jpg,dataset/person_040/img_04.jpg,0,0.072798
dataset/person_1352/img_03.jpg,dataset/person_1563/img_04.jpg,0,0.192431
dataset/person_411/img_02.jpg,dataset/person_870/img_01.jpg,0,-0.004742
dataset/person_1577/img_02.jpg,dataset/person_1316/img_01.jpg,0,-0.152583
dataset/person_367/img_02.jpg,dataset/person_1411/img_02.jpg,0,0.022889
dataset/person_769/img_07.jpg,dataset/person_776/img_07.jpg,0,-0.107709
dataset/person_1492/img_14.jpg,dataset/person_713/img_07.jpg,0,-0.116719
dataset/person_924/img_03.jpg,dataset/person_391/img_03.jpg,0,0.152581
dataset/person_769/img_11.jpg,dataset/person_1531/img_02.jpg,0,-0.289719
dataset/person_535/img_03.jpg,dataset/person_911/img_05.jpg,0,-0.005229
dataset/person_309/img_02.jpg,dataset/person_1577/img_04.jpg,0,-0.128587
dataset/person_235/img_04.jpg,dataset/person_713/img_05.jpg,0,-0.112820
dataset/person_853/img_15.jpg,dataset/person_963/img_03.jpg,0,-0.213281
dataset/person_963/img_03.jpg,dataset/person_896/img_07.jpg,0,0.074541
dataset/person_1396/img_03.jpg,dataset/person_022/img_04.jpg,0,-0.018709
dataset/person_519/img_02.jpg,dataset/person_1226/img_07.jpg,0,0.066441
dataset/person_369/img_04.jpg,dataset/person_519/img_07.jpg,0,0.061157
dataset/person_1588/img_01.jpg,dataset/person_1262/img_10.jpg,0,0.178142
dataset/person_1326/img_09.jpg,dataset/person_1170/img_01.jpg,0,0.124179
dataset/person_391/img_04.jpg,dataset/person_367/img_01.jpg,0,0.207963
dataset/person_1454/img_02.jpg,dataset/person_412/img_02.jpg,0,-0.140387
dataset/person_355/img_04.jpg,dataset/person_474/img_02.jpg,0,-0.204633
dataset/person_1546/img_06.jpg,dataset/person_040/img_04.jpg,0,0.073987
dataset/person_313/img_04.jpg,dataset/person_256/img_02.jpg,0,0.281685
dataset/person_1680/img_02.jpg,dataset/person_1546/img_02.jpg,0,0.016617
dataset/person_194/img_02.jpg,dataset/person_989/img_03.jpg,0,-0.090135
dataset/person_1155/img_01.jpg,dataset/person_1411/img_01.jpg,0,-0.105985
dataset/person_1309/img_08.jpg,dataset/person_367/img_04.jpg,0,-0.120303
dataset/person_1355/img_04.jpg,dataset/person_547/img_02.jpg,0,0.203670
dataset/person_785/img_04.jpg,dataset/person_1226/img_09.jpg,0,0.016918
dataset/person_515/img_05.jpg,dataset/person_111/img_03.jpg,0,-0.005791
dataset/person_896/img_03.jpg,dataset/person_935/img_02.jpg,0,0.045814
dataset/person_191/img_01.jpg,dataset/person_661/img_01.jpg,0,-0.149309
dataset/person_711/img_44.jpg,dataset/person_049/img_04.jpg,0,-0.016263
dataset/person_891/img_04.jpg,dataset/person_287/img_04.jpg,0,-0.200078
dataset/person_1022/img_07.jpg,dataset/person_783/img_03.jpg,0,0.013534
dataset/person_911/img_05.jpg,dataset/person_655/img_02.jpg,0,-0.136228
dataset/person_655/img_10.jpg,dataset/person_776/img_01.jpg,0,0.080351
dataset/person_1658/img_01.jpg,dataset/person_219/img_03.jpg,0,-0.014668
dataset/person_815/img_07.jpg,dataset/person_1577/img_01.jpg,0,-0.020397
dataset/person_1531/img_09.jpg,dataset/person_1580/img_29.jpg,0,-0.084348
dataset/person_162/img_02.jpg,dataset/person_783/img_01.jpg,0,0.232671
dataset/person_1191/img_03.jpg,dataset/person_870/img_01.jpg,0,0.101768
dataset/person_661/img_06.jpg,dataset/person_1217/img_04.jpg,0,-0.102811
dataset/person_527/img_02.jpg,dataset/person_149/img_02.jpg,0,0.015113
dataset/person_785/img_02.jpg,dataset/person_219/img_03.jpg,0,0.040626
dataset/person_1098/img_06.jpg,dataset/person_1486/img_02.jpg,0,0.009798
dataset/person_1680/img_04.jpg,dataset/person_924/img_07.jpg,0,0.051536
dataset/person_1355/img_03.jpg,dataset/person_713/img_06.jpg,0,0.036495
dataset/person_1411/img_04.jpg,dataset/person_559/img_03.jpg,0,-0.211161
dataset/person_783/img_06.jpg,dataset/person_1669/img_03.jpg,0,0.033390
dataset/person_355/img_05.jpg,dataset/person_1387/img_01.jpg,0,-0.129258
dataset/person_744/img_05.jpg,dataset/person_1170/img_03.jpg,0,-0.263014
dataset/person_043/img_24.jpg,dataset/person_1326/img_06.jpg,0,0.102528
dataset/person_655/img_05.jpg,dataset/person_1411/img_06.jpg,0,0.063010
dataset/person_1202/img_03.jpg,dataset/person_355/img_04.jpg,0,0.089504
dataset/person_655/img_11.jpg,dataset/person_1658/img_03.jpg,0,-0.020735
dataset/person_1192/img_03.jpg,dataset/person_711/img_10.jpg,0,-0.226967
dataset/person_411/img_07.jpg,dataset/person_1411/img_03.jpg,0,0.227917
dataset/person_491/img_01.jpg,dataset/person_1334/img_07.jpg,0,-0.139892
dataset/person_369/img_02.jpg,dataset/person_1420/img_05.jpg,0,-0.078190
dataset/person_034/img_03.jpg,dataset/person_1371/img_06.jpg,0,-0.023064
dataset/person_256/img_05.jpg,dataset/person_711/img_26.jpg,0,0.136233
dataset/person_219/img_02.jpg,dataset/person_431/img_03.jpg,0,0.093368
dataset/person_515/img_05.jpg,dataset/person_1192/img_09.jpg,0,0.081666
dataset/person_1439/img_03.jpg,dataset/person_287/img_04.jpg,0,0.131087
dataset/person_896/img_08.jpg,dataset/person_289/img_02.jpg,0,0.011987
dataset/person_219/img_04.jpg,dataset/person_916/img_01.jpg,0,0.004719
dataset/person_535/img_03.jpg,dataset/person_1018/img_02.jpg,0,-0.092408
dataset/person_1438/img_02.jpg,dataset/person_1309/img_03.jpg,0,-0.069647
dataset/person_1387/img_01.jpg,dataset/person_411/img_11.jpg,0,0.107481
dataset/person_1302/img_04.jpg,dataset/person_1492/img_30.jpg,0,-0.031756
dataset/person_355/img_06.jpg,dataset/person_930/img_01.jpg,0,-0.040113
dataset/person_869/img_09.jpg,dataset/person_711/img_15.jpg,0,-0.069528
dataset/person_710/img_12.jpg,dataset/person_1302/img_01.jpg,0,0.032273
dataset/person_1580/img_07.jpg,dataset/person_474/img_06.jpg,0,-0.213993
dataset/person_246/img_03.jpg,dataset/person_1018/img_05.jpg,0,0.000787
dataset/person_309/img_05.jpg,dataset/person_870/img_01.jpg,0,0.040377
dataset/person_804/img_04.jpg,dataset/person_070/img_05.jpg,0,-0.067109
dataset/person_287/img_02.jpg,dataset/person_1355/img_03.jpg,0,-0.030214
dataset/person_804/img_02.jpg,dataset/person_710/img_08.jpg,0,-0.120177
dataset/person_1334/img_23.jpg,dataset/person_559/img_04.jpg,0,-0.011912
dataset/person_1226/img_10.jpg,dataset/person_064/img_03.jpg,0,-0.114368
dataset/person_313/img_02.jpg,dataset/person_1387/img_02.jpg,0,-0.073064
dataset/person_687/img_01.jpg,dataset/person_861/img_03.jpg,0,-0.002741
dataset/person_287/img_01.jpg,dataset/person_1420/img_02.jpg,0,-0.002958
dataset/person_1334/img_19.jpg,dataset/person_1355/img_04.jpg,0,-0.080210
dataset/person_191/img_05.jpg,dataset/person_1098/img_01.jpg,0,0.232701
dataset/person_1439/img_01.jpg,dataset/person_785/img_02.jpg,0,-0.011870
dataset/person_219/img_04.jpg,dataset/person_111/img_01.jpg,0,0.061159
dataset/person_194/img_01.jpg,dataset/person_1302/img_05.jpg,0,-0.206233
dataset/person_374/img_05.jpg,dataset/person_1316/img_04.jpg,0,0.012767
dataset/person_1420/img_01.jpg,dataset/person_355/img_05.jpg,0,-0.002958
dataset/person_1653/img_01.jpg,dataset/person_891/img_04.jpg,0,-0.012761
dataset/person_776/img_04.jpg,dataset/person_515/img_05.jpg,0,0.203929
dataset/person_815/img_05.jpg,dataset/person_491/img_04.jpg,0,0.082390
dataset/person_022/img_04.jpg,dataset/person_1369/img_03.jpg,0,-0.011297
dataset/person_235/img_02.jpg,dataset/person_474/img_06.jpg,0,-0.077271
dataset/person_246/img_05.jpg,dataset/person_219/img_03.jpg,0,-0.046996
dataset/person_515/img_03.jpg,dataset/person_1420/img_05.jpg,0,-0.104670
dataset/person_1355/img_03.jpg,dataset/person_149/img_05.jpg,0,-0.232398
dataset/person_246/img_04.jpg,dataset/person_1438/img_01.jpg,0,0.159002
dataset/person_713/img_08.jpg,dataset/person_1244/img_01.jpg,0,0.271941
dataset/person_1439/img_04.jpg,dataset/person_916/img_04.jpg,0,-0.161326
dataset/person_1202/img_01.jpg,dataset/person_1226/img_07.jpg,0,0.147055
dataset/person_544/img_01.jpg,dataset/person_1420/img_04.jpg,0,-0.020963
dataset/person_149/img_05.jpg,dataset/person_491/img_02.jpg,0,-0.032841
dataset/person_1262/img_02.jpg,dataset/person_776/img_04.jpg,0,-0.133710
dataset/person_1316/img_05.jpg,dataset/person_1438/img_03.jpg,0,-0.060494
dataset/person_1439/img_04.jpg,dataset/person_769/img_02.jpg,0,-0.047090
dataset/person_547/img_02.jpg,dataset/person_1420/img_05.jpg,0,-0.027512
dataset/person_544/img_03.jpg,dataset/person_1192/img_03.jpg,0,0.051655
dataset/person_1262/img_07.jpg,dataset/person_769/img_03.jpg,0,0.090002
dataset/person_871/img_02.jpg,dataset/person_1202/img_03.jpg,0,0.154748
dataset/person_287/img_06.jpg,dataset/person_194/img_04.jpg,0,-0.188418
dataset/person_776/img_05.jpg,dataset/person_661/img_04.jpg,0,-0.080336
dataset/person_989/img_04.jpg,dataset/person_1371/img_03.jpg,0,-0.086887
dataset/person_1546/img_03.jpg,dataset/person_1191/img_03.jpg,0,-0.024576
dataset/person_687/img_03.jpg,dataset/person_1492/img_29.jpg,0,-0.052919
dataset/person_1438/img_04.jpg,dataset/person_162/img_07.jpg,0,-0.001292
dataset/person_022/img_04.jpg,dataset/person_744/img_02.jpg,0,-0.085874
dataset/person_1588/img_02.jpg,dataset/person_1492/img_30.jpg,0,-0.073481
dataset/person_769/img_01.jpg,dataset/person_1387/img_02.jpg,0,-0.077269
dataset/person_1309/img_12.jpg,dataset/person_527/img_03.jpg,0,0.078524
dataset/person_1411/img_03.jpg,dataset/person_861/img_01.jpg,0,-0.057251
dataset/person_1454/img_04.jpg,dataset/person_162/img_06.jpg,0,-0.064854
dataset/person_354/img_02.jpg,dataset/person_710/img_07.jpg,0,-0.113908
dataset/person_431/img_04.jpg,dataset/person_246/img_03.jpg,0,0.078890
dataset/person_1101/img_02.jpg,dataset/person_1022/img_03.jpg,0,0.003020
dataset/person_1454/img_04.jpg,dataset/person_661/img_12.jpg,0,0.291724
dataset/person_374/img_01.jpg,dataset/person_194/img_04.jpg,0,-0.028615
dataset/person_559/img_04.jpg,dataset/person_930/img_02.jpg,0,0.012554
dataset/person_1387/img_05.jpg,dataset/person_411/img_07.jpg,0,-0.042962
dataset/person_070/img_01.jpg,dataset/person_1098/img_06.jpg,0,-0.073343
dataset/person_149/img_05.jpg,dataset/person_1387/img_03.jpg,0,-0.071468
dataset/person_1658/img_03.jpg,dataset/person_963/img_02.jpg,0,0.066077
dataset/person_194/img_01.jpg,dataset/person_1170/img_03.jpg,0,0.057973
dataset/person_776/img_07.jpg,dataset/person_687/img_02.jpg,0,0.155566
dataset/person_896/img_10.jpg,dataset/person_1192/img_05.jpg,0,0.129524
dataset/person_367/img_05.jpg,dataset/person_1302/img_01.jpg,0,0.084199
dataset/person_1658/img_03.jpg,dataset/person_1355/img_03.jpg,0,0.184810
dataset/person_354/img_03.jpg,dataset/person_289/img_01.jpg,0,0.251385
dataset/person_1170/img_01.jpg,dataset/person_769/img_06.jpg,0,0.064393
dataset/person_871/img_04.jpg,dataset/person_1531/img_04.jpg,0,0.236649
dataset/person_1244/img_15.jpg,dataset/person_1454/img_02.jpg,0,0.067626
dataset/person_1680/img_03.jpg,dataset/person_1531/img_04.jpg,0,-0.080060
dataset/person_544/img_03.jpg,dataset/person_601/img_03.jpg,0,-0.022913
dataset/person_411/img_01.jpg,dataset/person_711/img_09.jpg,0,0.209795
dataset/person_1151/img_07.jpg,dataset/person_515/img_04.jpg,0,0.025376
dataset/person_1577/img_04.jpg,dataset/person_815/img_07.jpg,0,0.046137
dataset/person_065/img_34.jpg,dataset/person_861/img_01.jpg,0,-0.047373
dataset/person_930/img_03.jpg,dataset/person_256/img_01.jpg,0,0.205320
dataset/person_355/img_01.jpg,dataset/person_1653/img_03.jpg,0,-0.144805
dataset/person_785/img_04.jpg,dataset/person_309/img_03.jpg,0,-0.040637
dataset/person_367/img_06.jpg,dataset/person_1486/img_02.jpg,0,-0.072915
dataset/person_710/img_03.jpg,dataset/person_1022/img_02.jpg,0,-0.031840
dataset/person_309/img_05.jpg,dataset/person_1202/img_01.jpg,0,-0.081233
dataset/person_367/img_04.jpg,dataset/person_963/img_04.jpg,0,-0.164448
dataset/person_713/img_11.jpg,dataset/person_1022/img_07.jpg,0,0.173023
dataset/person_844/img_08.jpg,dataset/person_1387/img_04.jpg,0,0.037501
dataset/person_911/img_02.jpg,dataset/person_909/img_22.jpg,0,0.288683
dataset/person_1022/img_06.jpg,dataset/person_1244/img_15.jpg,0,0.098157
dataset/person_289/img_04.jpg,dataset/person_776/img_01.jpg,0,0.024135
dataset/person_1580/img_19.jpg,dataset/person_367/img_01.jpg,0,0.127194
dataset/person_431/img_04.jpg,dataset/person_861/img_01.jpg,0,0.041267
dataset/person_034/img_03.jpg,dataset/person_1326/img_07.jpg,0,0.128910
dataset/person_1192/img_04.jpg,dataset/person_1371/img_05.jpg,0,-0.019645
dataset/person_544/img_03.jpg,dataset/person_769/img_09.jpg,0,-0.003760
dataset/person_1680/img_02.jpg,dataset/person_519/img_06.jpg,0,-0.020343
dataset/person_916/img_05.jpg,dataset/person_909/img_10.jpg,0,0.103300
dataset/person_1262/img_03.jpg,dataset/person_769/img_04.jpg,0,0.029702
dataset/person_1438/img_01.jpg,dataset/person_1244/img_01.jpg,0,0.043015
dataset/person_309/img_01.jpg,dataset/person_411/img_13.jpg,0,-0.043611
dataset/person_1155/img_03.jpg,dataset/person_311/img_01.jpg,0,0.016823
dataset/person_1454/img_03.jpg,dataset/person_896/img_04.jpg,0,0.066895
dataset/person_527/img_02.jpg,dataset/person_1309/img_05.jpg,0,0.144552
dataset/person_1202/img_03.jpg,dataset/person_162/img_04.jpg,0,-0.020417
dataset/person_989/img_02.jpg,dataset/person_935/img_03.jpg,0,0.322426
dataset/person_043/img_29.jpg,dataset/person_1170/img_01.jpg,0,0.086687
dataset/person_861/img_01.jpg,dataset/person_1563/img_04.jpg,0,0.250339
dataset/person_896/img_14.jpg,dataset/person_711/img_48.jpg,0,0.024181
dataset/person_1309/img_01.jpg,dataset/person_1563/img_04.jpg,0,-0.189350
dataset/person_1658/img_02.jpg,dataset/person_1580/img_14.jpg,0,0.092981
dataset/person_769/img_10.jpg,dataset/person_1563/img_01.jpg,0,0.209813
dataset/person_1097/img_05.jpg,dataset/person_1226/img_10.jpg,0,-0.172483
dataset/person_661/img_02.jpg,dataset/person_287/img_02.jpg,0,-0.024927
dataset/person_713/img_02.jpg,dataset/person_1309/img_08.jpg,0,-0.033706
dataset/person_710/img_12.jpg,dataset/person_411/img_12.jpg,0,0.121319
dataset/person_1439/img_02.jpg,dataset/person_1601/img_04.jpg,0,0.145747
dataset/person_1097/img_05.jpg,dataset/person_804/img_03.jpg,0,0.146614
dataset/person_219/img_01.jpg,dataset/person_1369/img_04.jpg,0,-0.073604
dataset/person_040/img_04.jpg,dataset/person_022/img_04.jpg,0,-0.017590
dataset/person_1580/img_07.jpg,dataset/person_871/img_03.jpg,0,0.028063
dataset/person_1531/img_02.jpg,dataset/person_1438/img_04.jpg,0,0.015194
dataset/person_870/img_03.jpg,dataset/person_519/img_04.jpg,0,-0.067446
dataset/person_585/img_21.jpg,dataset/person_1052/img_04.jpg,0,0.116449
dataset/person_909/img_02.jpg,dataset/person_194/img_03.jpg,0,-0.013606
dataset/person_687/img_03.jpg,dataset/person_515/img_01.jpg,0,-0.055345
dataset/person_1191/img_02.jpg,dataset/person_870/img_02.jpg,0,0.131697
dataset/person_355/img_02.jpg,dataset/person_034/img_05.jpg,0,0.073015
dataset/person_1192/img_08.jpg,dataset/person_1170/img_01.jpg,0,0.038051
dataset/person_070/img_07.jpg,dataset/person_391/img_02.jpg,0,-0.067883
dataset/person_891/img_03.jpg,dataset/person_710/img_12.jpg,0,0.276672
dataset/person_431/img_02.jpg,dataset/person_1601/img_07.jpg,0,-0.066310
dataset/person_1226/img_09.jpg,dataset/person_989/img_02.jpg,0,-0.119865
dataset/person_710/img_06.jpg,dataset/person_815/img_03.jpg,0,0.167442
dataset/person_909/img_08.jpg,dataset/person_963/img_03.jpg,0,-0.056564
dataset/person_043/img_14.jpg,dataset/person_235/img_03.jpg,0,0.063340
dataset/person_1580/img_24.jpg,dataset/person_474/img_05.jpg,0,-0.061750
dataset/person_431/img_01.jpg,dataset/person_1454/img_01.jpg,0,0.016676
dataset/person_1486/img_08.jpg,dataset/person_043/img_03.jpg,0,0.204906
dataset/person_710/img_05.jpg,dataset/person_896/img_07.jpg,0,-0.144552
dataset/person_064/img_04.jpg,dataset/person_311/img_02.jpg,0,-0.178363
dataset/person_1202/img_01.jpg,dataset/person_1098/img_03.jpg,0,0.042039
dataset/person_916/img_01.jpg,dataset/person_1326/img_07.jpg,0,0.192503
dataset/person_1018/img_04.jpg,dataset/person_111/img_04.jpg,0,-0.082010
dataset/person_1601/img_09.jpg,dataset/person_871/img_04.jpg,0,0.100583
dataset/person_1170/img_01.jpg,dataset/person_871/img_03.jpg,0,-0.171115
dataset/person_194/img_03.jpg,dataset/person_924/img_02.jpg,0,0.163442
dataset/person_1454/img_05.jpg,dataset/person_527/img_03.jpg,0,-0.030307
dataset/person_412/img_01.jpg,dataset/person_535/img_04.jpg,0,-0.006755
dataset/person_235/img_05.jpg,dataset/person_711/img_13.jpg,0,-0.157616
dataset/person_1155/img_02.jpg,dataset/person_1326/img_03.jpg,0,0.066288
dataset/person_1326/img_02.jpg,dataset/person_527/img_01.jpg,0,-0.094515
dataset/person_655/img_05.jpg,dataset/person_1580/img_07.jpg,0,-0.169366
dataset/person_1355/img_03.jpg,dataset/person_1326/img_03.jpg,0,-0.047152
dataset/person_687/img_03.jpg,dataset/person_527/img_03.jpg,0,0.070001
dataset/person_601/img_03.jpg,dataset/person_191/img_02.jpg,0,-0.244331
dataset/person_1454/img_03.jpg,dataset/person_162/img_03.jpg,0,0.057681
dataset/person_369/img_01.jpg,dataset/person_710/img_13.jpg,0,-0.123462
dataset/person_474/img_04.jpg,dataset/person_065/img_12.jpg,0,0.187282
dataset/person_034/img_01.jpg,dataset/person_1191/img_02.jpg,0,-0.053853
dataset/person_1202/img_03.jpg,dataset/person_1577/img_01.jpg,0,-0.173778
dataset/person_367/img_04.jpg,dataset/person_219/img_03.jpg,0,0.001983
dataset/person_1262/img_10.jpg,dataset/person_474/img_07.jpg,0,0.374114
dataset/person_1669/img_04.jpg,dataset/person_1316/img_05.jpg,0,-0.257886
dataset/person_1371/img_04.jpg,dataset/person_311/img_01.jpg,0,0.050044
dataset/person_711/img_42.jpg,dataset/person_1387/img_05.jpg,0,-0.062467
dataset/person_963/img_06.jpg,dataset/person_149/img_02.jpg,0,0.105079
dataset/person_1369/img_04.jpg,dataset/person_149/img_05.jpg,0,0.055600
dataset/person_1680/img_01.jpg,dataset/person_527/img_03.jpg,0,-0.030945
dataset/person_744/img_09.jpg,dataset/person_287/img_01.jpg,0,-0.121598
dataset/person_783/img_04.jpg,dataset/person_1531/img_01.jpg,0,-0.185322
dataset/person_311/img_01.jpg,dataset/person_1155/img_02.jpg,0,0.109630
dataset/person_1680/img_01.jpg,dataset/person_861/img_02.jpg,0,0.001223
dataset/person_313/img_05.jpg,dataset/person_655/img_03.jpg,0,-0.063828
dataset/person_896/img_05.jpg,dataset/person_1490/img_04.jpg,0,0.023952
dataset/person_1653/img_01.jpg,dataset/person_313/img_09.jpg,0,-0.008003
dataset/person_1244/img_17.jpg,dataset/person_1577/img_02.jpg,0,0.147428
dataset/person_1191/img_02.jpg,dataset/person_869/img_01.jpg,0,0.075548
dataset/person_1302/img_03.jpg,dataset/person_687/img_02.jpg,0,-0.086444
dataset/person_355/img_05.jpg,dataset/person_891/img_05.jpg,0,-0.090480
dataset/person_065/img_35.jpg,dataset/person_804/img_03.jpg,0,0.102398
dataset/person_311/img_02.jpg,dataset/person_1334/img_12.jpg,0,0.226133
dataset/person_1202/img_02.jpg,dataset/person_1098/img_06.jpg,0,0.036620
dataset/person_491/img_05.jpg,dataset/person_871/img_02.jpg,0,-0.063787
dataset/person_869/img_03.jpg,dataset/person_989/img_05.jpg,0,0.300220
dataset/person_412/img_02.jpg,dataset/person_162/img_05.jpg,0,0.083104
dataset/person_065/img_19.jpg,dataset/person_1580/img_25.jpg,0,-0.075983
dataset/person_924/img_04.jpg,dataset/person_287/img_04.jpg,0,0.065607
dataset/person_191/img_02.jpg,dataset/person_1454/img_03.jpg,0,-0.163944
dataset/person_022/img_03.jpg,dataset/person_1022/img_05.jpg,0,-0.050455
dataset/person_1309/img_12.jpg,dataset/person_963/img_02.jpg,0,-0.023427
dataset/person_070/img_04.jpg,dataset/person_713/img_03.jpg,0,0.089216
dataset/person_1191/img_02.jpg,dataset/person_219/img_02.jpg,0,0.001140
dataset/person_1577/img_02.jpg,dataset/person_783/img_06.jpg,0,-0.128027
dataset/person_1601/img_04.jpg,dataset/person_1577/img_02.jpg,0,0.013984
dataset/person_861/img_02.jpg,dataset/person_1490/img_02.jpg,0,-0.032952
dataset/person_1387/img_04.jpg,dataset/person_1170/img_01.jpg,0,0.032322
dataset/person_661/img_10.jpg,dataset/person_710/img_05.jpg,0,0.009025
dataset/person_1309/img_03.jpg,dataset/person_1658/img_03.jpg,0,0.178749
dataset/person_744/img_01.jpg,dataset/person_1454/img_01.jpg,0,-0.143443
dataset/person_287/img_05.jpg,dataset/person_1438/img_01.jpg,0,0.130244
dataset/person_769/img_10.jpg,dataset/person_474/img_08.jpg,0,-0.001458
dataset/person_1334/img_15.jpg,dataset/person_527/img_03.jpg,0,0.119247
dataset/person_853/img_18.jpg,dataset/person_1151/img_08.jpg,0,-0.053332
dataset/person_1192/img_06.jpg,dataset/person_1022/img_05.jpg,0,0.177504
dataset/person_064/img_03.jpg,dataset/person_1563/img_01.jpg,0,0.006181
dataset/person_474/img_07.jpg,dataset/person_191/img_05.jpg,0,0.125183
dataset/person_1217/img_04.jpg,dataset/person_909/img_19.jpg,0,-0.112115
dataset/person_1326/img_02.jpg,dataset/person_287/img_01.jpg,0,-0.146868
dataset/person_687/img_03.jpg,dataset/person_411/img_04.jpg,0,-0.123576
dataset/person_896/img_11.jpg,dataset/person_870/img_04.jpg,0,0.055215
dataset/person_869/img_07.jpg,dataset/person_585/img_14.jpg,0,-0.034210
dataset/person_070/img_01.jpg,dataset/person_491/img_03.jpg,0,-0.123693
dataset/person_869/img_05.jpg,dataset/person_661/img_05.jpg,0,0.081025
dataset/person_491/img_03.jpg,dataset/person_256/img_04.jpg,0,-0.124898
dataset/person_535/img_03.jpg,dataset/person_869/img_06.jpg,0,0.025303
dataset/person_1052/img_01.jpg,dataset/person_034/img_04.jpg,0,-0.164163
dataset/person_1355/img_04.jpg,dataset/person_369/img_02.jpg,0,-0.189625
dataset/person_374/img_06.jpg,dataset/person_1653/img_03.jpg,0,0.051278
dataset/person_1101/img_04.jpg,dataset/person_776/img_07.jpg,0,-0.012900
dataset/person_411/img_11.jpg,dataset/person_287/img_04.jpg,0,-0.084761
dataset/person_064/img_01.jpg,dataset/person_411/img_10.jpg,0,0.051740
dataset/person_869/img_02.jpg,dataset/person_785/img_05.jpg,0,0.005569
dataset/person_1098/img_02.jpg,dataset/person_1151/img_06.jpg,0,-0.057150
dataset/person_369/img_05.jpg,dataset/person_544/img_04.jpg,0,0.037971
dataset/person_844/img_01.jpg,dataset/person_1577/img_03.jpg,0,-0.100600
dataset/person_515/img_04.jpg,dataset/person_783/img_07.jpg,0,-0.064268
dataset/person_1680/img_01.jpg,dataset/person_367/img_04.jpg,0,0.028259
dataset/person_844/img_07.jpg,dataset/person_815/img_06.jpg,0,-0.023044
dataset/person_930/img_02.jpg,dataset/person_043/img_37.jpg,0,0.115348
dataset/person_1244/img_11.jpg,dataset/person_043/img_07.jpg,0,0.078048
dataset/person_1411/img_04.jpg,dataset/person_935/img_01.jpg,0,0.133123
dataset/person_687/img_03.jpg,dataset/person_1680/img_03.jpg,0,-0.111124
dataset/person_844/img_06.jpg,dataset/person_547/img_03.jpg,0,-0.003976
dataset/person_1355/img_04.jpg,dataset/person_1387/img_01.jpg,0,0.039906
dataset/person_1454/img_03.jpg,dataset/person_1680/img_02.jpg,0,-0.177034
dataset/person_1309/img_13.jpg,dataset/person_354/img_05.jpg,0,-0.152166
dataset/person_515/img_04.jpg,dataset/person_1454/img_03.jpg,0,-0.007014
dataset/person_776/img_03.jpg,dataset/person_844/img_08.jpg,0,-0.189990
dataset/person_871/img_03.jpg,dataset/person_1097/img_03.jpg,0,0.053851
dataset/person_412/img_02.jpg,dataset/person_309/img_03.jpg,0,0.014964
dataset/person_861/img_02.jpg,dataset/person_1438/img_01.jpg,0,-0.042914
dataset/person_491/img_03.jpg,dataset/person_1580/img_32.jpg,0,0.108590
dataset/person_491/img_04.jpg,dataset/person_1244/img_07.jpg,0,0.226896
dataset/person_1371/img_06.jpg,dataset/person_871/img_04.jpg,0,0.202782
dataset/person_1490/img_04.jpg,dataset/person_149/img_03.jpg,0,0.045186
dataset/person_713/img_03.jpg,dataset/person_1202/img_03.jpg,0,-0.118950
dataset/person_040/img_02.jpg,dataset/person_111/img_03.jpg,0,-0.076682
dataset/person_930/img_03.jpg,dataset/person_246/img_05.jpg,0,0.032245
dataset/person_309/img_04.jpg,dataset/person_1226/img_10.jpg,0,0.168751
dataset/person_585/img_07.jpg,dataset/person_1022/img_02.jpg,0,0.015691
dataset/person_1097/img_05.jpg,dataset/person_655/img_11.jpg,0,0.071604
dataset/person_1580/img_17.jpg,dataset/person_871/img_02.jpg,0,-0.064949
dataset/person_655/img_09.jpg,dataset/person_149/img_03.jpg,0,-0.039898
dataset/person_1577/img_04.jpg,dataset/person_1170/img_01.jpg,0,0.008935
dataset/person_870/img_03.jpg,dataset/person_710/img_03.jpg,0,-0.045169
dataset/person_1454/img_04.jpg,dataset/person_1326/img_01.jpg,0,0.031977
dataset/person_1355/img_02.jpg,dataset/person_313/img_11.jpg,0,-0.144745
dataset/person_1387/img_04.jpg,dataset/person_043/img_15.jpg,0,-0.270736
dataset/person_861/img_04.jpg,dataset/person_559/img_02.jpg,0,0.137810
dataset/person_909/img_29.jpg,dataset/person_1326/img_04.jpg,0,-0.121145
dataset/person_1191/img_03.jpg,dataset/person_034/img_02.jpg,0,0.052383
dataset/person_040/img_04.jpg,dataset/person_871/img_04.jpg,0,-0.094102
dataset/person_1601/img_09.jpg,dataset/person_354/img_05.jpg,0,-0.073563
dataset/person_1262/img_03.jpg,dataset/person_1588/img_04.jpg,0,0.243918
dataset/person_474/img_07.jpg,dataset/person_367/img_06.jpg,0,-0.030219
dataset/person_1371/img_03.jpg,dataset/person_601/img_03.jpg,0,-0.165257
dataset/person_1653/img_03.jpg,dataset/person_1546/img_02.jpg,0,-0.014667
dataset/person_1439/img_03.jpg,dataset/person_311/img_01.jpg,0,0.103955
dataset/person_559/img_03.jpg,dataset/person_1170/img_02.jpg,0,0.131730
dataset/person_785/img_05.jpg,dataset/person_309/img_02.jpg,0,0.149864
dataset/person_1098/img_05.jpg,dataset/person_935/img_04.jpg,0,0.048691
dataset/person_309/img_01.jpg,dataset/person_1439/img_02.jpg,0,0.074659
dataset/person_661/img_12.jpg,dataset/person_1490/img_06.jpg,0,-0.043791
dataset/person_515/img_02.jpg,dataset/person_313/img_08.jpg,0,-0.007071
dataset/person_1382/img_01.jpg,dataset/person_367/img_04.jpg,0,0.041544
dataset/person_431/img_04.jpg,dataset/person_1658/img_05.jpg,0,0.026941
dataset/person_1653/img_02.jpg,dataset/person_1018/img_01.jpg,0,-0.022357
dataset/person_354/img_05.jpg,dataset/person_1669/img_01.jpg,0,-0.078837
dataset/person_916/img_04.jpg,dataset/person_1490/img_06.jpg,0,-0.031465
dataset/person_1191/img_03.jpg,dataset/person_1018/img_01.jpg,0,-0.040798
dataset/person_661/img_10.jpg,dataset/person_1387/img_03.jpg,0,0.287967
dataset/person_916/img_01.jpg,dataset/person_687/img_04.jpg,0,0.083110
dataset/person_1653/img_02.jpg,dataset/person_601/img_04.jpg,0,0.035873
dataset/person_309/img_03.jpg,dataset/person_585/img_11.jpg,0,-0.073836
dataset/person_1334/img_26.jpg,dataset/person_355/img_05.jpg,0,-0.038135
dataset/person_1588/img_03.jpg,dataset/person_1191/img_01.jpg,0,-0.088586
dataset/person_412/img_03.jpg,dataset/person_065/img_08.jpg,0,-0.196926
dataset/person_776/img_02.jpg,dataset/person_1022/img_07.jpg,0,-0.054895
dataset/person_687/img_02.jpg,dataset/person_1202/img_02.jpg,0,-0.050423
dataset/person_391/img_02.jpg,dataset/person_776/img_03.jpg,0,-0.040074
dataset/person_043/img_32.jpg,dataset/person_519/img_02.jpg,0,0.035283
dataset/person_1486/img_02.jpg,dataset/person_1097/img_04.jpg,0,0.006421
dataset/person_367/img_06.jpg,dataset/person_585/img_13.jpg,0,0.015425
dataset/person_815/img_04.jpg,dataset/person_1588/img_04.jpg,0,-0.125508
dataset/person_1170/img_03.jpg,dataset/person_870/img_02.jpg,0,0.146312
dataset/person_1098/img_03.jpg,dataset/person_1438/img_02.jpg,0,-0.136111
dataset/person_601/img_03.jpg,dataset/person_1653/img_04.jpg,0,0.055503
dataset/person_1097/img_03.jpg,dataset/person_1244/img_13.jpg,0,-0.195121
dataset/person_1302/img_03.jpg,dataset/person_1334/img_21.jpg,0,-0.075455
dataset/person_491/img_03.jpg,dataset/person_1052/img_04.jpg,0,-0.061726
dataset/person_713/img_09.jpg,dataset/person_1098/img_03.jpg,0,0.162890
dataset/person_040/img_01.jpg,dataset/person_909/img_04.jpg,0,-0.085979
dataset/person_547/img_01.jpg,dataset/person_1546/img_02.jpg,0,0.017986
dataset/person_022/img_01.jpg,dataset/person_289/img_01.jpg,0,0.017640
dataset/person_1454/img_03.jpg,dataset/person_1572/img_01.jpg,0,0.155102
dataset/person_804/img_05.jpg,dataset/person_924/img_05.jpg,0,-0.137342
dataset/person_1546/img_01.jpg,dataset/person_871/img_02.jpg,0,0.030388
dataset/person_1262/img_10.jpg,dataset/person_491/img_04.jpg,0,-0.057271
dataset/person_1244/img_07.jpg,dataset/person_309/img_03.jpg,0,0.265461
dataset/person_1098/img_06.jpg,dataset/person_896/img_03.jpg,0,0.225025
dataset/person_391/img_02.jpg,dataset/person_1546/img_04.jpg,0,0.203768
dataset/person_601/img_02.jpg,dataset/person_870/img_02.jpg,0,-0.137963
dataset/person_844/img_01.jpg,dataset/person_1658/img_05.jpg,0,0.103269
dataset/person_049/img_01.jpg,dataset/person_989/img_03.jpg,0,-0.052911
dataset/person_989/img_01.jpg,dataset/person_1411/img_03.jpg,0,0.151968
dataset/person_547/img_02.jpg,dataset/person_1244/img_04.jpg,0,0.016920
dataset/person_235/img_05.jpg,dataset/person_1262/img_03.jpg,0,-0.073997
dataset/person_412/img_03.jpg,dataset/person_935/img_04.jpg,0,0.000359
dataset/person_963/img_09.jpg,dataset/person_527/img_04.jpg,0,-0.055888
dataset/person_783/img_01.jpg,dataset/person_1669/img_01.jpg,0,-0.203825
dataset/person_149/img_03.jpg,dataset/person_1355/img_02.jpg,0,-0.033380
dataset/person_1352/img_08.jpg,dataset/person_844/img_04.jpg,0,-0.033407
dataset/person_785/img_01.jpg,dataset/person_1580/img_23.jpg,0,-0.035199
dataset/person_070/img_04.jpg,dataset/person_935/img_01.jpg,0,0.085208
dataset/person_870/img_01.jpg,dataset/person_287/img_06.jpg,0,0.063686
dataset/person_519/img_09.jpg,dataset/person_1454/img_05.jpg,0,-0.061090
dataset/person_367/img_05.jpg,dataset/person_585/img_17.jpg,0,-0.090341
dataset/person_1577/img_05.jpg,dataset/person_713/img_11.jpg,0,0.019938
dataset/person_1302/img_03.jpg,dataset/person_1396/img_02.jpg,0,0.074514
dataset/person_1669/img_02.jpg,dataset/person_744/img_10.jpg,0,0.248397
dataset/person_474/img_07.jpg,dataset/person_162/img_07.jpg,0,-0.175192
dataset/person_1563/img_04.jpg,dataset/person_1052/img_01.jpg,0,-0.102414
dataset/person_229/img_11.jpg,dataset/person_1101/img_04.jpg,0,0.187060
dataset/person_412/img_03.jpg,dataset/person_1572/img_04.jpg,0,0.026122
dataset/person_783/img_03.jpg,dataset/person_769/img_11.jpg,0,-0.119566
dataset/person_585/img_17.jpg,dataset/person_070/img_07.jpg,0,-0.032414
dataset/person_064/img_01.jpg,dataset/person_1262/img_05.jpg,0,-0.100610
dataset/person_916/img_05.jpg,dataset/person_374/img_05.jpg,0,0.021426
dataset/person_1226/img_06.jpg,dataset/person_515/img_01.jpg,0,-0.060432
dataset/person_309/img_01.jpg,dataset/person_043/img_20.jpg,0,-0.021113
dataset/person_1572/img_03.jpg,dataset/person_1262/img_09.jpg,0,-0.075823
dataset/person_065/img_28.jpg,dataset/person_853/img_17.jpg,0,-0.015647
dataset/person_289/img_02.jpg,dataset/person_870/img_03.jpg,0,-0.239249
dataset/person_547/img_01.jpg,dataset/person_585/img_07.jpg,0,0.186303
dataset/person_1098/img_02.jpg,dataset/person_1680/img_02.jpg,0,-0.163559
dataset/person_655/img_02.jpg,dataset/person_1439/img_02.jpg,0,-0.122014
dataset/person_235/img_05.jpg,dataset/person_1309/img_11.jpg,0,-0.064339
dataset/person_412/img_01.jpg,dataset/person_034/img_04.jpg,0,0.043468
dataset/person_1309/img_12.jpg,dataset/person_924/img_01.jpg,0,-0.017526
dataset/person_963/img_01.jpg,dataset/person_1411/img_02.jpg,0,0.141334
dataset/person_527/img_03.jpg,dataset/person_844/img_03.jpg,0,-0.141217
dataset/person_1572/img_02.jpg,dataset/person_853/img_12.jpg,0,-0.003750
dataset/person_935/img_04.jpg,dataset/person_869/img_01.jpg,0,0.417130
dataset/person_1192/img_10.jpg,dataset/person_1191/img_02.jpg,0,0.024359
dataset/person_431/img_03.jpg,dataset/person_535/img_04.jpg,0,-0.050844
dataset/person_547/img_03.jpg,dataset/person_367/img_02.jpg,0,0.045506
dataset/person_909/img_18.jpg,dataset/person_519/img_07.jpg,0,-0.143185
dataset/person_559/img_04.jpg,dataset/person_034/img_04.jpg,0,-0.164672
dataset/person_1563/img_02.jpg,dataset/person_1387/img_04.jpg,0,-0.012829
dataset/person_1369/img_01.jpg,dataset/person_391/img_04.jpg,0,-0.021315
dataset/person_064/img_04.jpg,dataset/person_585/img_05.jpg,0,-0.058224
dataset/person_527/img_02.jpg,dataset/person_559/img_01.jpg,0,-0.032161
dataset/person_491/img_01.jpg,dataset/person_111/img_02.jpg,0,-0.039021
dataset/person_924/img_04.jpg,dataset/person_785/img_01.jpg,0,0.353128
dataset/person_1244/img_11.jpg,dataset/person_309/img_02.jpg,0,0.124460
dataset/person_710/img_13.jpg,dataset/person_1369/img_03.jpg,0,-0.095440
dataset/person_309/img_03.jpg,dataset/person_1396/img_03.jpg,0,-0.030417
dataset/person_1101/img_01.jpg,dataset/person_744/img_13.jpg,0,-0.033984
dataset/person_853/img_07.jpg,dataset/person_911/img_01.jpg,0,0.206142
dataset/person_354/img_04.jpg,dataset/person_870/img_02.jpg,0,-0.085723
dataset/person_1155/img_01.jpg,dataset/person_287/img_04.jpg,0,-0.020270
dataset/person_219/img_01.jpg,dataset/person_1101/img_02.jpg,0,0.134064
dataset/person_049/img_04.jpg,dataset/person_861/img_03.jpg,0,0.234177
dataset/person_1052/img_01.jpg,dataset/person_744/img_08.jpg,0,-0.088186
dataset/person_1653/img_03.jpg,dataset/person_412/img_04.jpg,0,-0.073679
dataset/person_710/img_15.jpg,dataset/person_1191/img_05.jpg,0,-0.003028
dataset/person_769/img_11.jpg,dataset/person_064/img_02.jpg,0,-0.020354
dataset/person_769/img_06.jpg,dataset/person_1309/img_01.jpg,0,-0.234953
dataset/person_355/img_02.jpg,dataset/person_034/img_03.jpg,0,-0.088653
dataset/person_891/img_02.jpg,dataset/person_1369/img_03.jpg,0,-0.107373
dataset/person_191/img_06.jpg,dataset/person_1302/img_01.jpg,0,-0.112341
dataset/person_1577/img_02.jpg,dataset/person_1563/img_03.jpg,0,-0.075601
dataset/person_246/img_02.jpg,dataset/person_1018/img_02.jpg,0,-0.189003
dataset/person_474/img_06.jpg,dataset/person_1262/img_08.jpg,0,0.148507
dataset/person_043/img_29.jpg,dataset/person_896/img_02.jpg,0,-0.043781
dataset/person_869/img_09.jpg,dataset/person_1355/img_03.jpg,0,-0.227815
dataset/person_354/img_02.jpg,dataset/person_1202/img_03.jpg,0,-0.097226
dataset/person_070/img_06.jpg,dataset/person_111/img_01.jpg,0,-0.027257
dataset/person_1588/img_01.jpg,dataset/person_287/img_05.jpg,0,-0.214763
dataset/person_661/img_12.jpg,dataset/person_1217/img_03.jpg,0,0.052220
dataset/person_1546/img_02.jpg,dataset/person_049/img_01.jpg,0,-0.065516
dataset/person_547/img_01.jpg,dataset/person_1334/img_13.jpg,0,-0.031408
dataset/person_022/img_01.jpg,dataset/person_355/img_07.jpg,0,0.122298
dataset/person_1572/img_05.jpg,dataset/person_769/img_02.jpg,0,0.086589
dataset/person_871/img_01.jpg,dataset/person_1326/img_09.jpg,0,0.068850
dataset/person_1022/img_08.jpg,dataset/person_040/img_04.jpg,0,0.024290
dataset/person_1396/img_04.jpg,dataset/person_547/img_04.jpg,0,0.109541
dataset/person_930/img_02.jpg,dataset/person_711/img_44.jpg,0,0.043652
dataset/person_229/img_09.jpg,dataset/person_412/img_03.jpg,0,-0.055739
dataset/person_491/img_04.jpg,dataset/person_1680/img_02.jpg,0,-0.087841
dataset/person_1680/img_03.jpg,dataset/person_309/img_02.jpg,0,0.171306
dataset/person_1191/img_02.jpg,dataset/person_1396/img_04.jpg,0,0.156928
dataset/person_1369/img_02.jpg,dataset/person_909/img_24.jpg,0,0.073748
dataset/person_710/img_14.jpg,dataset/person_040/img_03.jpg,0,-0.021270
dataset/person_1191/img_04.jpg,dataset/person_064/img_04.jpg,0,-0.198906
dataset/person_601/img_02.jpg,dataset/person_909/img_26.jpg,0,0.016749
dataset/person_1155/img_03.jpg,dataset/person_869/img_04.jpg,0,0.123787
dataset/person_1580/img_27.jpg,dataset/person_1601/img_08.jpg,0,-0.009443
dataset/person_687/img_04.jpg,dataset/person_1669/img_04.jpg,0,-0.214330
dataset/person_191/img_03.jpg,dataset/person_1531/img_06.jpg,0,-0.156228
dataset/person_535/img_02.jpg,dataset/person_1580/img_14.jpg,0,-0.131766
dataset/person_1355/img_02.jpg,dataset/person_1316/img_05.jpg,0,-0.051297
dataset/person_1262/img_10.jpg,dataset/person_896/img_06.jpg,0,-0.010983
dataset/person_924/img_05.jpg,dataset/person_191/img_04.jpg,0,-0.003734
dataset/person_1546/img_03.jpg,dataset/person_515/img_02.jpg,0,-0.039545
dataset/person_1577/img_04.jpg,dataset/person_1191/img_01.jpg,0,-0.162490
dataset/person_311/img_04.jpg,dataset/person_519/img_05.jpg,0,0.042155
dataset/person_924/img_07.jpg,dataset/person_861/img_07.jpg,0,-0.010148
dataset/person_065/img_14.jpg,dataset/person_1302/img_03.jpg,0,0.072041
dataset/person_989/img_04.jpg,dataset/person_287/img_02.jpg,0,0.108472
dataset/person_1658/img_02.jpg,dataset/person_043/img_25.jpg,0,0.087459
dataset/person_355/img_02.jpg,dataset/person_535/img_03.jpg,0,0.047604
dataset/person_711/img_37.jpg,dataset/person_547/img_02.jpg,0,0.147866
dataset/person_515/img_05.jpg,dataset/person_1580/img_13.jpg,0,-0.084353
dataset/person_1192/img_06.jpg,dataset/person_1588/img_04.jpg,0,0.276280
dataset/person_1355/img_02.jpg,dataset/person_896/img_13.jpg,0,-0.000115
dataset/person_989/img_03.jpg,dataset/person_229/img_17.jpg,0,-0.091634
dataset/person_710/img_02.jpg,dataset/person_474/img_02.jpg,0,-0.014113
dataset/person_783/img_01.jpg,dataset/person_1018/img_01.jpg,0,-0.046031
dataset/person_034/img_01.jpg,dataset/person_935/img_03.jpg,0,0.135468
dataset/person_1302/img_02.jpg,dataset/person_711/img_14.jpg,0,-0.236721
dataset/person_1438/img_01.jpg,dataset/person_869/img_06.jpg,0,-0.055758
dataset/person_431/img_03.jpg,dataset/person_930/img_04.jpg,0,-0.167678
dataset/person_194/img_02.jpg,dataset/person_149/img_03.jpg,0,0.003434
dataset/person_1420/img_05.jpg,dataset/person_1098/img_02.jpg,0,-0.032559
dataset/person_924/img_02.jpg,dataset/person_909/img_11.jpg,0,-0.085610
dataset/person_1601/img_09.jpg,dataset/person_1151/img_07.jpg,0,-0.001491
dataset/person_1202/img_04.jpg,dataset/person_354/img_03.jpg,0,-0.161462
dataset/person_559/img_02.jpg,dataset/person_870/img_01.jpg,0,-0.026226
dataset/person_527/img_04.jpg,dataset/person_1191/img_01.jpg,0,-0.203507
dataset/person_713/img_03.jpg,dataset/person_064/img_04.jpg,0,-0.186669
dataset/person_194/img_04.jpg,dataset/person_1563/img_02.jpg,0,-0.088592
dataset/person_769/img_10.jpg,dataset/person_040/img_03.jpg,0,0.166539
dataset/person_989/img_05.jpg,dataset/person_1658/img_05.jpg,0,0.021712
dataset/person_1244/img_01.jpg,dataset/person_1669/img_04.jpg,0,0.056500
dataset/person_535/img_03.jpg,dataset/person_355/img_03.jpg,0,-0.009570
dataset/person_1052/img_03.jpg,dataset/person_911/img_01.jpg,0,0.044653
dataset/person_1226/img_10.jpg,dataset/person_1170/img_03.jpg,0,0.090452
dataset/person_544/img_02.jpg,dataset/person_1577/img_01.jpg,0,0.166103
dataset/person_989/img_02.jpg,dataset/person_785/img_06.jpg,0,0.058785
dataset/person_1454/img_01.jpg,dataset/person_1411/img_03.jpg,0,0.006157
dataset/person_411/img_08.jpg,dataset/person_804/img_01.jpg,0,-0.131881
dataset/person_431/img_05.jpg,dataset/person_916/img_04.jpg,0,0.012417
dataset/person_1217/img_03.jpg,dataset/person_1531/img_04.jpg,0,-0.009326
dataset/person_256/img_05.jpg,dataset/person_1387/img_01.jpg,0,-0.089721
dataset/person_229/img_06.jpg,dataset/person_1439/img_01.jpg,0,-0.118898
dataset/person_519/img_05.jpg,dataset/person_1352/img_05.jpg,0,0.113885
dataset/person_1669/img_03.jpg,dataset/person_1653/img_01.jpg,0,0.335785
dataset/person_1382/img_08.jpg,dataset/person_711/img_43.jpg,0,0.155061
dataset/person_1052/img_01.jpg,dataset/person_1486/img_03.jpg,0,0.054528
dataset/person_896/img_10.jpg,dataset/person_963/img_01.jpg,0,-0.139097
dataset/person_710/img_01.jpg,dataset/person_367/img_03.jpg,0,-0.007049
dataset/person_1563/img_04.jpg,dataset/person_1302/img_04.jpg,0,0.054912
dataset/person_1572/img_03.jpg,dataset/person_049/img_04.jpg,0,-0.164746
dataset/person_1486/img_07.jpg,dataset/person_1531/img_07.jpg,0,0.119053
dataset/person_601/img_02.jpg,dataset/person_149/img_03.jpg,0,0.068241
dataset/person_661/img_09.jpg,dataset/person_1371/img_02.jpg,0,0.019355
dataset/person_229/img_09.jpg,dataset/person_1396/img_01.jpg,0,0.217786
dataset/person_930/img_01.jpg,dataset/person_1669/img_03.jpg,0,0.236501
dataset/person_891/img_01.jpg,dataset/person_256/img_01.jpg,0,-0.041645
dataset/person_815/img_07.jpg,dataset/person_1155/img_01.jpg,0,-0.028485
dataset/person_1355/img_02.jpg,dataset/person_1022/img_06.jpg,0,0.034819
dataset/person_1018/img_05.jpg,dataset/person_1192/img_04.jpg,0,0.126406
dataset/person_776/img_02.jpg,dataset/person_1097/img_01.jpg,0,0.190213
dataset/person_661/img_12.jpg,dataset/person_034/img_03.jpg,0,-0.052313
dataset/person_896/img_10.jpg,dataset/person_930/img_01.jpg,0,-0.002174
dataset/person_1192/img_11.jpg,dataset/person_369/img_04.jpg,0,-0.057146
dataset/person_474/img_06.jpg,dataset/person_896/img_13.jpg,0,0.103392
dataset/person_535/img_01.jpg,dataset/person_1101/img_01.jpg,0,0.141361
dataset/person_601/img_02.jpg,dataset/person_1170/img_01.jpg,0,0.124925
dataset/person_1244/img_03.jpg,dataset/person_1097/img_01.jpg,0,0.055448
dataset/person_1653/img_02.jpg,dataset/person_785/img_02.jpg,0,-0.024286
dataset/person_065/img_06.jpg,dataset/person_655/img_07.jpg,0,0.075968
dataset/person_1454/img_05.jpg,dataset/person_474/img_04.jpg,0,-0.204822
dataset/person_194/img_02.jpg,dataset/person_844/img_08.jpg,0,0.022664
dataset/person_411/img_03.jpg,dataset/person_601/img_04.jpg,0,-0.052081
dataset/person_1396/img_01.jpg,dataset/person_687/img_04.jpg,0,-0.047724
dataset/person_1244/img_01.jpg,dataset/person_246/img_01.jpg,0,0.037890
dataset/person_1226/img_05.jpg,dataset/person_1302/img_02.jpg,0,0.100257
dataset/person_909/img_13.jpg,dataset/person_311/img_01.jpg,0,-0.131605
dataset/person_585/img_03.jpg,dataset/person_744/img_07.jpg,0,-0.199881
dataset/person_1244/img_11.jpg,dataset/person_870/img_02.jpg,0,0.018485
dataset/person_1202/img_03.jpg,dataset/person_1577/img_05.jpg,0,-0.124291
dataset/person_1588/img_03.jpg,dataset/person_246/img_02.jpg,0,0.037506
dataset/person_162/img_06.jpg,dataset/person_1369/img_02.jpg,0,-0.165760
dataset/person_289/img_03.jpg,dataset/person_022/img_03.jpg,0,0.215501
dataset/person_713/img_02.jpg,dataset/person_1202/img_01.jpg,0,-0.014217
dataset/person_1018/img_03.jpg,dataset/person_235/img_06.jpg,0,0.032004
dataset/person_070/img_07.jpg,dataset/person_431/img_04.jpg,0,-0.059696
dataset/person_1052/img_04.jpg,dataset/person_544/img_01.jpg,0,-0.040356
dataset/person_711/img_06.jpg,dataset/person_544/img_03.jpg,0,0.039343
dataset/person_374/img_03.jpg,dataset/person_769/img_11.jpg,0,0.127239
dataset/person_411/img_02.jpg,dataset/person_544/img_03.jpg,0,0.114445
dataset/person_687/img_03.jpg,dataset/person_869/img_08.jpg,0,0.060704
dataset/person_1492/img_31.jpg,dataset/person_711/img_24.jpg,0,0.296255
dataset/person_235/img_04.jpg,dataset/person_1420/img_03.jpg,0,-0.042489
dataset/person_311/img_02.jpg,dataset/person_711/img_15.jpg,0,0.030800
dataset/person_374/img_01.jpg,dataset/person_1217/img_03.jpg,0,-0.034523
dataset/person_1588/img_04.jpg,dataset/person_191/img_03.jpg,0,-0.025807
dataset/person_963/img_07.jpg,dataset/person_785/img_04.jpg,0,0.146314
dataset/person_896/img_08.jpg,dataset/person_924/img_04.jpg,0,0.063840
dataset/person_1192/img_07.jpg,dataset/person_1191/img_04.jpg,0,0.025977
dataset/person_043/img_09.jpg,dataset/person_896/img_13.jpg,0,-0.205107
dataset/person_1439/img_02.jpg,dataset/person_1563/img_04.jpg,0,0.015057
dataset/person_1531/img_07.jpg,dataset/person_034/img_02.jpg,0,-0.000489
dataset/person_1192/img_03.jpg,dataset/person_374/img_02.jpg,0,0.101515
dataset/person_1098/img_04.jpg,dataset/person_040/img_04.jpg,0,-0.093136
dataset/person_1192/img_06.jpg,dataset/person_1382/img_04.jpg,0,-0.117464
dataset/person_040/img_04.jpg,dataset/person_235/img_02.jpg,0,0.234103
dataset/person_1420/img_05.jpg,dataset/person_861/img_05.jpg,0,0.202073
dataset/person_1334/img_16.jpg,dataset/person_1262/img_10.jpg,0,0.179655
dataset/person_661/img_07.jpg,dataset/person_235/img_04.jpg,0,0.054088
dataset/person_871/img_04.jpg,dataset/person_1202/img_01.jpg,0,0.147310
dataset/person_1492/img_05.jpg,dataset/person_1101/img_03.jpg,0,-0.000075
dataset/person_601/img_03.jpg,dataset/person_219/img_02.jpg,0,-0.012101
dataset/person_1352/img_08.jpg,dataset/person_287/img_02.jpg,0,-0.015452
dataset/person_1601/img_01.jpg,dataset/person_229/img_10.jpg,0,0.082113
dataset/person_474/img_06.jpg,dataset/person_1202/img_03.jpg,0,-0.028357
dataset/person_547/img_04.jpg,dataset/person_431/img_05.jpg,0,0.155553
dataset/person_1151/img_03.jpg,dataset/person_391/img_03.jpg,0,-0.044240
dataset/person_149/img_03.jpg,dataset/person_661/img_13.jpg,0,-0.095454
dataset/person_559/img_02.jpg,dataset/person_891/img_03.jpg,0,-0.156520
dataset/person_355/img_01.jpg,dataset/person_194/img_01.jpg,0,0.029495
dataset/person_1669/img_04.jpg,dataset/person_1546/img_02.jpg,0,-0.097863
dataset/person_1309/img_12.jpg,dataset/person_1454/img_02.jpg,0,0.097993
dataset/person_930/img_03.jpg,dataset/person_896/img_11.jpg,0,0.199447
dataset/person_935/img_04.jpg,dataset/person_924/img_07.jpg,0,0.073696
dataset/person_1387/img_03.jpg,dataset/person_354/img_05.jpg,0,0.056121
dataset/person_785/img_06.jpg,dataset/person_1486/img_04.jpg,0,0.003285
dataset/person_924/img_03.jpg,dataset/person_1155/img_02.jpg,0,-0.138303
dataset/person_601/img_02.jpg,dataset/person_374/img_02.jpg,0,-0.143654
dataset/person_229/img_16.jpg,dataset/person_355/img_01.jpg,0,0.113834
dataset/person_1439/img_01.jpg,dataset/person_256/img_04.jpg,0,-0.016502
dataset/person_713/img_10.jpg,dataset/person_1191/img_03.jpg,0,-0.009228
dataset/person_1052/img_04.jpg,dataset/person_289/img_04.jpg,0,-0.060580
dataset/person_411/img_12.jpg,dataset/person_924/img_03.jpg,0,0.110303
dataset/person_1018/img_04.jpg,dataset/person_1669/img_02.jpg,0,0.057266
dataset/person_785/img_03.jpg,dataset/person_769/img_03.jpg,0,-0.076696
dataset/person_1531/img_01.jpg,dataset/person_870/img_04.jpg,0,-0.202077
dataset/person_1355/img_01.jpg,dataset/person_1326/img_06.jpg,0,0.062339
dataset/person_1492/img_31.jpg,dataset/person_853/img_18.jpg,0,0.070888
dataset/person_1191/img_03.jpg,dataset/person_783/img_03.jpg,0,0.149800
dataset/person_229/img_18.jpg,dataset/person_1439/img_02.jpg,0,-0.012410
dataset/person_853/img_07.jpg,dataset/person_815/img_05.jpg,0,-0.009930
dataset/person_411/img_05.jpg,dataset/person_1151/img_01.jpg,0,0.272632
dataset/person_710/img_07.jpg,dataset/person_911/img_05.jpg,0,-0.006120
dataset/person_804/img_03.jpg,dataset/person_246/img_02.jpg,0,-0.176099
dataset/person_785/img_04.jpg,dataset/person_1563/img_01.jpg,0,0.026400
dataset/person_1420/img_02.jpg,dataset/person_1371/img_02.jpg,0,0.095258
dataset/person_1411/img_01.jpg,dataset/person_043/img_27.jpg,0,0.126355
dataset/person_1052/img_04.jpg,dataset/person_1546/img_02.jpg,0,-0.093474
dataset/person_1669/img_04.jpg,dataset/person_474/img_03.jpg,0,0.043019
dataset/person_391/img_03.jpg,dataset/person_1658/img_01.jpg,0,-0.030845
dataset/person_989/img_04.jpg,dataset/person_1387/img_03.jpg,0,0.125371
dataset/person_1302/img_05.jpg,dataset/person_601/img_04.jpg,0,-0.072930
dataset/person_1396/img_02.jpg,dataset/person_1202/img_03.jpg,0,0.082436
dataset/person_040/img_01.jpg,dataset/person_1151/img_06.jpg,0,-0.025853
dataset/person_313/img_06.jpg,dataset/person_219/img_02.jpg,0,0.010824
dataset/person_1439/img_04.jpg,dataset/person_861/img_01.jpg,0,-0.020445
dataset/person_474/img_06.jpg,dataset/person_1653/img_04.jpg,0,0.207559
dataset/person_1226/img_10.jpg,dataset/person_1454/img_01.jpg,0,-0.165455
dataset/person_515/img_03.jpg,dataset/person_1396/img_01.jpg,0,0.002510
dataset/person_911/img_01.jpg,dataset/person_256/img_02.jpg,0,0.028697
dataset/person_235/img_01.jpg,dataset/person_1018/img_02.jpg,0,0.040628
dataset/person_1192/img_09.jpg,dataset/person_1101/img_02.jpg,0,0.091195
dataset/person_655/img_02.jpg,dataset/person_1352/img_06.jpg,0,0.020203
dataset/person_1492/img_06.jpg,dataset/person_149/img_04.jpg,0,-0.207879
dataset/person_149/img_01.jpg,dataset/person_713/img_08.jpg,0,-0.150127
dataset/person_1580/img_04.jpg,dataset/person_311/img_04.jpg,0,0.038110
dataset/person_515/img_04.jpg,dataset/person_785/img_06.jpg,0,0.077845
dataset/person_1192/img_02.jpg,dataset/person_313/img_04.jpg,0,-0.039908
dataset/person_1669/img_01.jpg,dataset/person_1202/img_03.jpg,0,0.072953
dataset/person_1334/img_02.jpg,dataset/person_1352/img_01.jpg,0,-0.001574
dataset/person_065/img_15.jpg,dataset/person_515/img_04.jpg,0,-0.085261
dataset/person_064/img_02.jpg,dataset/person_1326/img_03.jpg,0,0.089640
dataset/person_896/img_09.jpg,dataset/person_1170/img_03.jpg,0,0.119923
dataset/person_1454/img_04.jpg,dataset/person_1572/img_01.jpg,0,0.073403
dataset/person_256/img_03.jpg,dataset/person_744/img_16.jpg,0,0.003024
dataset/person_043/img_27.jpg,dataset/person_535/img_01.jpg,0,-0.050505
dataset/person_064/img_01.jpg,dataset/person_1302/img_02.jpg,0,0.065945
dataset/person_1334/img_16.jpg,dataset/person_369/img_01.jpg,0,-0.111774
dataset/person_1490/img_01.jpg,dataset/person_585/img_19.jpg,0,-0.052972
dataset/person_909/img_11.jpg,dataset/person_1546/img_04.jpg,0,-0.075458
dataset/person_1316/img_05.jpg,dataset/person_1192/img_01.jpg,0,0.134615
dataset/person_935/img_03.jpg,dataset/person_474/img_05.jpg,0,-0.100914
dataset/person_354/img_05.jpg,dataset/person_1546/img_04.jpg,0,-0.059390
dataset/person_1202/img_02.jpg,dataset/person_861/img_05.jpg,0,0.074530
dataset/person_1486/img_06.jpg,dataset/person_1302/img_03.jpg,0,-0.088787
dataset/person_1577/img_03.jpg,dataset/person_1151/img_08.jpg,0,-0.130518
dataset/person_043/img_39.jpg,dataset/person_1669/img_04.jpg,0,0.067985
dataset/person_1309/img_02.jpg,dataset/person_1244/img_02.jpg,0,-0.043890
dataset/person_1572/img_01.jpg,dataset/person_804/img_06.jpg,0,0.008752
dataset/person_989/img_02.jpg,dataset/person_896/img_04.jpg,0,-0.048367
dataset/person_744/img_10.jpg,dataset/person_355/img_07.jpg,0,0.099567
dataset/person_559/img_02.jpg,dataset/person_544/img_03.jpg,0,0.051914
dataset/person_1531/img_01.jpg,dataset/person_191/img_06.jpg,0,-0.177793
dataset/person_474/img_05.jpg,dataset/person_1334/img_07.jpg,0,0.299613
dataset/person_256/img_03.jpg,dataset/person_043/img_01.jpg,0,0.032090
dataset/person_1316/img_02.jpg,dataset/person_861/img_06.jpg,0,0.141176
dataset/person_1309/img_12.jpg,dataset/person_235/img_04.jpg,0,0.031276
dataset/person_661/img_08.jpg,dataset/person_1454/img_04.jpg,0,0.267394
dataset/person_411/img_03.jpg,dataset/person_713/img_08.jpg,0,-0.237184
dataset/person_219/img_03.jpg,dataset/person_354/img_02.jpg,0,0.002584
dataset/person_1022/img_02.jpg,dataset/person_412/img_01.jpg,0,-0.072937
dataset/person_871/img_01.jpg,dataset/person_043/img_01.jpg,0,-0.028209
dataset/person_1387/img_01.jpg,dataset/person_989/img_03.jpg,0,-0.110240
dataset/person_1658/img_05.jpg,dataset/person_1563/img_02.jpg,0,0.077971
dataset/person_1098/img_03.jpg,dataset/person_065/img_14.jpg,0,-0.064299
dataset/person_515/img_04.jpg,dataset/person_1262/img_06.jpg,0,-0.064417
dataset/person_1022/img_07.jpg,dataset/person_1387/img_01.jpg,0,-0.127052
dataset/person_1420/img_01.jpg,dataset/person_769/img_02.jpg,0,0.141002
dataset/person_1420/img_03.jpg,dataset/person_1191/img_04.jpg,0,-0.084219
dataset/person_989/img_02.jpg,dataset/person_911/img_01.jpg,0,0.143483
dataset/person_935/img_01.jpg,dataset/person_491/img_04.jpg,0,0.164564
dataset/person_1226/img_02.jpg,dataset/person_034/img_01.jpg,0,-0.076816
dataset/person_661/img_08.jpg,dataset/person_1352/img_05.jpg,0,0.078464
dataset/person_1382/img_08.jpg,dataset/person_040/img_01.jpg,0,-0.105627
dataset/person_687/img_02.jpg,dataset/person_559/img_02.jpg,0,0.044377
dataset/person_1018/img_06.jpg,dataset/person_1577/img_04.jpg,0,-0.083928
dataset/person_043/img_32.jpg,dataset/person_049/img_04.jpg,0,0.100995
dataset/person_861/img_07.jpg,dataset/person_191/img_02.jpg,0,0.164804
dataset/person_034/img_01.jpg,dataset/person_367/img_06.jpg,0,0.051060
dataset/person_1018/img_03.jpg,dataset/person_769/img_05.jpg,0,0.038866
dataset/person_661/img_04.jpg,dataset/person_219/img_03.jpg,0,0.013671
dataset/person_043/img_18.jpg,dataset/person_535/img_02.jpg,0,0.050925
dataset/person_1352/img_08.jpg,dataset/person_559/img_01.jpg,0,0.159731
dataset/person_519/img_07.jpg,dataset/person_064/img_04.jpg,0,-0.065628
dataset/person_785/img_06.jpg,dataset/person_1334/img_24.jpg,0,0.239215
dataset/person_065/img_24.jpg,dataset/person_1396/img_01.jpg,0,-0.043240
dataset/person_391/img_04.jpg,dataset/person_1546/img_04.jpg,0,0.056666
dataset/person_311/img_03.jpg,dataset/person_1202/img_03.jpg,0,0.059156
dataset/person_661/img_09.jpg,dataset/person_313/img_03.jpg,0,-0.034260
dataset/person_1454/img_03.jpg,dataset/person_710/img_14.jpg,0,0.155317
dataset/person_1226/img_07.jpg,dataset/person_369/img_03.jpg,0,0.219981
dataset/person_191/img_03.jpg,dataset/person_1490/img_02.jpg,0,-0.173344
dataset/person_844/img_08.jpg,dataset/person_544/img_04.jpg,0,0.049568
dataset/person_1531/img_02.jpg,dataset/person_1653/img_03.jpg,0,-0.082306
dataset/person_911/img_03.jpg,dataset/person_1170/img_03.jpg,0,0.017671
dataset/person_515/img_04.jpg,dataset/person_191/img_05.jpg,0,-0.134081
dataset/person_891/img_02.jpg,dataset/person_547/img_01.jpg,0,-0.102466
dataset/person_149/img_02.jpg,dataset/person_246/img_05.jpg,0,-0.042285
dataset/person_149/img_02.jpg,dataset/person_311/img_02.jpg,0,-0.016880
dataset/person_844/img_04.jpg,dataset/person_785/img_07.jpg,0,-0.058543
dataset/person_559/img_01.jpg,dataset/person_1577/img_04.jpg,0,-0.292181
dataset/person_909/img_03.jpg,dataset/person_111/img_01.jpg,0,-0.043796
dataset/person_367/img_03.jpg,dataset/person_022/img_05.jpg,0,-0.017830
dataset/person_535/img_02.jpg,dataset/person_1217/img_03.jpg,0,-0.038990
dataset/person_229/img_11.jpg,dataset/person_111/img_03.jpg,0,-0.024884
dataset/person_313/img_07.jpg,dataset/person_989/img_05.jpg,0,0.110136
dataset/person_527/img_04.jpg,dataset/person_844/img_04.jpg,0,-0.123343
dataset/person_367/img_06.jpg,dataset/person_1490/img_04.jpg,0,-0.089934
dataset/person_559/img_01.jpg,dataset/person_713/img_04.jpg,0,-0.030257
dataset/person_491/img_04.jpg,dataset/person_515/img_02.jpg,0,-0.059036
dataset/person_861/img_04.jpg,dataset/person_559/img_01.jpg,0,0.041341
dataset/person_916/img_05.jpg,dataset/person_785/img_07.jpg,0,-0.169477
dataset/person_1101/img_02.jpg,dataset/person_235/img_01.jpg,0,0.078736
dataset/person_559/img_02.jpg,dataset/person_1438/img_04.jpg,0,-0.108290
dataset/person_1420/img_02.jpg,dataset/person_853/img_18.jpg,0,-0.040530
dataset/person_491/img_02.jpg,dataset/person_1098/img_01.jpg,0,0.008963
dataset/person_040/img_03.jpg,dataset/person_043/img_08.jpg,0,-0.024260
dataset/person_1309/img_13.jpg,dataset/person_1244/img_03.jpg,0,-0.049956
dataset/person_1018/img_04.jpg,dataset/person_1369/img_01.jpg,0,-0.083354
dataset/person_162/img_07.jpg,dataset/person_1492/img_01.jpg,0,-0.012359
dataset/person_585/img_10.jpg,dataset/person_391/img_03.jpg,0,0.023920
dataset/person_1572/img_02.jpg,dataset/person_1546/img_03.jpg,0,0.005626
dataset/person_162/img_08.jpg,dataset/person_431/img_05.jpg,0,-0.101418
dataset/person_374/img_06.jpg,dataset/person_064/img_04.jpg,0,-0.132626
dataset/person_049/img_03.jpg,dataset/person_235/img_03.jpg,0,-0.128169
dataset/person_043/img_31.jpg,dataset/person_1369/img_04.jpg,0,0.007530
dataset/person_713/img_02.jpg,dataset/person_309/img_04.jpg,0,-0.073596
dataset/person_559/img_05.jpg,dataset/person_374/img_03.jpg,0,0.037440
dataset/person_547/img_01.jpg,dataset/person_229/img_13.jpg,0,0.126345
dataset/person_049/img_01.jpg,dataset/person_229/img_16.jpg,0,-0.012946
dataset/person_1369/img_01.jpg,dataset/person_311/img_01.jpg,0,-0.059727
dataset/person_1355/img_01.jpg,dataset/person_661/img_08.jpg,0,0.000435
dataset/person_1563/img_03.jpg,dataset/person_711/img_16.jpg,0,-0.123382
dataset/person_411/img_01.jpg,dataset/person_194/img_03.jpg,0,0.021435
dataset/person_1438/img_04.jpg,dataset/person_313/img_04.jpg,0,-0.077776
dataset/person_412/img_01.jpg,dataset/person_1588/img_01.jpg,0,-0.096191
dataset/person_547/img_01.jpg,dataset/person_1155/img_04.jpg,0,-0.109312
dataset/person_1018/img_02.jpg,dataset/person_246/img_04.jpg,0,-0.100595
dataset/person_1387/img_05.jpg,dataset/person_585/img_13.jpg,0,0.007233
dataset/person_804/img_05.jpg,dataset/person_963/img_01.jpg,0,0.022422
dataset/person_1369/img_01.jpg,dataset/person_369/img_05.jpg,0,-0.051914
dataset/person_229/img_15.jpg,dataset/person_1226/img_05.jpg,0,0.037530
dataset/person_871/img_01.jpg,dataset/person_1202/img_03.jpg,0,-0.058592
dataset/person_391/img_04.jpg,dataset/person_1486/img_02.jpg,0,0.006865
dataset/person_547/img_01.jpg,dataset/person_1192/img_04.jpg,0,-0.046421
dataset/person_219/img_02.jpg,dataset/person_229/img_01.jpg,0,0.017167
dataset/person_1572/img_02.jpg,dataset/person_776/img_07.jpg,0,0.089309
dataset/person_064/img_02.jpg,dataset/person_1420/img_02.jpg,0,0.160100
dataset/person_149/img_05.jpg,dataset/person_891/img_04.jpg,0,-0.084810
dataset/person_1334/img_15.jpg,dataset/person_655/img_13.jpg,0,0.114451
dataset/person_585/img_04.jpg,dataset/person_930/img_01.jpg,0,-0.138933
dataset/person_1217/img_02.jpg,dataset/person_1170/img_01.jpg,0,0.009481
dataset/person_1658/img_03.jpg,dataset/person_235/img_06.jpg,0,0.019534
dataset/person_1653/img_03.jpg,dataset/person_040/img_01.jpg,0,0.028674
dataset/person_1601/img_01.jpg,dataset/person_194/img_03.jpg,0,-0.050873
dataset/person_1653/img_04.jpg,dataset/person_354/img_01.jpg,0,-0.055370
dataset/person_1018/img_03.jpg,dataset/person_1097/img_03.jpg,0,0.070514
dataset/person_194/img_02.jpg,dataset/person_1580/img_09.jpg,0,-0.046843
dataset/person_1151/img_03.jpg,dataset/person_043/img_06.jpg,0,-0.041394
dataset/person_367/img_06.jpg,dataset/person_1244/img_07.jpg,0,0.165022
dataset/person_1669/img_03.jpg,dataset/person_527/img_05.jpg,0,-0.105652
dataset/person_1371/img_01.jpg,dataset/person_219/img_02.jpg,0,-0.114519
dataset/person_369/img_01.jpg,dataset/person_1588/img_01.jpg,0,-0.026037
dataset/person_1334/img_05.jpg,dataset/person_1302/img_03.jpg,0,-0.043617
dataset/person_1170/img_04.jpg,dataset/person_711/img_01.jpg,0,-0.145556
dataset/person_1546/img_05.jpg,dataset/person_070/img_07.jpg,0,0.016248
dataset/person_034/img_05.jpg,dataset/person_111/img_03.jpg,0,0.226643
dataset/person_369/img_01.jpg,dataset/person_289/img_03.jpg,0,-0.004221
dataset/person_909/img_09.jpg,dataset/person_815/img_03.jpg,0,0.131511
dataset/person_935/img_04.jpg,dataset/person_1355/img_02.jpg,0,-0.090479
dataset/person_1262/img_08.jpg,dataset/person_527/img_04.jpg,0,0.165242
dataset/person_219/img_01.jpg,dataset/person_1316/img_02.jpg,0,0.113567
dataset/person_1572/img_05.jpg,dataset/person_313/img_02.jpg,0,0.127505
dataset/person_1191/img_02.jpg,dataset/person_535/img_02.jpg,0,0.023764
dataset/person_891/img_01.jpg,dataset/person_744/img_16.jpg,0,0.168905
dataset/person_256/img_05.jpg,dataset/person_1022/img_03.jpg,0,-0.096509
dataset/person_1355/img_04.jpg,dataset/person_474/img_06.jpg,0,-0.063236
dataset/person_1326/img_05.jpg,dataset/person_853/img_14.jpg,0,-0.109778
dataset/person_070/img_04.jpg,dataset/person_713/img_01.jpg,0,-0.019774
dataset/person_896/img_13.jpg,dataset/person_1454/img_04.jpg,0,-0.065744
dataset/person_043/img_24.jpg,dataset/person_1262/img_07.jpg,0,0.338403
dataset/person_1669/img_02.jpg,dataset/person_411/img_12.jpg,0,-0.080369
dataset/person_930/img_04.jpg,dataset/person_1155/img_04.jpg,0,-0.144490
dataset/person_515/img_02.jpg,dataset/person_896/img_04.jpg,0,0.061120
dataset/person_391/img_03.jpg,dataset/person_287/img_04.jpg,0,-0.001093
dataset/person_769/img_07.jpg,dataset/person_1022/img_01.jpg,0,-0.021725
dataset/person_1601/img_09.jpg,dataset/person_1018/img_01.jpg,0,0.011748
dataset/person_601/img_02.jpg,dataset/person_916/img_01.jpg,0,-0.199460
dataset/person_1546/img_04.jpg,dataset/person_1387/img_03.jpg,0,0.004497
dataset/person_191/img_03.jpg,dataset/person_519/img_05.jpg,0,-0.092920
dataset/person_869/img_06.jpg,dataset/person_309/img_03.jpg,0,0.125109
dataset/person_871/img_04.jpg,dataset/person_194/img_04.jpg,0,0.058670
dataset/person_713/img_12.jpg,dataset/person_896/img_10.jpg,0,0.041705
dataset/person_559/img_05.jpg,dataset/person_354/img_05.jpg,0,0.101514
dataset/person_527/img_05.jpg,dataset/person_783/img_02.jpg,0,0.206035
dataset/person_194/img_01.jpg,dataset/person_149/img_04.jpg,0,0.046642
dataset/person_149/img_05.jpg,dataset/person_309/img_05.jpg,0,-0.006632
dataset/person_474/img_05.jpg,dataset/person_1018/img_06.jpg,0,-0.079294
dataset/person_1382/img_05.jpg,dataset/person_989/img_03.jpg,0,-0.020825
dataset/person_391/img_02.jpg,dataset/person_256/img_03.jpg,0,0.102384
dataset/person_963/img_06.jpg,dataset/person_924/img_02.jpg,0,0.014928
dataset/person_355/img_03.jpg,dataset/person_1262/img_05.jpg,0,-0.240380
dataset/person_1262/img_06.jpg,dataset/person_853/img_17.jpg,0,-0.171239
dataset/person_544/img_03.jpg,dataset/person_1588/img_03.jpg,0,0.141823
dataset/person_391/img_02.jpg,dataset/person_162/img_03.jpg,0,-0.004989
dataset/person_804/img_06.jpg,dataset/person_769/img_05.jpg,0,-0.105216
dataset/person_1262/img_06.jpg,dataset/person_547/img_03.jpg,0,-0.119688
dataset/person_1309/img_08.jpg,dataset/person_804/img_05.jpg,0,-0.039493
dataset/person_287/img_01.jpg,dataset/person_1226/img_05.jpg,0,-0.131698
dataset/person_491/img_02.jpg,dataset/person_1355/img_03.jpg,0,0.215281
dataset/person_1244/img_16.jpg,dataset/person_911/img_03.jpg,0,-0.026125
dataset/person_1355/img_04.jpg,dataset/person_1577/img_03.jpg,0,0.128262
dataset/person_989/img_04.jpg,dataset/person_355/img_05.jpg,0,0.057125
dataset/person_149/img_03.jpg,dataset/person_1191/img_05.jpg,0,0.127906
dataset/person_1022/img_02.jpg,dataset/person_1369/img_04.jpg,0,0.411514
dataset/person_844/img_07.jpg,dataset/person_313/img_01.jpg,0,0.202212
dataset/person_1018/img_03.jpg,dataset/person_1262/img_08.jpg,0,0.048080
dataset/person_1680/img_03.jpg,dataset/person_989/img_05.jpg,0,-0.057588
dataset/person_355/img_02.jpg,dataset/person_1601/img_05.jpg,0,-0.149511
dataset/person_065/img_32.jpg,dataset/person_162/img_02.jpg,0,0.092763
dataset/person_194/img_04.jpg,dataset/person_1653/img_03.jpg,0,0.127797
dataset/person_1151/img_03.jpg,dataset/person_1170/img_01.jpg,0,-0.052730
dataset/person_1531/img_01.jpg,dataset/person_744/img_02.jpg,0,-0.051023
dataset/person_870/img_03.jpg,dataset/person_1018/img_01.jpg,0,-0.064841
dataset/person_313/img_05.jpg,dataset/person_309/img_02.jpg,0,0.157147
dataset/person_783/img_06.jpg,dataset/person_1098/img_06.jpg,0,-0.029404
dataset/person_162/img_01.jpg,dataset/person_1309/img_11.jpg,0,0.002572
dataset/person_355/img_01.jpg,dataset/person_070/img_01.jpg,0,-0.052963
dataset/person_149/img_03.jpg,dataset/person_431/img_03.jpg,0,-0.096786
dataset/person_1653/img_02.jpg,dataset/person_1352/img_04.jpg,0,-0.134196
dataset/person_431/img_05.jpg,dataset/person_411/img_13.jpg,0,-0.125001
dataset/person_1382/img_06.jpg,dataset/person_963/img_04.jpg,0,0.106348
dataset/person_1192/img_09.jpg,dataset/person_040/img_03.jpg,0,0.003849
dataset/person_744/img_06.jpg,dataset/person_1326/img_07.jpg,0,-0.041693
dataset/person_1309/img_10.jpg,dataset/person_311/img_01.jpg,0,0.092678
dataset/person_1202/img_03.jpg,dataset/person_1097/img_04.jpg,0,0.042223
dataset/person_1151/img_04.jpg,dataset/person_1098/img_04.jpg,0,-0.004693
dataset/person_1326/img_08.jpg,dataset/person_1352/img_03.jpg,0,-0.004361
dataset/person_916/img_02.jpg,dataset/person_1226/img_05.jpg,0,-0.098091
dataset/person_1101/img_02.jpg,dataset/person_022/img_03.jpg,0,-0.004631
dataset/person_1653/img_04.jpg,dataset/person_369/img_04.jpg,0,0.080674
dataset/person_1316/img_01.jpg,dataset/person_1334/img_03.jpg,0,-0.143606
dataset/person_1588/img_04.jpg,dataset/person_655/img_08.jpg,0,0.178848
dataset/person_1192/img_07.jpg,dataset/person_710/img_13.jpg,0,-0.137678
dataset/person_040/img_03.jpg,dataset/person_311/img_02.jpg,0,0.086068
dataset/person_909/img_32.jpg,dataset/person_544/img_04.jpg,0,0.207063
dataset/person_785/img_05.jpg,dataset/person_909/img_22.jpg,0,0.029291
dataset/person_1454/img_04.jpg,dataset/person_040/img_04.jpg,0,0.114179
dataset/person_869/img_04.jpg,dataset/person_1658/img_03.jpg,0,-0.124165
dataset/person_1191/img_01.jpg,dataset/person_601/img_04.jpg,0,-0.144107
dataset/person_1217/img_04.jpg,dataset/person_783/img_02.jpg,0,-0.167672
dataset/person_1316/img_03.jpg,dataset/person_1439/img_04.jpg,0,0.157372
dataset/person_1387/img_03.jpg,dataset/person_1355/img_02.jpg,0,0.197750
dataset/person_1563/img_04.jpg,dataset/person_391/img_01.jpg,0,-0.028692
dataset/person_547/img_02.jpg,dataset/person_989/img_01.jpg,0,0.059204
dataset/person_1669/img_01.jpg,dataset/person_655/img_07.jpg,0,0.087180
dataset/person_367/img_03.jpg,dataset/person_1490/img_04.jpg,0,-0.199482
dataset/person_040/img_04.jpg,dataset/person_229/img_15.jpg,0,-0.006159
dataset/person_930/img_01.jpg,dataset/person_162/img_07.jpg,0,-0.078031
dataset/person_1369/img_02.jpg,dataset/person_1490/img_03.jpg,0,-0.046081
dataset/person_1531/img_05.jpg,dataset/person_930/img_04.jpg,0,0.066820
dataset/person_1202/img_02.jpg,dataset/person_1217/img_02.jpg,0,0.064901
dataset/person_870/img_04.jpg,dataset/person_049/img_03.jpg,0,0.097780
dataset/person_065/img_15.jpg,dataset/person_744/img_03.jpg,0,0.102094
dataset/person_601/img_02.jpg,dataset/person_935/img_01.jpg,0,-0.044519
dataset/person_412/img_05.jpg,dataset/person_585/img_02.jpg,0,-0.107172
dataset/person_1369/img_03.jpg,dataset/person_1052/img_04.jpg,0,0.077990
dataset/person_1192/img_03.jpg,dataset/person_1411/img_04.jpg,0,0.115153
dataset/person_1387/img_02.jpg,dataset/person_896/img_04.jpg,0,-0.161926
dataset/person_1588/img_02.jpg,dataset/person_1438/img_01.jpg,0,-0.050290
dataset/person_1334/img_03.jpg,dataset/person_896/img_10.jpg,0,-0.018065
dataset/person_065/img_12.jpg,dataset/person_367/img_03.jpg,0,-0.095538
dataset/person_313/img_07.jpg,dataset/person_194/img_02.jpg,0,-0.011423
dataset/person_1352/img_04.jpg,dataset/person_040/img_01.jpg,0,0.119712
dataset/person_1018/img_01.jpg,dataset/person_769/img_05.jpg,0,0.032114
dataset/person_844/img_03.jpg,dataset/person_783/img_05.jpg,0,-0.033106
dataset/person_1151/img_08.jpg,dataset/person_776/img_06.jpg,0,-0.109615
dataset/person_661/img_03.jpg,dataset/person_1226/img_09.jpg,0,0.010735
dataset/person_989/img_02.jpg,dataset/person_1244/img_01.jpg,0,0.037139
dataset/person_1454/img_02.jpg,dataset/person_871/img_03.jpg,0,0.067751
dataset/person_256/img_01.jpg,dataset/person_844/img_01.jpg,0,0.108989
dataset/person_1577/img_02.jpg,dataset/person_1170/img_01.jpg,0,0.006610
dataset/person_194/img_02.jpg,dataset/person_1192/img_04.jpg,0,-0.113396
dataset/person_891/img_03.jpg,dataset/person_411/img_10.jpg,0,0.052632
dataset/person_783/img_04.jpg,dataset/person_1387/img_02.jpg,0,-0.196892
dataset/person_1680/img_01.jpg,dataset/person_1226/img_04.jpg,0,-0.069961
dataset/person_1202/img_01.jpg,dataset/person_491/img_01.jpg,0,-0.024989
dataset/person_1563/img_01.jpg,dataset/person_1170/img_03.jpg,0,0.057176
dataset/person_1680/img_04.jpg,dataset/person_289/img_04.jpg,0,0.034864
dataset/person_313/img_07.jpg,dataset/person_311/img_04.jpg,0,0.239236
dataset/person_515/img_03.jpg,dataset/person_287/img_05.jpg,0,-0.146345
dataset/person_367/img_07.jpg,dataset/person_655/img_12.jpg,0,0.270969
dataset/person_1580/img_17.jpg,dataset/person_713/img_09.jpg,0,0.148326
dataset/person_989/img_02.jpg,dataset/person_1588/img_04.jpg,0,0.112662
dataset/person_1155/img_01.jpg,dataset/person_815/img_02.jpg,0,-0.180533
dataset/person_1022/img_06.jpg,dataset/person_391/img_03.jpg,0,-0.085892
dataset/person_111/img_04.jpg,dataset/person_411/img_07.jpg,0,-0.080809
dataset/person_1563/img_03.jpg,dataset/person_1420/img_01.jpg,0,0.040318
dataset/person_1439/img_02.jpg,dataset/person_229/img_01.jpg,0,-0.144093
dataset/person_1316/img_02.jpg,dataset/person_1653/img_04.jpg,0,-0.127224
dataset/person_891/img_02.jpg,dataset/person_374/img_06.jpg,0,-0.108576
dataset/person_785/img_04.jpg,dataset/person_1420/img_02.jpg,0,0.059647
dataset/person_1191/img_02.jpg,dataset/person_040/img_04.jpg,0,-0.113610
dataset/person_1369/img_04.jpg,dataset/person_229/img_15.jpg,0,-0.142579
dataset/person_655/img_06.jpg,dataset/person_191/img_02.jpg,0,-0.006675
dataset/person_191/img_04.jpg,dataset/person_1155/img_01.jpg,0,-0.179838
dataset/person_1355/img_01.jpg,dataset/person_1191/img_03.jpg,0,-0.009135
dataset/person_1546/img_03.jpg,dataset/person_065/img_30.jpg,0,-0.045919
dataset/person_930/img_04.jpg,dataset/person_1572/img_01.jpg,0,0.057865
dataset/person_391/img_03.jpg,dataset/person_1411/img_05.jpg,0,0.183191
dataset/person_1018/img_03.jpg,dataset/person_1492/img_13.jpg,0,0.086289
dataset/person_1438/img_02.jpg,dataset/person_963/img_01.jpg,0,-0.078219
dataset/person_1098/img_06.jpg,dataset/person_1191/img_05.jpg,0,0.003830
dataset/person_1382/img_01.jpg,dataset/person_070/img_05.jpg,0,0.001217
dataset/person_1316/img_05.jpg,dataset/person_474/img_06.jpg,0,-0.083728
dataset/person_043/img_26.jpg,dataset/person_1669/img_03.jpg,0,0.255716
dataset/person_804/img_04.jpg,dataset/person_412/img_03.jpg,0,0.110862
dataset/person_431/img_03.jpg,dataset/person_1454/img_03.jpg,0,0.200351
dataset/person_065/img_34.jpg,dataset/person_804/img_05.jpg,0,0.178181
dataset/person_1151/img_08.jpg,dataset/person_911/img_04.jpg,0,-0.073670
dataset/person_1653/img_01.jpg,dataset/person_744/img_18.jpg,0,0.197941
dataset/person_687/img_01.jpg,dataset/person_711/img_10.jpg,0,-0.026326
dataset/person_989/img_04.jpg,dataset/person_853/img_11.jpg,0,0.059465
dataset/person_527/img_04.jpg,dataset/person_655/img_12.jpg,0,0.062600
dataset/person_661/img_05.jpg,dataset/person_491/img_02.jpg,0,0.075475
dataset/person_1191/img_02.jpg,dataset/person_744/img_03.jpg,0,-0.041005
dataset/person_1326/img_01.jpg,dataset/person_064/img_03.jpg,0,-0.131271
dataset/person_034/img_02.jpg,dataset/person_1170/img_04.jpg,0,-0.035366
dataset/person_355/img_04.jpg,dataset/person_1262/img_03.jpg,0,-0.014333
dataset/person_162/img_05.jpg,dataset/person_313/img_04.jpg,0,-0.021659
dataset/person_022/img_02.jpg,dataset/person_1018/img_01.jpg,0,-0.166042
dataset/person_1371/img_04.jpg,dataset/person_687/img_01.jpg,0,0.045016
dataset/person_1326/img_03.jpg,dataset/person_191/img_06.jpg,0,0.065994
dataset/person_235/img_01.jpg,dataset/person_111/img_04.jpg,0,0.066352
dataset/person_815/img_03.jpg,dataset/person_924/img_05.jpg,0,-0.007126
dataset/person_687/img_04.jpg,dataset/person_1546/img_03.jpg,0,0.163881
dataset/person_367/img_05.jpg,dataset/person_354/img_03.jpg,0,0.196725
dataset/person_474/img_06.jpg,dataset/person_535/img_02.jpg,0,0.131829
dataset/person_535/img_03.jpg,dataset/person_547/img_02.jpg,0,0.027147
dataset/person_1326/img_01.jpg,dataset/person_844/img_07.jpg,0,0.160853
dataset/person_219/img_03.jpg,dataset/person_1382/img_05.jpg,0,-0.109896
dataset/person_235/img_04.jpg,dataset/person_661/img_01.jpg,0,-0.021791
dataset/person_374/img_03.jpg,dataset/person_1420/img_01.jpg,0,-0.071732
dataset/person_853/img_18.jpg,dataset/person_1191/img_02.jpg,0,0.042383
dataset/person_870/img_02.jpg,dataset/person_783/img_02.jpg,0,-0.032044
dataset/person_191/img_02.jpg,dataset/person_924/img_01.jpg,0,-0.106457
dataset/person_585/img_17.jpg,dataset/person_311/img_03.jpg,0,-0.038539
dataset/person_1588/img_04.jpg,dataset/person_711/img_27.jpg,0,-0.046437
dataset/person_355/img_03.jpg,dataset/person_1486/img_02.jpg,0,-0.089088
dataset/person_1355/img_04.jpg,dataset/person_1202/img_01.jpg,0,0.073026
dataset/person_776/img_01.jpg,dataset/person_1439/img_04.jpg,0,-0.107528
dataset/person_1580/img_28.jpg,dataset/person_844/img_03.jpg,0,-0.014282
dataset/person_1546/img_03.jpg,dataset/person_1151/img_04.jpg,0,-0.015551
dataset/person_229/img_16.jpg,dataset/person_909/img_26.jpg,0,-0.119102
dataset/person_374/img_04.jpg,dataset/person_1316/img_04.jpg,0,0.074548
dataset/person_870/img_03.jpg,dataset/person_1352/img_04.jpg,0,-0.059050
dataset/person_412/img_02.jpg,dataset/person_804/img_03.jpg,0,-0.113183
dataset/person_1202/img_03.jpg,dataset/person_391/img_04.jpg,0,-0.211488
dataset/person_871/img_01.jpg,dataset/person_1052/img_01.jpg,0,0.293974
dataset/person_1052/img_01.jpg,dataset/person_785/img_02.jpg,0,-0.162099
dataset/person_311/img_04.jpg,dataset/person_162/img_02.jpg,0,0.140704
dataset/person_989/img_02.jpg,dataset/person_785/img_01.jpg,0,0.117791
dataset/person_022/img_02.jpg,dataset/person_194/img_01.jpg,0,-0.075910
dataset/person_1170/img_03.jpg,dataset/person_1411/img_06.jpg,0,0.028490
dataset/person_547/img_03.jpg,dataset/person_935/img_01.jpg,0,-0.047416
dataset/person_064/img_03.jpg,dataset/person_1217/img_03.jpg,0,0.084945
dataset/person_1098/img_05.jpg,dataset/person_049/img_01.jpg,0,-0.004248
dataset/person_064/img_01.jpg,dataset/person_412/img_02.jpg,0,-0.112624
dataset/person_785/img_04.jpg,dataset/person_1217/img_04.jpg,0,-0.051245
dataset/person_1101/img_03.jpg,dataset/person_1382/img_02.jpg,0,-0.044884
dataset/person_861/img_05.jpg,dataset/person_412/img_02.jpg,0,-0.018481
dataset/person_1018/img_05.jpg,dataset/person_191/img_03.jpg,0,-0.201357
dataset/person_1202/img_01.jpg,dataset/person_515/img_04.jpg,0,0.002194
dataset/person_411/img_12.jpg,dataset/person_1326/img_05.jpg,0,0.173865
dataset/person_049/img_03.jpg,dataset/person_1577/img_02.jpg,0,0.085724
dataset/person_559/img_04.jpg,dataset/person_194/img_03.jpg,0,0.012240
dataset/person_256/img_03.jpg,dataset/person_1438/img_04.jpg,0,0.107901
dataset/person_1601/img_04.jpg,dataset/person_815/img_07.jpg,0,-0.104613
dataset/person_870/img_03.jpg,dataset/person_1438/img_02.jpg,0,-0.169047
dataset/person_1352/img_03.jpg,dataset/person_191/img_06.jpg,0,0.005378
dataset/person_1192/img_02.jpg,dataset/person_049/img_01.jpg,0,0.146311
dataset/person_374/img_01.jpg,dataset/person_909/img_10.jpg,0,0.183769
dataset/person_1101/img_02.jpg,dataset/person_1669/img_02.jpg,0,-0.086667
dataset/person_661/img_05.jpg,dataset/person_1022/img_06.jpg,0,-0.022894
dataset/person_559/img_05.jpg,dataset/person_1439/img_02.jpg,0,-0.117869
dataset/person_655/img_07.jpg,dataset/person_219/img_04.jpg,0,0.071610
dataset/person_1151/img_05.jpg,dataset/person_989/img_02.jpg,0,-0.074778
dataset/person_916/img_01.jpg,dataset/person_194/img_03.jpg,0,0.097405
dataset/person_1202/img_02.jpg,dataset/person_1577/img_03.jpg,0,-0.093771
dataset/person_1018/img_01.jpg,dataset/person_065/img_17.jpg,0,-0.037213
dataset/person_1572/img_04.jpg,dataset/person_1244/img_15.jpg,0,0.061406
dataset/person_527/img_03.jpg,dataset/person_1577/img_04.jpg,0,0.154752
dataset/person_1170/img_03.jpg,dataset/person_844/img_07.jpg,0,0.009713
dataset/person_527/img_05.jpg,dataset/person_1439/img_02.jpg,0,-0.127281
dataset/person_022/img_02.jpg,dataset/person_896/img_05.jpg,0,0.200886
dataset/person_1601/img_08.jpg,dataset/person_1097/img_03.jpg,0,0.110284
dataset/person_1191/img_02.jpg,dataset/person_064/img_02.jpg,0,-0.144730
dataset/person_256/img_04.jpg,dataset/person_411/img_05.jpg,0,0.076632
dataset/person_930/img_02.jpg,dataset/person_1302/img_04.jpg,0,0.105541
dataset/person_049/img_01.jpg,dataset/person_769/img_11.jpg,0,0.006036
dataset/person_1531/img_06.jpg,dataset/person_655/img_13.jpg,0,0.204687
dataset/person_412/img_03.jpg,dataset/person_1546/img_01.jpg,0,0.022746
dataset/person_1101/img_02.jpg,dataset/person_219/img_02.jpg,0,0.020894
dataset/person_1191/img_05.jpg,dataset/person_1486/img_05.jpg,0,-0.027432
dataset/person_289/img_02.jpg,dataset/person_1577/img_04.jpg,0,0.024088
dataset/person_769/img_01.jpg,dataset/person_687/img_04.jpg,0,0.006872
dataset/person_661/img_09.jpg,dataset/person_374/img_03.jpg,0,0.059054
dataset/person_309/img_04.jpg,dataset/person_713/img_01.jpg,0,0.095164
dataset/person_1396/img_01.jpg,dataset/person_1486/img_07.jpg,0,0.146910
dataset/person_374/img_01.jpg,dataset/person_474/img_08.jpg,0,-0.106653
dataset/person_861/img_07.jpg,dataset/person_909/img_30.jpg,0,-0.080105
dataset/person_935/img_02.jpg,dataset/person_911/img_03.jpg,0,0.451467
dataset/person_861/img_04.jpg,dataset/person_374/img_04.jpg,0,0.035465
dataset/person_1371/img_06.jpg,dataset/person_1420/img_01.jpg,0,0.017586
dataset/person_844/img_05.jpg,dataset/person_1334/img_13.jpg,0,0.048062
dataset/person_1371/img_05.jpg,dataset/person_022/img_02.jpg,0,0.185503
dataset/person_064/img_04.jpg,dataset/person_1326/img_04.jpg,0,-0.091521
dataset/person_1577/img_04.jpg,dataset/person_022/img_01.jpg,0,0.031779
dataset/person_1022/img_05.jpg,dataset/person_804/img_05.jpg,0,0.024103
dataset/person_844/img_07.jpg,dataset/person_924/img_01.jpg,0,-0.115366
dataset/person_246/img_03.jpg,dataset/person_896/img_13.jpg,0,0.067707
dataset/person_391/img_01.jpg,dataset/person_527/img_04.jpg,0,0.055737
dataset/person_369/img_05.jpg,dataset/person_1316/img_05.jpg,0,0.001283
dataset/person_1396/img_01.jpg,dataset/person_776/img_04.jpg,0,0.008955
dataset/person_963/img_09.jpg,dataset/person_1572/img_03.jpg,0,0.041334
dataset/person_1226/img_04.jpg,dataset/person_311/img_01.jpg,0,0.010403
dataset/person_547/img_01.jpg,dataset/person_162/img_06.jpg,0,-0.015108
dataset/person_515/img_04.jpg,dataset/person_1355/img_01.jpg,0,-0.121251
dataset/person_1098/img_06.jpg,dataset/person_1155/img_03.jpg,0,-0.065084
dataset/person_1217/img_03.jpg,dataset/person_527/img_03.jpg,0,0.031339
dataset/person_1601/img_07.jpg,dataset/person_1202/img_02.jpg,0,0.046165
dataset/person_687/img_03.jpg,dataset/person_1202/img_01.jpg,0,0.076307
dataset/person_744/img_10.jpg,dataset/person_989/img_03.jpg,0,-0.221481
dataset/person_311/img_01.jpg,dataset/person_559/img_01.jpg,0,-0.102190
dataset/person_1192/img_02.jpg,dataset/person_896/img_14.jpg,0,-0.294093
dataset/person_989/img_02.jpg,dataset/person_022/img_01.jpg,0,-0.072056
dataset/person_776/img_05.jpg,dataset/person_769/img_03.jpg,0,-0.045579
dataset/person_111/img_04.jpg,dataset/person_744/img_11.jpg,0,-0.013161
dataset/person_1151/img_08.jpg,dataset/person_246/img_05.jpg,0,-0.037337
dataset/person_1151/img_05.jpg,dataset/person_219/img_01.jpg,0,0.057359
dataset/person_1492/img_06.jpg,dataset/person_783/img_03.jpg,0,0.117975
dataset/person_1226/img_04.jpg,dataset/person_1572/img_05.jpg,0,0.078410
dataset/person_1369/img_01.jpg,dataset/person_661/img_10.jpg,0,-0.024267
dataset/person_804/img_07.jpg,dataset/person_785/img_01.jpg,0,0.027184
dataset/person_1018/img_02.jpg,dataset/person_1202/img_03.jpg,0,0.010665
dataset/person_1202/img_02.jpg,dataset/person_287/img_04.jpg,0,0.116360
dataset/person_963/img_06.jpg,dataset/person_713/img_01.jpg,0,-0.026381
dataset/person_149/img_04.jpg,dataset/person_871/img_04.jpg,0,-0.107953
dataset/person_1101/img_04.jpg,dataset/person_815/img_02.jpg,0,0.028297
dataset/person_1217/img_04.jpg,dataset/person_1262/img_10.jpg,0,-0.155162
dataset/person_711/img_05.jpg,dataset/person_585/img_08.jpg,0,-0.085072
dataset/person_861/img_08.jpg,dataset/person_527/img_05.jpg,0,0.051540
dataset/person_769/img_07.jpg,dataset/person_1680/img_03.jpg,0,-0.094443
dataset/person_515/img_02.jpg,dataset/person_1546/img_01.jpg,0,-0.011370
dataset/person_049/img_02.jpg,dataset/person_1669/img_01.jpg,0,-0.135783
dataset/person_367/img_01.jpg,dataset/person_1492/img_24.jpg,0,0.037761
dataset/person_519/img_07.jpg,dataset/person_149/img_01.jpg,0,-0.158635
dataset/person_1439/img_04.jpg,dataset/person_891/img_01.jpg,0,-0.044266
dataset/person_1170/img_01.jpg,dataset/person_869/img_09.jpg,0,0.079894
dataset/person_354/img_01.jpg,dataset/person_769/img_10.jpg,0,-0.043057
dataset/person_1170/img_04.jpg,dataset/person_194/img_03.jpg,0,0.098760
dataset/person_1151/img_01.jpg,dataset/person_431/img_03.jpg,0,-0.024324
dataset/person_1355/img_04.jpg,dataset/person_1438/img_03.jpg,0,0.326757
dataset/person_049/img_01.jpg,dataset/person_871/img_01.jpg,0,0.244087
dataset/person_1420/img_02.jpg,dataset/person_535/img_03.jpg,0,0.105347
dataset/person_844/img_03.jpg,dataset/person_1563/img_03.jpg,0,-0.027738
dataset/person_149/img_04.jpg,dataset/person_870/img_01.jpg,0,-0.052125
dataset/person_289/img_01.jpg,dataset/person_1531/img_08.jpg,0,0.039372
dataset/person_1438/img_03.jpg,dataset/person_710/img_14.jpg,0,-0.067817
dataset/person_040/img_03.jpg,dataset/person_043/img_21.jpg,0,0.026432
dataset/person_1244/img_03.jpg,dataset/person_655/img_03.jpg,0,-0.028538
dataset/person_989/img_05.jpg,dataset/person_289/img_01.jpg,0,0.066126
dataset/person_1531/img_02.jpg,dataset/person_111/img_03.jpg,0,0.099445
dataset/person_769/img_06.jpg,dataset/person_1486/img_02.jpg,0,-0.150804
dataset/person_1244/img_07.jpg,dataset/person_367/img_05.jpg,0,0.214995
dataset/person_804/img_02.jpg,dataset/person_1052/img_01.jpg,0,-0.130780
dataset/person_1387/img_05.jpg,dataset/person_1438/img_01.jpg,0,-0.030245
dataset/person_815/img_05.jpg,dataset/person_655/img_10.jpg,0,-0.076188
dataset/person_896/img_09.jpg,dataset/person_559/img_03.jpg,0,0.105837
dataset/person_930/img_03.jpg,dataset/person_313/img_02.jpg,0,0.139875
dataset/person_916/img_01.jpg,dataset/person_1580/img_20.jpg,0,-0.016290
dataset/person_935/img_04.jpg,dataset/person_909/img_06.jpg,0,-0.290820
dataset/person_527/img_03.jpg,dataset/person_1486/img_01.jpg,0,0.068411
dataset/person_1170/img_01.jpg,dataset/person_1018/img_05.jpg,0,-0.034981
dataset/person_022/img_04.jpg,dataset/person_1101/img_01.jpg,0,-0.158873
dataset/person_194/img_03.jpg,dataset/person_815/img_04.jpg,0,0.061377
dataset/person_311/img_03.jpg,dataset/person_1101/img_02.jpg,0,0.029059
dataset/person_374/img_02.jpg,dataset/person_354/img_01.jpg,0,0.107024
dataset/person_1486/img_03.jpg,dataset/person_1217/img_01.jpg,0,-0.018347
dataset/person_474/img_01.jpg,dataset/person_815/img_04.jpg,0,-0.167497
dataset/person_1316/img_02.jpg,dataset/person_687/img_02.jpg,0,0.140845
dataset/person_710/img_17.jpg,dataset/person_853/img_08.jpg,0,0.096319
dataset/person_1588/img_03.jpg,dataset/person_022/img_05.jpg,0,0.243360
dataset/person_785/img_07.jpg,dataset/person_687/img_02.jpg,0,-0.033425
dataset/person_235/img_02.jpg,dataset/person_313/img_01.jpg,0,0.062892
dataset/person_853/img_10.jpg,dataset/person_289/img_03.jpg,0,0.071496
dataset/person_1170/img_04.jpg,dataset/person_1580/img_19.jpg,0,0.080171
dataset/person_1382/img_02.jpg,dataset/person_1355/img_04.jpg,0,0.138634
dataset/person_1369/img_04.jpg,dataset/person_515/img_01.jpg,0,-0.145738
dataset/person_111/img_02.jpg,dataset/person_1580/img_17.jpg,0,0.090442
dataset/person_559/img_05.jpg,dataset/person_1155/img_02.jpg,0,-0.034048
dataset/person_844/img_02.jpg,dataset/person_515/img_02.jpg,0,-0.089224
dataset/person_1155/img_01.jpg,dataset/person_655/img_04.jpg,0,-0.060797
dataset/person_1355/img_01.jpg,dataset/person_711/img_47.jpg,0,0.010787
dataset/person_1022/img_07.jpg,dataset/person_547/img_02.jpg,0,0.215207
dataset/person_1316/img_01.jpg,dataset/person_1387/img_05.jpg,0,-0.053472
dataset/person_022/img_02.jpg,dataset/person_519/img_02.jpg,0,-0.005370
dataset/person_861/img_01.jpg,dataset/person_585/img_14.jpg,0,0.270551
dataset/person_1101/img_02.jpg,dataset/person_149/img_04.jpg,0,-0.073735
dataset/person_1191/img_01.jpg,dataset/person_661/img_14.jpg,0,0.020495
dataset/person_1546/img_04.jpg,dataset/person_1454/img_04.jpg,0,-0.060713
dataset/person_527/img_03.jpg,dataset/person_287/img_04.jpg,0,-0.108546
dataset/person_527/img_02.jpg,dataset/person_1302/img_02.jpg,0,-0.007960
dataset/person_1572/img_02.jpg,dataset/person_1492/img_16.jpg,0,0.206760
dataset/person_229/img_14.jpg,dataset/person_1387/img_01.jpg,0,0.025305
dataset/person_1369/img_04.jpg,dataset/person_022/img_04.jpg,0,0.075226
dataset/person_1202/img_01.jpg,dataset/person_070/img_06.jpg,0,0.124894
dataset/person_1680/img_03.jpg,dataset/person_289/img_02.jpg,0,-0.224734
dataset/person_1588/img_03.jpg,dataset/person_111/img_02.jpg,0,-0.168847
dataset/person_1396/img_02.jpg,dataset/person_1387/img_04.jpg,0,0.149507
dataset/person_769/img_08.jpg,dataset/person_034/img_05.jpg,0,-0.154008
dataset/person_1018/img_04.jpg,dataset/person_374/img_03.jpg,0,-0.193653
dataset/person_1420/img_02.jpg,dataset/person_515/img_04.jpg,0,0.108468
dataset/person_1302/img_03.jpg,dataset/person_559/img_04.jpg,0,0.058550
dataset/person_1572/img_02.jpg,dataset/person_1382/img_08.jpg,0,-0.010759
dataset/person_1326/img_03.jpg,dataset/person_1658/img_01.jpg,0,0.118350
dataset/person_776/img_08.jpg,dataset/person_1352/img_07.jpg,0,0.157949
dataset/person_1326/img_09.jpg,dataset/person_313/img_11.jpg,0,0.201072
dataset/person_989/img_01.jpg,dataset/person_1191/img_03.jpg,0,0.108525
dataset/person_661/img_09.jpg,dataset/person_1546/img_03.jpg,0,-0.100655
dataset/person_559/img_03.jpg,dataset/person_1098/img_06.jpg,0,-0.094200
dataset/person_287/img_03.jpg,dataset/person_804/img_06.jpg,0,-0.044696
dataset/person_1580/img_05.jpg,dataset/person_040/img_01.jpg,0,0.140610
dataset/person_1352/img_05.jpg,dataset/person_924/img_03.jpg,0,0.134754
dataset/person_815/img_07.jpg,dataset/person_1355/img_02.jpg,0,0.090744
dataset/person_474/img_01.jpg,dataset/person_235/img_02.jpg,0,0.032933
dataset/person_040/img_04.jpg,dataset/person_1454/img_05.jpg,0,0.211108
dataset/person_149/img_04.jpg,dataset/person_022/img_02.jpg,0,-0.120350
dataset/person_1244/img_10.jpg,dataset/person_1101/img_04.jpg,0,0.043246
dataset/person_1369/img_03.jpg,dataset/person_585/img_19.jpg,0,-0.011518
dataset/person_1302/img_04.jpg,dataset/person_474/img_06.jpg,0,-0.012744
dataset/person_1098/img_04.jpg,dataset/person_1563/img_02.jpg,0,-0.017482
dataset/person_911/img_03.jpg,dataset/person_1355/img_01.jpg,0,-0.122331
dataset/person_871/img_03.jpg,dataset/person_149/img_04.jpg,0,-0.100239
dataset/person_744/img_18.jpg,dataset/person_1352/img_06.jpg,0,-0.108514
dataset/person_235/img_04.jpg,dataset/person_1334/img_18.jpg,0,-0.235548
dataset/person_040/img_01.jpg,dataset/person_559/img_01.jpg,0,0.100561
dataset/person_355/img_02.jpg,dataset/person_916/img_02.jpg,0,0.144203
dataset/person_1588/img_01.jpg,dataset/person_891/img_02.jpg,0,-0.017596
dataset/person_191/img_05.jpg,dataset/person_1588/img_01.jpg,0,0.033930
dataset/person_1101/img_04.jpg,dataset/person_547/img_02.jpg,0,0.071911
dataset/person_1326/img_04.jpg,dataset/person_710/img_07.jpg,0,0.225822
dataset/person_1546/img_01.jpg,dataset/person_1098/img_03.jpg,0,-0.173722
dataset/person_034/img_05.jpg,dataset/person_935/img_04.jpg,0,-0.056103
dataset/person_1151/img_08.jpg,dataset/person_1387/img_02.jpg,0,0.068108
dataset/person_1097/img_02.jpg,dataset/person_149/img_05.jpg,0,0.168088
dataset/person_1151/img_05.jpg,dataset/person_1097/img_05.jpg,0,0.015508
dataset/person_309/img_02.jpg,dataset/person_711/img_03.jpg,0,0.207609
dataset/person_194/img_03.jpg,dataset/person_559/img_05.jpg,0,0.009293
dataset/person_1217/img_01.jpg,dataset/person_527/img_04.jpg,0,-0.229236
dataset/person_844/img_07.jpg,dataset/person_1316/img_03.jpg,0,-0.169223
dataset/person_1098/img_05.jpg,dataset/person_1097/img_05.jpg,0,0.062323
dataset/person_1334/img_19.jpg,dataset/person_963/img_05.jpg,0,0.021516
dataset/person_022/img_03.jpg,dataset/person_162/img_06.jpg,0,-0.074829
dataset/person_713/img_09.jpg,dataset/person_1669/img_02.jpg,0,-0.057076
dataset/person_043/img_07.jpg,dataset/person_710/img_01.jpg,0,-0.035445
dataset/person_535/img_02.jpg,dataset/person_1387/img_02.jpg,0,0.016459
dataset/person_853/img_08.jpg,dataset/person_1202/img_01.jpg,0,0.007866
dataset/person_687/img_02.jpg,dataset/person_1226/img_04.jpg,0,-0.011381
dataset/person_1302/img_03.jpg,dataset/person_1155/img_04.jpg,0,0.011320
dataset/person_070/img_04.jpg,dataset/person_527/img_02.jpg,0,0.015152
dataset/person_431/img_01.jpg,dataset/person_1170/img_01.jpg,0,0.066610
dataset/person_661/img_12.jpg,dataset/person_930/img_02.jpg,0,0.151610
dataset/person_1531/img_05.jpg,dataset/person_474/img_07.jpg,0,-0.018869
dataset/person_1192/img_02.jpg,dataset/person_559/img_02.jpg,0,-0.131025
dataset/person_194/img_01.jpg,dataset/person_1563/img_02.jpg,0,-0.008685
dataset/person_1546/img_05.jpg,dataset/person_049/img_02.jpg,0,-0.103707
dataset/person_547/img_04.jpg,dataset/person_869/img_02.jpg,0,0.027240
dataset/person_1052/img_02.jpg,dataset/person_744/img_07.jpg,0,0.084933
dataset/person_1022/img_07.jpg,dataset/person_1192/img_02.jpg,0,0.064577
dataset/person_1653/img_02.jpg,dataset/person_1334/img_09.jpg,0,-0.120561
dataset/person_655/img_12.jpg,dataset/person_287/img_05.jpg,0,0.146507
dataset/person_911/img_05.jpg,dataset/person_544/img_03.jpg,0,0.057750
dataset/person_911/img_02.jpg,dataset/person_1669/img_02.jpg,0,-0.156873
dataset/person_1669/img_02.jpg,dataset/person_162/img_08.jpg,0,-0.028483
dataset/person_1387/img_03.jpg,dataset/person_1439/img_02.jpg,0,-0.078909
dataset/person_963/img_01.jpg,dataset/person_687/img_02.jpg,0,-0.122808
dataset/person_1580/img_25.jpg,dataset/person_1411/img_05.jpg,0,-0.072225
dataset/person_191/img_01.jpg,dataset/person_963/img_02.jpg,0,-0.068956
dataset/person_785/img_02.jpg,dataset/person_559/img_01.jpg,0,0.088281
dataset/person_1334/img_23.jpg,dataset/person_710/img_04.jpg,0,-0.129519
dataset/person_354/img_04.jpg,dataset/person_219/img_02.jpg,0,-0.016619
dataset/person_065/img_12.jpg,dataset/person_287/img_05.jpg,0,-0.107842
dataset/person_909/img_09.jpg,dataset/person_1334/img_08.jpg,0,0.313599
dataset/person_930/img_01.jpg,dataset/person_065/img_16.jpg,0,-0.088074
dataset/person_309/img_01.jpg,dataset/person_313/img_06.jpg,0,0.009137
dataset/person_289/img_01.jpg,dataset/person_309/img_03.jpg,0,0.173411
dataset/person_1371/img_05.jpg,dataset/person_1486/img_03.jpg,0,0.023265
dataset/person_853/img_02.jpg,dataset/person_1226/img_07.jpg,0,-0.093905
dataset/person_229/img_07.jpg,dataset/person_870/img_02.jpg,0,0.241530
dataset/person_804/img_02.jpg,dataset/person_785/img_06.jpg,0,0.058240
dataset/person_491/img_05.jpg,dataset/person_1097/img_02.jpg,0,0.169331
dataset/person_431/img_01.jpg,dataset/person_1658/img_04.jpg,0,-0.039497
dataset/person_661/img_09.jpg,dataset/person_491/img_01.jpg,0,0.063691
dataset/person_710/img_11.jpg,dataset/person_744/img_15.jpg,0,0.116921
dataset/person_1217/img_03.jpg,dataset/person_547/img_03.jpg,0,-0.054049
dataset/person_043/img_01.jpg,dataset/person_049/img_01.jpg,0,0.116961
dataset/person_776/img_01.jpg,dataset/person_535/img_01.jpg,0,0.059169
dataset/person_1052/img_02.jpg,dataset/person_1454/img_05.jpg,0,0.055360
dataset/person_1052/img_02.jpg,dataset/person_559/img_04.jpg,0,-0.079292
dataset/person_815/img_04.jpg,dataset/person_1098/img_05.jpg,0,0.148988
dataset/person_515/img_01.jpg,dataset/person_1546/img_06.jpg,0,0.169364
dataset/person_711/img_02.jpg,dataset/person_411/img_12.jpg,0,-0.048399
dataset/person_1192/img_06.jpg,dataset/person_1492/img_25.jpg,0,-0.152957
dataset/person_544/img_03.jpg,dataset/person_111/img_03.jpg,0,-0.119989
dataset/person_1371/img_01.jpg,dataset/person_1202/img_02.jpg,0,-0.017366
dataset/person_391/img_04.jpg,dataset/person_535/img_03.jpg,0,-0.244161
dataset/person_229/img_03.jpg,dataset/person_287/img_02.jpg,0,0.052091
dataset/person_1226/img_05.jpg,dataset/person_853/img_17.jpg,0,-0.051636
dataset/person_431/img_01.jpg,dataset/person_783/img_03.jpg,0,0.097546
dataset/person_1563/img_01.jpg,dataset/person_194/img_04.jpg,0,-0.055041
dataset/person_191/img_01.jpg,dataset/person_043/img_39.jpg,0,-0.055414
dataset/person_065/img_17.jpg,dataset/person_022/img_02.jpg,0,-0.064520
dataset/person_1563/img_03.jpg,dataset/person_1490/img_01.jpg,0,-0.099593
dataset/person_1531/img_09.jpg,dataset/person_661/img_05.jpg,0,0.018337
dataset/person_289/img_04.jpg,dataset/person_1192/img_07.jpg,0,-0.015390
dataset/person_355/img_02.jpg,dataset/person_1151/img_07.jpg,0,0.394069
dataset/person_1192/img_05.jpg,dataset/person_804/img_05.jpg,0,-0.062902
dataset/person_1334/img_12.jpg,dataset/person_1454/img_01.jpg,0,-0.138894
dataset/person_1531/img_03.jpg,dataset/person_1438/img_04.jpg,0,0.104246
dataset/person_687/img_01.jpg,dataset/person_064/img_04.jpg,0,-0.012382
dataset/person_065/img_14.jpg,dataset/person_1588/img_02.jpg,0,-0.123810
dataset/person_1588/img_04.jpg,dataset/person_411/img_10.jpg,0,0.096883
dataset/person_1492/img_02.jpg,dataset/person_783/img_07.jpg,0,-0.112090
dataset/person_431/img_05.jpg,dataset/person_776/img_03.jpg,0,0.140511
dataset/person_1155/img_01.jpg,dataset/person_1018/img_03.jpg,0,-0.107242
dataset/person_804/img_01.jpg,dataset/person_065/img_26.jpg,0,0.142836
dataset/person_1369/img_01.jpg,dataset/person_861/img_01.jpg,0,-0.134086
dataset/person_1371/img_06.jpg,dataset/person_474/img_05.jpg,0,-0.066140
dataset/person_871/img_02.jpg,dataset/person_515/img_05.jpg,0,-0.101442
dataset/person_194/img_02.jpg,dataset/person_235/img_05.jpg,0,0.109299
dataset/person_1262/img_04.jpg,dataset/person_1563/img_01.jpg,0,-0.091993
dataset/person_1580/img_16.jpg,dataset/person_1382/img_03.jpg,0,0.145271
dataset/person_544/img_02.jpg,dataset/person_1018/img_06.jpg,0,0.125546
dataset/person_1580/img_19.jpg,dataset/person_431/img_02.jpg,0,-0.092142
dataset/person_287/img_06.jpg,dataset/person_367/img_06.jpg,0,0.094510
dataset/person_535/img_03.jpg,dataset/person_687/img_04.jpg,0,0.094809
dataset/person_1420/img_01.jpg,dataset/person_1202/img_02.jpg,0,0.023826
dataset/person_909/img_09.jpg,dataset/person_1601/img_06.jpg,0,0.251595
dataset/person_661/img_09.jpg,dataset/person_870/img_04.jpg,0,-0.109184
dataset/person_1316/img_03.jpg,dataset/person_1101/img_03.jpg,0,0.029688
dataset/person_1052/img_01.jpg,dataset/person_191/img_04.jpg,0,-0.153855
dataset/person_1411/img_04.jpg,dataset/person_474/img_03.jpg,0,0.166026
dataset/person_1492/img_24.jpg,dataset/person_713/img_05.jpg,0,0.074182
dataset/person_891/img_01.jpg,dataset/person_896/img_03.jpg,0,0.130305
dataset/person_1580/img_15.jpg,dataset/person_783/img_06.jpg,0,0.067268
dataset/person_544/img_03.jpg,dataset/person_1546/img_05.jpg,0,0.110389
dataset/person_547/img_03.jpg,dataset/person_1244/img_07.jpg,0,0.343099
dataset/person_891/img_01.jpg,dataset/person_930/img_01.jpg,0,-0.146562
dataset/person_194/img_03.jpg,dataset/person_1563/img_04.jpg,0,0.001999
dataset/person_785/img_07.jpg,dataset/person_1387/img_03.jpg,0,-0.025231
dataset/person_256/img_05.jpg,dataset/person_367/img_05.jpg,0,0.112165
dataset/person_935/img_02.jpg,dataset/person_040/img_01.jpg,0,0.004865
dataset/person_1546/img_05.jpg,dataset/person_1352/img_03.jpg,0,-0.014539
dataset/person_861/img_06.jpg,dataset/person_1387/img_02.jpg,0,0.122403
dataset/person_191/img_06.jpg,dataset/person_412/img_01.jpg,0,-0.022084
dataset/person_544/img_03.jpg,dataset/person_559/img_01.jpg,0,0.064508
dataset/person_1411/img_06.jpg,dataset/person_547/img_01.jpg,0,0.023174
dataset/person_871/img_02.jpg,dataset/person_1411/img_02.jpg,0,-0.040184
dataset/person_935/img_02.jpg,dataset/person_1316/img_03.jpg,0,0.094356
dataset/person_1262/img_09.jpg,dataset/person_861/img_05.jpg,0,0.126480
dataset/person_374/img_06.jpg,dataset/person_1439/img_01.jpg,0,0.131153
dataset/person_1577/img_02.jpg,dataset/person_687/img_02.jpg,0,0.250300
dataset/person_815/img_01.jpg,dataset/person_1101/img_01.jpg,0,0.023424
dataset/person_655/img_08.jpg,dataset/person_391/img_04.jpg,0,-0.014444
dataset/person_661/img_13.jpg,dataset/person_909/img_08.jpg,0,0.087406
dataset/person_311/img_02.jpg,dataset/person_065/img_16.jpg,0,-0.105061
dataset/person_374/img_06.jpg,dataset/person_1097/img_02.jpg,0,0.130040
dataset/person_235/img_02.jpg,dataset/person_1316/img_04.jpg,0,0.145376
dataset/person_515/img_02.jpg,dataset/person_1454/img_01.jpg,0,0.029881
dataset/person_909/img_03.jpg,dataset/person_1588/img_01.jpg,0,0.290526
dataset/person_1052/img_04.jpg,dataset/person_935/img_03.jpg,0,0.033165
dataset/person_1572/img_04.jpg,dataset/person_1098/img_05.jpg,0,0.145413
dataset/person_930/img_02.jpg,dataset/person_1244/img_01.jpg,0,0.050690
dataset/person_815/img_05.jpg,dataset/person_043/img_07.jpg,0,-0.122396
dataset/person_1486/img_07.jpg,dataset/person_776/img_02.jpg,0,-0.185976
dataset/person_313/img_10.jpg,dataset/person_1155/img_01.jpg,0,0.139147
dataset/person_1355/img_04.jpg,dataset/person_559/img_03.jpg,0,0.011026
dataset/person_194/img_04.jpg,dataset/person_491/img_03.jpg,0,-0.107100
dataset/person_687/img_01.jpg,dataset/person_1396/img_04.jpg,0,-0.028863
dataset/person_935/img_02.jpg,dataset/person_022/img_04.jpg,0,0.025113
dataset/person_1546/img_03.jpg,dataset/person_412/img_02.jpg,0,0.118905
dataset/person_911/img_01.jpg,dataset/person_070/img_03.jpg,0,0.044220
dataset/person_411/img_13.jpg,dataset/person_1022/img_02.jpg,0,-0.179220
dataset/person_896/img_11.jpg,dataset/person_289/img_03.jpg,0,0.074513
dataset/person_1101/img_03.jpg,dataset/person_311/img_02.jpg,0,0.022725
dataset/person_1334/img_17.jpg,dataset/person_1577/img_04.jpg,0,0.042016
dataset/person_149/img_01.jpg,dataset/person_869/img_03.jpg,0,0.084721
dataset/person_713/img_04.jpg,dataset/person_1588/img_02.jpg,0,0.082965
dataset/person_844/img_03.jpg,dataset/person_661/img_04.jpg,0,0.130043
dataset/person_411/img_03.jpg,dataset/person_246/img_01.jpg,0,0.071310
dataset/person_1352/img_05.jpg,dataset/person_1669/img_03.jpg,0,0.011941
dataset/person_149/img_01.jpg,dataset/person_1601/img_02.jpg,0,0.087763
dataset/person_1369/img_01.jpg,dataset/person_989/img_03.jpg,0,0.229642
dataset/person_1155/img_04.jpg,dataset/person_287/img_06.jpg,0,-0.061581
dataset/person_064/img_03.jpg,dataset/person_861/img_01.jpg,0,-0.083377
dataset/person_776/img_06.jpg,dataset/person_785/img_02.jpg,0,0.044996
dataset/person_235/img_04.jpg,dataset/person_989/img_04.jpg,0,0.002649
dataset/person_1653/img_01.jpg,dataset/person_785/img_05.jpg,0,-0.143483
dataset/person_559/img_01.jpg,dataset/person_1098/img_06.jpg,0,-0.042890
dataset/person_1155/img_01.jpg,dataset/person_162/img_01.jpg,0,-0.208870
dataset/person_1262/img_01.jpg,dataset/person_896/img_09.jpg,0,-0.293769
dataset/person_911/img_03.jpg,dataset/person_1309/img_07.jpg,0,0.079441
dataset/person_1577/img_05.jpg,dataset/person_911/img_01.jpg,0,0.006401
dataset/person_844/img_01.jpg,dataset/person_896/img_07.jpg,0,0.104939
dataset/person_1192/img_08.jpg,dataset/person_547/img_01.jpg,0,-0.063232
dataset/person_1454/img_02.jpg,dataset/person_711/img_07.jpg,0,-0.012605
dataset/person_1226/img_04.jpg,dataset/person_769/img_05.jpg,0,0.269103
dataset/person_916/img_03.jpg,dataset/person_149/img_01.jpg,0,0.001901
dataset/person_844/img_03.jpg,dataset/person_1653/img_04.jpg,0,0.075956
dataset/person_367/img_04.jpg,dataset/person_1101/img_04.jpg,0,0.006294
dataset/person_162/img_09.jpg,dataset/person_744/img_05.jpg,0,0.128433
dataset/person_431/img_05.jpg,dataset/person_1309/img_05.jpg,0,0.088458
dataset/person_1411/img_01.jpg,dataset/person_711/img_08.jpg,0,0.085073
dataset/person_1352/img_01.jpg,dataset/person_1420/img_05.jpg,0,0.088225
dataset/person_1669/img_02.jpg,dataset/person_776/img_06.jpg,0,-0.082422
dataset/person_1420/img_04.jpg,dataset/person_1352/img_03.jpg,0,-0.087134
dataset/person_1588/img_02.jpg,dataset/person_064/img_02.jpg,0,-0.051967
dataset/person_515/img_05.jpg,dataset/person_1546/img_06.jpg,0,-0.002694
dataset/person_1151/img_02.jpg,dataset/person_065/img_24.jpg,0,0.095106
dataset/person_1669/img_01.jpg,dataset/person_559/img_05.jpg,0,-0.177879
dataset/person_853/img_17.jpg,dataset/person_065/img_24.jpg,0,-0.004078
dataset/person_355/img_06.jpg,dataset/person_369/img_01.jpg,0,-0.068642
dataset/person_804/img_03.jpg,dataset/person_1411/img_05.jpg,0,-0.074529
dataset/person_1244/img_01.jpg,dataset/person_989/img_04.jpg,0,-0.051438
dataset/person_1369/img_02.jpg,dataset/person_369/img_04.jpg,0,-0.071087
dataset/person_713/img_12.jpg,dataset/person_391/img_04.jpg,0,0.132700
dataset/person_769/img_10.jpg,dataset/person_431/img_04.jpg,0,-0.133389
dataset/person_896/img_11.jpg,dataset/person_776/img_05.jpg,0,0.061225
dataset/person_861/img_08.jpg,dataset/person_313/img_02.jpg,0,-0.064350
dataset/person_911/img_03.jpg,dataset/person_287/img_02.jpg,0,0.172350
dataset/person_309/img_03.jpg,dataset/person_783/img_05.jpg,0,0.017103
dataset/person_1572/img_05.jpg,dataset/person_491/img_02.jpg,0,0.022502
dataset/person_1191/img_05.jpg,dataset/person_1486/img_02.jpg,0,-0.100224
dataset/person_1411/img_05.jpg,dataset/person_040/img_03.jpg,0,-0.031797
dataset/person_355/img_07.jpg,dataset/person_431/img_02.jpg,0,-0.156522
dataset/person_1226/img_04.jpg,dataset/person_911/img_01.jpg,0,-0.062671
dataset/person_1244/img_08.jpg,dataset/person_869/img_05.jpg,0,-0.024832
dataset/person_776/img_07.jpg,dataset/person_1191/img_04.jpg,0,0.183081
dataset/person_355/img_01.jpg,dataset/person_354/img_04.jpg,0,0.032561
dataset/person_431/img_01.jpg,dataset/person_585/img_18.jpg,0,0.019827
dataset/person_194/img_04.jpg,dataset/person_1192/img_11.jpg,0,0.000017
dataset/person_1151/img_07.jpg,dataset/person_1680/img_01.jpg,0,-0.038267
dataset/person_515/img_02.jpg,dataset/person_1658/img_02.jpg,0,-0.145768
dataset/person_1438/img_02.jpg,dataset/person_354/img_05.jpg,0,-0.084314
dataset/person_411/img_06.jpg,dataset/person_1326/img_06.jpg,0,0.065420
dataset/person_519/img_09.jpg,dataset/person_1355/img_02.jpg,0,0.201054
dataset/person_527/img_05.jpg,dataset/person_916/img_01.jpg,0,0.083087
dataset/person_869/img_05.jpg,dataset/person_844/img_01.jpg,0,0.110917
dataset/person_1151/img_07.jpg,dataset/person_1191/img_03.jpg,0,-0.023589
dataset/person_043/img_10.jpg,dataset/person_313/img_07.jpg,0,0.119867
dataset/person_374/img_03.jpg,dataset/person_744/img_18.jpg,0,-0.149785
dataset/person_544/img_04.jpg,dataset/person_1191/img_03.jpg,0,0.067067
dataset/person_1097/img_05.jpg,dataset/person_783/img_04.jpg,0,-0.030292
dataset/person_367/img_03.jpg,dataset/person_1563/img_04.jpg,0,0.039714
dataset/person_474/img_04.jpg,dataset/person_1022/img_01.jpg,0,-0.009376
dataset/person_354/img_04.jpg,dataset/person_219/img_01.jpg,0,0.005407
dataset/person_544/img_02.jpg,dataset/person_861/img_04.jpg,0,0.113278
dataset/person_815/img_03.jpg,dataset/person_289/img_03.jpg,0,0.292648
dataset/person_963/img_02.jpg,dataset/person_713/img_05.jpg,0,0.171378
dataset/person_869/img_05.jpg,dataset/person_1262/img_07.jpg,0,0.177559
dataset/person_311/img_02.jpg,dataset/person_1192/img_10.jpg,0,0.054915
dataset/person_785/img_03.jpg,dataset/person_769/img_09.jpg,0,-0.175943
dataset/person_1382/img_01.jpg,dataset/person_474/img_01.jpg,0,-0.038294
dataset/person_861/img_08.jpg,dataset/person_1217/img_02.jpg,0,0.073789
dataset/person_022/img_05.jpg,dataset/person_535/img_04.jpg,0,0.138443
dataset/person_391/img_04.jpg,dataset/person_1577/img_01.jpg,0,0.125140
dataset/person_070/img_07.jpg,dataset/person_111/img_04.jpg,0,0.038024
dataset/person_246/img_01.jpg,dataset/person_1302/img_01.jpg,0,0.073333
dataset/person_535/img_03.jpg,dataset/person_1262/img_01.jpg,0,0.067700
dataset/person_065/img_25.jpg,dataset/person_1018/img_05.jpg,0,-0.060936
dataset/person_070/img_06.jpg,dataset/person_412/img_03.jpg,0,-0.064330
dataset/person_1052/img_01.jpg,dataset/person_1411/img_06.jpg,0,-0.019169
dataset/person_1454/img_04.jpg,dataset/person_065/img_27.jpg,0,0.114835
dataset/person_776/img_04.jpg,dataset/person_1226/img_10.jpg,0,0.009227
dataset/person_1658/img_04.jpg,dataset/person_515/img_02.jpg,0,-0.148905
dataset/person_065/img_24.jpg,dataset/person_687/img_02.jpg,0,0.110420
dataset/person_491/img_03.jpg,dataset/person_1387/img_01.jpg,0,0.029671
dataset/person_916/img_04.jpg,dataset/person_235/img_04.jpg,0,-0.042446
dataset/person_391/img_04.jpg,dataset/person_1396/img_02.jpg,0,0.010270
dataset/person_070/img_04.jpg,dataset/person_655/img_03.jpg,0,-0.132264
dataset/person_661/img_13.jpg,dataset/person_1580/img_27.jpg,0,-0.045283
dataset/person_535/img_02.jpg,dataset/person_1155/img_03.jpg,0,-0.012174
dataset/person_040/img_01.jpg,dataset/person_354/img_04.jpg,0,0.283308
dataset/person_661/img_14.jpg,dataset/person_474/img_08.jpg,0,-0.093254
dataset/person_963/img_01.jpg,dataset/person_1572/img_02.jpg,0,0.266162
dataset/person_355/img_05.jpg,dataset/person_585/img_03.jpg,0,-0.050061
dataset/person_769/img_05.jpg,dataset/person_776/img_01.jpg,0,-0.090311
dataset/person_1577/img_05.jpg,dataset/person_989/img_05.jpg,0,0.023833
dataset/person_1371/img_02.jpg,dataset/person_1018/img_02.jpg,0,-0.091132
dataset/person_1302/img_02.jpg,dataset/person_1680/img_01.jpg,0,-0.066903
dataset/person_989/img_03.jpg,dataset/person_1155/img_03.jpg,0,0.009912
dataset/person_655/img_03.jpg,dataset/person_989/img_02.jpg,0,-0.056970
dataset/person_1490/img_04.jpg,dataset/person_935/img_01.jpg,0,-0.077187
dataset/person_191/img_01.jpg,dataset/person_311/img_04.jpg,0,0.182075
dataset/person_034/img_02.jpg,dataset/person_1309/img_11.jpg,0,0.089985
dataset/person_1101/img_02.jpg,dataset/person_1052/img_01.jpg,0,-0.210888
dataset/person_1563/img_02.jpg,dataset/person_111/img_04.jpg,0,0.066490
dataset/person_1352/img_06.jpg,dataset/person_853/img_05.jpg,0,-0.047106
dataset/person_191/img_05.jpg,dataset/person_235/img_05.jpg,0,0.102761
dataset/person_1490/img_01.jpg,dataset/person_1563/img_02.jpg,0,-0.051547
dataset/person_1316/img_01.jpg,dataset/person_1669/img_03.jpg,0,-0.024963
dataset/person_1438/img_01.jpg,dataset/person_1371/img_06.jpg,0,-0.028391
dataset/person_1217/img_03.jpg,dataset/person_891/img_01.jpg,0,0.034763
dataset/person_1191/img_04.jpg,dataset/person_891/img_03.jpg,0,-0.146288
dataset/person_256/img_01.jpg,dataset/person_064/img_04.jpg,0,-0.189256
dataset/person_1387/img_01.jpg,dataset/person_1396/img_02.jpg,0,-0.019911
dataset/person_1669/img_03.jpg,dataset/person_1309/img_02.jpg,0,-0.010357
dataset/person_1577/img_05.jpg,dataset/person_194/img_01.jpg,0,-0.001930
dataset/person_963/img_08.jpg,dataset/person_1191/img_04.jpg,0,-0.090198
dataset/person_535/img_02.jpg,dataset/person_256/img_02.jpg,0,-0.068866
dataset/person_1022/img_03.jpg,dataset/person_034/img_01.jpg,0,-0.109141
dataset/person_909/img_12.jpg,dataset/person_229/img_04.jpg,0,-0.036906
dataset/person_474/img_05.jpg,dataset/person_1262/img_09.jpg,0,0.061840
dataset/person_989/img_02.jpg,dataset/person_1601/img_09.jpg,0,0.026493
dataset/person_149/img_04.jpg,dataset/person_710/img_15.jpg,0,-0.105404
dataset/person_1334/img_14.jpg,dataset/person_744/img_08.jpg,0,0.070108
dataset/person_896/img_09.jpg,dataset/person_853/img_08.jpg,0,-0.015818
dataset/person_909/img_12.jpg,dataset/person_111/img_03.jpg,0,-0.101534
dataset/person_1588/img_03.jpg,dataset/person_043/img_15.jpg,0,-0.011649
dataset/person_367/img_04.jpg,dataset/person_713/img_12.jpg,0,0.156815
dataset/person_040/img_04.jpg,dataset/person_235/img_04.jpg,0,0.087224
dataset/person_547/img_01.jpg,dataset/person_963/img_08.jpg,0,0.116916
dataset/person_219/img_01.jpg,dataset/person_585/img_13.jpg,0,0.031683
dataset/person_891/img_02.jpg,dataset/person_235/img_04.jpg,0,-0.036285
dataset/person_287/img_02.jpg,dataset/person_776/img_01.jpg,0,0.171640
dataset/person_1531/img_01.jpg,dataset/person_744/img_13.jpg,0,-0.056010
dataset/person_311/img_01.jpg,dataset/person_1191/img_02.jpg,0,0.000270
dataset/person_1244/img_12.jpg,dataset/person_1326/img_06.jpg,0,-0.109363
dataset/person_544/img_01.jpg,dataset/person_1202/img_04.jpg,0,-0.076474
dataset/person_544/img_03.jpg,dataset/person_896/img_01.jpg,0,-0.004864
dataset/person_776/img_08.jpg,dataset/person_1486/img_02.jpg,0,0.033693
dataset/person_547/img_04.jpg,dataset/person_1371/img_05.jpg,0,0.125201
dataset/person_1192/img_02.jpg,dataset/person_687/img_02.jpg,0,0.173566
dataset/person_1022/img_03.jpg,dataset/person_367/img_03.jpg,0,-0.123116
dataset/person_355/img_04.jpg,dataset/person_1577/img_05.jpg,0,-0.072375
dataset/person_064/img_03.jpg,dataset/person_354/img_02.jpg,0,0.371927
dataset/person_1653/img_03.jpg,dataset/person_431/img_05.jpg,0,-0.110439
dataset/person_896/img_03.jpg,dataset/person_040/img_02.jpg,0,0.027319
dataset/person_916/img_01.jpg,dataset/person_935/img_03.jpg,0,0.064009
dataset/person_804/img_05.jpg,dataset/person_049/img_02.jpg,0,-0.043188
dataset/person_527/img_05.jpg,dataset/person_869/img_07.jpg,0,-0.135283
dataset/person_661/img_12.jpg,dataset/person_391/img_03.jpg,0,-0.043328
dataset/person_246/img_02.jpg,dataset/person_1411/img_03.jpg,0,-0.053880
dataset/person_909/img_22.jpg,dataset/person_411/img_12.jpg,0,0.172185
dataset/person_412/img_05.jpg,dataset/person_256/img_01.jpg,0,0.001541
dataset/person_515/img_03.jpg,dataset/person_1052/img_03.jpg,0,-0.097549
dataset/person_1669/img_04.jpg,dataset/person_474/img_01.jpg,0,0.101443
dataset/person_559/img_04.jpg,dataset/person_519/img_02.jpg,0,0.070266
dataset/person_1492/img_12.jpg,dataset/person_963/img_04.jpg,0,0.059641
dataset/person_916/img_04.jpg,dataset/person_311/img_04.jpg,0,-0.028366
dataset/person_1572/img_02.jpg,dataset/person_219/img_02.jpg,0,-0.182882
dataset/person_043/img_29.jpg,dataset/person_989/img_03.jpg,0,-0.042118
dataset/person_1563/img_01.jpg,dataset/person_776/img_02.jpg,0,0.040805
dataset/person_661/img_11.jpg,dataset/person_474/img_08.jpg,0,0.021098
dataset/person_235/img_05.jpg,dataset/person_412/img_04.jpg,0,-0.044365
dataset/person_1572/img_02.jpg,dataset/person_311/img_04.jpg,0,0.280693
dataset/person_246/img_02.jpg,dataset/person_235/img_02.jpg,0,0.028875
dataset/person_1439/img_02.jpg,dataset/person_287/img_04.jpg,0,-0.095010
dataset/person_711/img_51.jpg,dataset/person_049/img_03.jpg,0,-0.029691
dataset/person_547/img_01.jpg,dataset/person_289/img_04.jpg,0,0.021311
dataset/person_515/img_02.jpg,dataset/person_1244/img_12.jpg,0,-0.168104
dataset/person_065/img_18.jpg,dataset/person_585/img_01.jpg,0,-0.017173
dataset/person_527/img_03.jpg,dataset/person_916/img_04.jpg,0,-0.117619
dataset/person_1563/img_03.jpg,dataset/person_687/img_04.jpg,0,-0.131903
dataset/person_355/img_01.jpg,dataset/person_049/img_01.jpg,0,-0.146964
dataset/person_1217/img_02.jpg,dataset/person_1387/img_03.jpg,0,0.161251
dataset/person_871/img_03.jpg,dataset/person_1546/img_03.jpg,0,0.034855
dataset/person_1244/img_17.jpg,dataset/person_989/img_04.jpg,0,0.046818
dataset/person_1680/img_04.jpg,dataset/person_374/img_02.jpg,0,-0.128335
dataset/person_1170/img_03.jpg,dataset/person_1492/img_12.jpg,0,0.043715
dataset/person_785/img_07.jpg,dataset/person_1577/img_02.jpg,0,-0.014921
dataset/person_891/img_05.jpg,dataset/person_1262/img_10.jpg,0,0.136512
dataset/person_989/img_03.jpg,dataset/person_1101/img_04.jpg,0,-0.092831
dataset/person_1217/img_01.jpg,dataset/person_1371/img_06.jpg,0,0.048576
dataset/person_309/img_03.jpg,dataset/person_744/img_16.jpg,0,-0.101298
dataset/person_1226/img_06.jpg,dataset/person_930/img_04.jpg,0,0.209805
dataset/person_1217/img_02.jpg,dataset/person_367/img_04.jpg,0,-0.067015
dataset/person_374/img_06.jpg,dataset/person_1326/img_04.jpg,0,0.160755
dataset/person_149/img_05.jpg,dataset/person_289/img_03.jpg,0,-0.093211
dataset/person_1101/img_01.jpg,dataset/person_1326/img_09.jpg,0,-0.014209
dataset/person_601/img_03.jpg,dataset/person_1577/img_03.jpg,0,-0.156283
dataset/person_043/img_32.jpg,dataset/person_515/img_05.jpg,0,-0.032379
dataset/person_1371/img_05.jpg,dataset/person_1572/img_03.jpg,0,0.229226
dataset/person_040/img_03.jpg,dataset/person_412/img_04.jpg,0,-0.077642
dataset/person_769/img_05.jpg,dataset/person_547/img_03.jpg,0,-0.091545
dataset/person_1326/img_04.jpg,dataset/person_022/img_03.jpg,0,0.017577
dataset/person_474/img_02.jpg,dataset/person_431/img_05.jpg,0,-0.071571
dataset/person_853/img_03.jpg,dataset/person_367/img_07.jpg,0,0.050396
dataset/person_111/img_04.jpg,dataset/person_930/img_04.jpg,0,-0.049036
dataset/person_1217/img_02.jpg,dataset/person_065/img_34.jpg,0,0.027868
dataset/person_861/img_06.jpg,dataset/person_601/img_02.jpg,0,0.258160
dataset/person_1382/img_01.jpg,dataset/person_785/img_01.jpg,0,0.081790
dataset/person_869/img_04.jpg,dataset/person_1531/img_07.jpg,0,-0.074571
dataset/person_1438/img_03.jpg,dataset/person_1097/img_03.jpg,0,0.031845
dataset/person_1680/img_03.jpg,dataset/person_1101/img_03.jpg,0,-0.135711
dataset/person_1302/img_02.jpg,dataset/person_1101/img_02.jpg,0,-0.100872
dataset/person_1531/img_04.jpg,dataset/person_431/img_04.jpg,0,-0.203413
dataset/person_194/img_01.jpg,dataset/person_687/img_02.jpg,0,0.055064
dataset/person_804/img_04.jpg,dataset/person_162/img_06.jpg,0,0.088213
dataset/person_064/img_03.jpg,dataset/person_040/img_02.jpg,0,-0.113927
dataset/person_585/img_21.jpg,dataset/person_891/img_01.jpg,0,0.002691
dataset/person_1396/img_01.jpg,dataset/person_769/img_01.jpg,0,-0.022452
dataset/person_776/img_03.jpg,dataset/person_1492/img_30.jpg,0,0.109754
dataset/person_1572/img_05.jpg,dataset/person_412/img_01.jpg,0,0.092902
dataset/person_585/img_17.jpg,dataset/person_374/img_04.jpg,0,-0.075087
dataset/person_354/img_05.jpg,dataset/person_070/img_06.jpg,0,-0.019202
dataset/person_861/img_08.jpg,dataset/person_1155/img_01.jpg,0,-0.136061
dataset/person_1382/img_03.jpg,dataset/person_1531/img_04.jpg,0,0.011093
dataset/person_1202/img_02.jpg,dataset/person_911/img_03.jpg,0,-0.102860
dataset/person_354/img_04.jpg,dataset/person_815/img_04.jpg,0,0.106620
dataset/person_070/img_07.jpg,dataset/person_1454/img_05.jpg,0,-0.023752
dataset/person_246/img_04.jpg,dataset/person_1601/img_09.jpg,0,0.010684
dataset/person_1658/img_03.jpg,dataset/person_1387/img_02.jpg,0,0.081978
dataset/person_1170/img_03.jpg,dataset/person_235/img_05.jpg,0,0.023434
dataset/person_149/img_03.jpg,dataset/person_710/img_11.jpg,0,-0.032299
dataset/person_687/img_04.jpg,dataset/person_374/img_03.jpg,0,0.047812
dataset/person_785/img_03.jpg,dataset/person_891/img_05.jpg,0,0.112480
dataset/person_412/img_01.jpg,dataset/person_930/img_01.jpg,0,0.141328
dataset/person_815/img_04.jpg,dataset/person_559/img_03.jpg,0,0.032808
dataset/person_043/img_01.jpg,dataset/person_1170/img_01.jpg,0,0.062235
dataset/person_064/img_03.jpg,dataset/person_1192/img_06.jpg,0,-0.011387
dataset/person_491/img_05.jpg,dataset/person_1334/img_21.jpg,0,0.049147
dataset/person_909/img_05.jpg,dataset/person_1334/img_08.jpg,0,0.229939
dataset/person_1155/img_01.jpg,dataset/person_515/img_03.jpg,0,-0.183036
dataset/person_896/img_02.jpg,dataset/person_1439/img_02.jpg,0,-0.017549
dataset/person_022/img_03.jpg,dataset/person_1454/img_04.jpg,0,0.007123
dataset/person_049/img_02.jpg,dataset/person_287/img_06.jpg,0,-0.138944
dataset/person_491/img_05.jpg,dataset/person_162/img_03.jpg,0,0.036825
dataset/person_547/img_03.jpg,dataset/person_1098/img_03.jpg,0,-0.135758
dataset/person_1396/img_04.jpg,dataset/person_870/img_04.jpg,0,-0.054739
dataset/person_374/img_06.jpg,dataset/person_431/img_04.jpg,0,0.107059
dataset/person_1191/img_02.jpg,dataset/person_235/img_04.jpg,0,0.129183
dataset/person_1669/img_04.jpg,dataset/person_924/img_06.jpg,0,-0.077408
dataset/person_1411/img_04.jpg,dataset/person_515/img_02.jpg,0,0.119528
dataset/person_711/img_09.jpg,dataset/person_022/img_03.jpg,0,-0.033253
dataset/person_870/img_02.jpg,dataset/person_256/img_03.jpg,0,-0.083122
dataset/person_1396/img_01.jpg,dataset/person_1309/img_09.jpg,0,-0.201802
dataset/person_1316/img_02.jpg,dataset/person_815/img_06.jpg,0,0.149282
dataset/person_311/img_01.jpg,dataset/person_815/img_06.jpg,0,0.189934
dataset/person_1170/img_01.jpg,dataset/person_1262/img_03.jpg,0,0.092963
dataset/person_1302/img_02.jpg,dataset/person_411/img_11.jpg,0,-0.155519
dataset/person_022/img_03.jpg,dataset/person_474/img_02.jpg,0,-0.137020
dataset/person_070/img_06.jpg,dataset/person_1563/img_01.jpg,0,0.164722
dataset/person_911/img_05.jpg,dataset/person_1097/img_02.jpg,0,0.130096
dataset/person_1601/img_08.jpg,dataset/person_1371/img_02.jpg,0,-0.086720
dataset/person_1309/img_09.jpg,dataset/person_655/img_08.jpg,0,0.194254
dataset/person_1490/img_05.jpg,dataset/person_043/img_11.jpg,0,0.040704
dataset/person_769/img_07.jpg,dataset/person_194/img_01.jpg,0,0.284232
dataset/person_535/img_02.jpg,dataset/person_1680/img_02.jpg,0,-0.074175
dataset/person_924/img_04.jpg,dataset/person_1490/img_04.jpg,0,0.103663
dataset/person_1454/img_03.jpg,dataset/person_1371/img_05.jpg,0,0.141898
dataset/person_474/img_08.jpg,dataset/person_1382/img_03.jpg,0,0.001814
dataset/person_1563/img_01.jpg,dataset/person_1192/img_06.jpg,0,0.053055
dataset/person_1191/img_01.jpg,dataset/person_431/img_05.jpg,0,0.151847
dataset/person_844/img_08.jpg,dataset/person_776/img_07.jpg,0,0.080012
dataset/person_924/img_05.jpg,dataset/person_527/img_02.jpg,0,0.259876
dataset/person_687/img_04.jpg,dataset/person_1101/img_01.jpg,0,-0.157169
dataset/person_313/img_03.jpg,dataset/person_896/img_12.jpg,0,0.344081
dataset/person_1658/img_04.jpg,dataset/person_1151/img_03.jpg,0,0.305974
dataset/person_1018/img_06.jpg,dataset/person_1680/img_02.jpg,0,0.059902
dataset/person_1302/img_02.jpg,dataset/person_1658/img_05.jpg,0,-0.003322
dataset/person_519/img_03.jpg,dataset/person_369/img_01.jpg,0,-0.190778
dataset/person_1454/img_02.jpg,dataset/person_1244/img_05.jpg,0,0.103128
dataset/person_367/img_05.jpg,dataset/person_355/img_02.jpg,0,-0.089514
dataset/person_710/img_06.jpg,dataset/person_1588/img_01.jpg,0,0.179027
dataset/person_687/img_03.jpg,dataset/person_162/img_02.jpg,0,0.187895
dataset/person_491/img_02.jpg,dataset/person_1420/img_05.jpg,0,0.176693
dataset/person_313/img_04.jpg,dataset/person_1191/img_02.jpg,0,-0.083905
dataset/person_1454/img_03.jpg,dataset/person_519/img_04.jpg,0,-0.000278
dataset/person_785/img_07.jpg,dataset/person_367/img_05.jpg,0,0.052566
dataset/person_1309/img_09.jpg,dataset/person_1439/img_03.jpg,0,0.193119
dataset/person_1382/img_02.jpg,dataset/person_1601/img_08.jpg,0,-0.009022
dataset/person_661/img_08.jpg,dataset/person_515/img_04.jpg,0,-0.044585
dataset/person_1326/img_07.jpg,dataset/person_1202/img_03.jpg,0,0.001021
dataset/person_1355/img_03.jpg,dataset/person_040/img_03.jpg,0,-0.002232
dataset/person_891/img_05.jpg,dataset/person_1369/img_04.jpg,0,-0.108481
dataset/person_412/img_01.jpg,dataset/person_655/img_03.jpg,0,-0.035339
dataset/person_916/img_05.jpg,dataset/person_1669/img_04.jpg,0,0.025715
dataset/person_022/img_05.jpg,dataset/person_1244/img_06.jpg,0,-0.001825
dataset/person_1658/img_02.jpg,dataset/person_1018/img_01.jpg,0,-0.074754
dataset/person_1486/img_08.jpg,dataset/person_1355/img_04.jpg,0,-0.045426
dataset/person_661/img_04.jpg,dataset/person_111/img_04.jpg,0,0.043137
dataset/person_601/img_03.jpg,dataset/person_916/img_02.jpg,0,0.081720
dataset/person_369/img_05.jpg,dataset/person_354/img_02.jpg,0,-0.225611
dataset/person_1155/img_01.jpg,dataset/person_1192/img_11.jpg,0,0.055549
dataset/person_713/img_03.jpg,dataset/person_1098/img_03.jpg,0,-0.034708
dataset/person_1577/img_01.jpg,dataset/person_687/img_02.jpg,0,0.107009
dataset/person_1226/img_01.jpg,dataset/person_049/img_03.jpg,0,-0.208993
dataset/person_744/img_16.jpg,dataset/person_313/img_10.jpg,0,0.093540
dataset/person_815/img_04.jpg,dataset/person_547/img_04.jpg,0,-0.080964
dataset/person_1490/img_02.jpg,dataset/person_547/img_03.jpg,0,0.000205
dataset/person_535/img_03.jpg,dataset/person_256/img_02.jpg,0,-0.055995
dataset/person_1352/img_07.jpg,dataset/person_491/img_01.jpg,0,0.087023
dataset/person_804/img_07.jpg,dataset/person_869/img_01.jpg,0,-0.196860
dataset/person_1302/img_03.jpg,dataset/person_040/img_03.jpg,0,0.025149
dataset/person_1352/img_07.jpg,dataset/person_963/img_02.jpg,0,0.163660
dataset/person_844/img_06.jpg,dataset/person_367/img_01.jpg,0,0.154368
dataset/person_1680/img_03.jpg,dataset/person_1018/img_02.jpg,0,-0.010803
dataset/person_1309/img_12.jpg,dataset/person_896/img_10.jpg,0,0.100010
dataset/person_924/img_07.jpg,dataset/person_963/img_02.jpg,0,0.034540
dataset/person_040/img_02.jpg,dataset/person_776/img_03.jpg,0,-0.014957
dataset/person_776/img_06.jpg,dataset/person_963/img_01.jpg,0,-0.198102
dataset/person_1097/img_02.jpg,dataset/person_1420/img_04.jpg,0,0.120652
dataset/person_1387/img_05.jpg,dataset/person_519/img_04.jpg,0,0.100683
dataset/person_070/img_07.jpg,dataset/person_412/img_02.jpg,0,0.044648
dataset/person_930/img_04.jpg,dataset/person_022/img_04.jpg,0,0.063975
dataset/person_1052/img_04.jpg,dataset/person_1309/img_02.jpg,0,0.053505
dataset/person_411/img_03.jpg,dataset/person_111/img_04.jpg,0,-0.008309
dataset/person_111/img_02.jpg,dataset/person_1309/img_02.jpg,0,0.049905
dataset/person_891/img_04.jpg,dataset/person_547/img_04.jpg,0,-0.015298
dataset/person_191/img_06.jpg,dataset/person_713/img_03.jpg,0,-0.043546
dataset/person_065/img_06.jpg,dataset/person_111/img_01.jpg,0,-0.064789
dataset/person_111/img_04.jpg,dataset/person_1563/img_01.jpg,0,0.022117
dataset/person_1155/img_02.jpg,dataset/person_930/img_01.jpg,0,-0.191935
dataset/person_1151/img_01.jpg,dataset/person_431/img_04.jpg,0,0.070126
dataset/person_1170/img_03.jpg,dataset/person_661/img_11.jpg,0,0.031715
dataset/person_711/img_34.jpg,dataset/person_963/img_08.jpg,0,-0.033884
dataset/person_989/img_02.jpg,dataset/person_1355/img_02.jpg,0,-0.072961
dataset/person_049/img_02.jpg,dataset/person_1411/img_04.jpg,0,-0.124240
dataset/person_1563/img_02.jpg,dataset/person_149/img_05.jpg,0,0.151681
dataset/person_034/img_02.jpg,dataset/person_527/img_04.jpg,0,0.110126
dataset/person_519/img_05.jpg,dataset/person_909/img_07.jpg,0,-0.182099
dataset/person_1192/img_05.jpg,dataset/person_744/img_06.jpg,0,-0.204053
dataset/person_1098/img_03.jpg,dataset/person_1097/img_01.jpg,0,0.228607
dataset/person_785/img_06.jpg,dataset/person_354/img_04.jpg,0,-0.004577
dataset/person_474/img_03.jpg,dataset/person_289/img_03.jpg,0,-0.168154
dataset/person_891/img_05.jpg,dataset/person_034/img_03.jpg,0,-0.009962
dataset/person_1170/img_03.jpg,dataset/person_1192/img_07.jpg,0,0.044493
dataset/person_1155/img_02.jpg,dataset/person_040/img_03.jpg,0,0.179008
dataset/person_1490/img_04.jpg,dataset/person_661/img_14.jpg,0,0.139906
dataset/person_785/img_07.jpg,dataset/person_1018/img_06.jpg,0,-0.110184
dataset/person_710/img_01.jpg,dataset/person_519/img_04.jpg,0,-0.107537
dataset/person_655/img_10.jpg,dataset/person_535/img_03.jpg,0,0.052084
dataset/person_1155/img_04.jpg,dataset/person_776/img_01.jpg,0,-0.144792
dataset/person_776/img_04.jpg,dataset/person_1098/img_04.jpg,0,0.156771
dataset/person_1151/img_05.jpg,dataset/person_1191/img_02.jpg,0,0.016558
dataset/person_162/img_06.jpg,dataset/person_989/img_05.jpg,0,0.027497
dataset/person_1454/img_03.jpg,dataset/person_311/img_04.jpg,0,-0.110480
dataset/person_1438/img_02.jpg,dataset/person_744/img_07.jpg,0,-0.066074
dataset/person_870/img_03.jpg,dataset/person_043/img_05.jpg,0,-0.116307
dataset/person_911/img_02.jpg,dataset/person_711/img_02.jpg,0,0.026747
dataset/person_1191/img_01.jpg,dataset/person_219/img_04.jpg,0,0.081194
dataset/person_1151/img_03.jpg,dataset/person_1531/img_08.jpg,0,-0.099698
dataset/person_1334/img_16.jpg,dataset/person_354/img_03.jpg,0,0.199105
dataset/person_070/img_05.jpg,dataset/person_1217/img_01.jpg,0,0.049677
dataset/person_1658/img_01.jpg,dataset/person_661/img_07.jpg,0,0.073867
dataset/person_162/img_01.jpg,dataset/person_891/img_04.jpg,0,0.013370
dataset/person_1334/img_05.jpg,dataset/person_1155/img_03.jpg,0,-0.010242
dataset/person_289/img_01.jpg,dataset/person_519/img_06.jpg,0,-0.075082
dataset/person_1439/img_02.jpg,dataset/person_1371/img_06.jpg,0,-0.081919
dataset/person_474/img_01.jpg,dataset/person_515/img_02.jpg,0,0.144620
dataset/person_585/img_10.jpg,dataset/person_601/img_01.jpg,0,0.096428
dataset/person_1355/img_01.jpg,dataset/person_070/img_01.jpg,0,0.183241
dataset/person_412/img_04.jpg,dataset/person_1531/img_08.jpg,0,0.112933
dataset/person_355/img_07.jpg,dataset/person_935/img_04.jpg,0,-0.090177
dataset/person_1546/img_03.jpg,dataset/person_162/img_02.jpg,0,-0.060250
dataset/person_1546/img_05.jpg,dataset/person_1658/img_03.jpg,0,-0.139181
dataset/person_1546/img_04.jpg,dataset/person_1396/img_02.jpg,0,-0.136390
dataset/person_1355/img_04.jpg,dataset/person_1369/img_01.jpg,0,0.050368
dataset/person_1170/img_03.jpg,dataset/person_869/img_08.jpg,0,-0.008108
dataset/person_1653/img_01.jpg,dataset/person_022/img_01.jpg,0,-0.021635
dataset/person_354/img_01.jpg,dataset/person_070/img_07.jpg,0,-0.096074
dataset/person_783/img_01.jpg,dataset/person_256/img_01.jpg,0,-0.100038
dataset/person_1309/img_13.jpg,dataset/person_043/img_27.jpg,0,-0.098099
dataset/person_313/img_02.jpg,dataset/person_1334/img_15.jpg,0,-0.088385
dataset/person_1580/img_06.jpg,dataset/person_1387/img_04.jpg,0,0.098041
dataset/person_1202/img_01.jpg,dataset/person_162/img_09.jpg,0,0.124834
dataset/person_034/img_01.jpg,dataset/person_287/img_06.jpg,0,0.226155
dataset/person_535/img_04.jpg,dataset/person_1531/img_02.jpg,0,0.115060
dataset/person_1191/img_01.jpg,dataset/person_374/img_06.jpg,0,0.208017
dataset/person_1101/img_01.jpg,dataset/person_149/img_04.jpg,0,0.121761
dataset/person_1052/img_01.jpg,dataset/person_1302/img_04.jpg,0,0.044710
dataset/person_1669/img_02.jpg,dataset/person_1101/img_01.jpg,0,-0.162392
dataset/person_1052/img_03.jpg,dataset/person_065/img_24.jpg,0,0.030878
dataset/person_289/img_04.jpg,dataset/person_1387/img_03.jpg,0,-0.229472
dataset/person_1302/img_04.jpg,dataset/person_804/img_02.jpg,0,0.286195
dataset/person_111/img_02.jpg,dataset/person_601/img_01.jpg,0,-0.181227
dataset/person_040/img_04.jpg,dataset/person_355/img_02.jpg,0,-0.182222
dataset/person_1490/img_05.jpg,dataset/person_309/img_03.jpg,0,-0.283914
dataset/person_1669/img_04.jpg,dataset/person_162/img_05.jpg,0,-0.058303
dataset/person_235/img_02.jpg,dataset/person_043/img_08.jpg,0,0.030841
dataset/person_354/img_03.jpg,dataset/person_022/img_02.jpg,0,-0.005089
dataset/person_535/img_02.jpg,dataset/person_804/img_05.jpg,0,-0.021799
dataset/person_1580/img_29.jpg,dataset/person_1202/img_03.jpg,0,-0.106189
dataset/person_869/img_07.jpg,dataset/person_1653/img_04.jpg,0,-0.085547
dataset/person_853/img_03.jpg,dataset/person_1192/img_06.jpg,0,-0.262278
dataset/person_369/img_05.jpg,dataset/person_1018/img_02.jpg,0,0.176006
dataset/person_861/img_08.jpg,dataset/person_1170/img_01.jpg,0,0.189743
dataset/person_049/img_03.jpg,dataset/person_070/img_04.jpg,0,0.007607
dataset/person_1601/img_02.jpg,dataset/person_162/img_05.jpg,0,0.006876
dataset/person_1486/img_01.jpg,dataset/person_474/img_02.jpg,0,0.025123
dataset/person_785/img_01.jpg,dataset/person_111/img_04.jpg,0,-0.007002
dataset/person_374/img_06.jpg,dataset/person_229/img_15.jpg,0,-0.111351
dataset/person_1151/img_05.jpg,dataset/person_930/img_01.jpg,0,0.015028
dataset/person_040/img_03.jpg,dataset/person_711/img_38.jpg,0,0.071358
dataset/person_1352/img_02.jpg,dataset/person_311/img_03.jpg,0,0.168226
dataset/person_367/img_03.jpg,dataset/person_022/img_02.jpg,0,0.038355
dataset/person_535/img_01.jpg,dataset/person_601/img_03.jpg,0,-0.064554
dataset/person_783/img_01.jpg,dataset/person_1226/img_05.jpg,0,0.001019
dataset/person_412/img_05.jpg,dataset/person_411/img_01.jpg,0,0.205582
dataset/person_815/img_03.jpg,dataset/person_374/img_06.jpg,0,0.238654
dataset/person_861/img_08.jpg,dataset/person_391/img_04.jpg,0,0.041028
dataset/person_783/img_05.jpg,dataset/person_411/img_08.jpg,0,-0.023846
dataset/person_491/img_01.jpg,dataset/person_1326/img_04.jpg,0,0.104990
dataset/person_191/img_04.jpg,dataset/person_374/img_06.jpg,0,0.110410
dataset/person_1151/img_07.jpg,dataset/person_844/img_07.jpg,0,0.132717
dataset/person_411/img_12.jpg,dataset/person_354/img_03.jpg,0,0.106097
dataset/person_1101/img_04.jpg,dataset/person_1588/img_01.jpg,0,0.005584
dataset/person_1192/img_08.jpg,dataset/person_1316/img_03.jpg,0,0.021779
dataset/person_065/img_31.jpg,dataset/person_229/img_19.jpg,0,0.030320
dataset/person_1382/img_04.jpg,dataset/person_1355/img_02.jpg,0,0.170322
dataset/person_744/img_14.jpg,dataset/person_1454/img_02.jpg,0,-0.150142
dataset/person_1309/img_12.jpg,dataset/person_710/img_17.jpg,0,0.242559
dataset/person_535/img_03.jpg,dataset/person_374/img_05.jpg,0,-0.143083
dataset/person_355/img_01.jpg,dataset/person_930/img_04.jpg,0,0.084326
dataset/person_815/img_01.jpg,dataset/person_034/img_03.jpg,0,0.014011
dataset/person_1217/img_04.jpg,dataset/person_911/img_02.jpg,0,-0.097417
dataset/person_043/img_30.jpg,dataset/person_1316/img_01.jpg,0,-0.144903
dataset/person_256/img_05.jpg,dataset/person_1680/img_02.jpg,0,-0.066928
dataset/person_1101/img_04.jpg,dataset/person_1097/img_01.jpg,0,0.067464
dataset/person_869/img_01.jpg,dataset/person_1202/img_03.jpg,0,0.180683
dataset/person_1098/img_05.jpg,dataset/person_870/img_01.jpg,0,-0.180184
dataset/person_1352/img_08.jpg,dataset/person_1546/img_02.jpg,0,0.121830
dataset/person_040/img_03.jpg,dataset/person_687/img_01.jpg,0,-0.210220
dataset/person_844/img_02.jpg,dataset/person_853/img_18.jpg,0,-0.247054
dataset/person_963/img_05.jpg,dataset/person_1580/img_20.jpg,0,0.045800
dataset/person_309/img_02.jpg,dataset/person_1170/img_01.jpg,0,-0.162104
dataset/person_1669/img_03.jpg,dataset/person_909/img_15.jpg,0,0.067681
dataset/person_367/img_05.jpg,dataset/person_1658/img_03.jpg,0,-0.049672
dataset/person_1658/img_01.jpg,dataset/person_989/img_05.jpg,0,-0.013177
dataset/person_1226/img_01.jpg,dataset/person_070/img_03.jpg,0,0.016381
dataset/person_311/img_04.jpg,dataset/person_064/img_04.jpg,0,-0.090268
dataset/person_1439/img_01.jpg,dataset/person_194/img_02.jpg,0,0.000115
dataset/person_869/img_07.jpg,dataset/person_1262/img_10.jpg,0,-0.029387
dataset/person_1052/img_04.jpg,dataset/person_1420/img_01.jpg,0,-0.054364
dataset/person_744/img_03.jpg,dataset/person_515/img_02.jpg,0,0.036118
dataset/person_256/img_04.jpg,dataset/person_916/img_05.jpg,0,-0.118600
dataset/person_1382/img_03.jpg,dataset/person_785/img_05.jpg,0,0.023583
dataset/person_535/img_02.jpg,dataset/person_162/img_08.jpg,0,-0.063950
dataset/person_661/img_07.jpg,dataset/person_713/img_10.jpg,0,-0.013942
dataset/person_535/img_04.jpg,dataset/person_989/img_01.jpg,0,0.162776
dataset/person_1382/img_06.jpg,dataset/person_064/img_02.jpg,0,0.097107
dataset/person_655/img_05.jpg,dataset/person_1151/img_02.jpg,0,-0.086593
dataset/person_785/img_04.jpg,dataset/person_369/img_01.jpg,0,-0.028832
dataset/person_1492/img_03.jpg,dataset/person_162/img_08.jpg,0,0.145438
dataset/person_924/img_06.jpg,dataset/person_313/img_04.jpg,0,-0.057113
dataset/person_1226/img_05.jpg,dataset/person_229/img_18.jpg,0,0.029535
dataset/person_354/img_03.jpg,dataset/person_1326/img_07.jpg,0,-0.139796
dataset/person_1492/img_30.jpg,dataset/person_1101/img_04.jpg,0,-0.064599
dataset/person_1244/img_02.jpg,dataset/person_1411/img_05.jpg,0,0.192122
dataset/person_963/img_05.jpg,dataset/person_1601/img_07.jpg,0,0.113961
dataset/person_1572/img_02.jpg,dataset/person_311/img_03.jpg,0,-0.010082
dataset/person_989/img_04.jpg,dataset/person_412/img_01.jpg,0,-0.059483
dataset/person_1382/img_05.jpg,dataset/person_1669/img_02.jpg,0,-0.030347
dataset/person_354/img_01.jpg,dataset/person_149/img_04.jpg,0,0.184427
dataset/person_1191/img_03.jpg,dataset/person_1202/img_02.jpg,0,-0.039141
dataset/person_853/img_14.jpg,dataset/person_474/img_05.jpg,0,0.048130
dataset/person_1382/img_07.jpg,dataset/person_309/img_05.jpg,0,-0.039372
dataset/person_585/img_08.jpg,dataset/person_246/img_05.jpg,0,0.065271
dataset/person_064/img_04.jpg,dataset/person_909/img_09.jpg,0,-0.092172
dataset/person_1371/img_04.jpg,dataset/person_1577/img_02.jpg,0,-0.009145
dataset/person_713/img_08.jpg,dataset/person_289/img_01.jpg,0,0.080765
dataset/person_162/img_02.jpg,dataset/person_040/img_01.jpg,0,0.009629
dataset/person_1420/img_02.jpg,dataset/person_1022/img_02.jpg,0,-0.047823
dataset/person_374/img_06.jpg,dataset/person_916/img_02.jpg,0,0.036132
dataset/person_1492/img_11.jpg,dataset/person_527/img_02.jpg,0,0.150306
dataset/person_655/img_02.jpg,dataset/person_1588/img_02.jpg,0,0.078298
dataset/person_1316/img_04.jpg,dataset/person_194/img_01.jpg,0,-0.106777
dataset/person_149/img_02.jpg,dataset/person_1244/img_02.jpg,0,-0.124613
dataset/person_935/img_03.jpg,dataset/person_1369/img_01.jpg,0,0.169649
dataset/person_1580/img_02.jpg,dataset/person_1486/img_03.jpg,0,-0.113639
dataset/person_1531/img_05.jpg,dataset/person_930/img_03.jpg,0,-0.026629
dataset/person_235/img_03.jpg,dataset/person_1191/img_01.jpg,0,-0.010850
dataset/person_412/img_04.jpg,dataset/person_1098/img_03.jpg,0,0.134734
dataset/person_519/img_04.jpg,dataset/person_049/img_03.jpg,0,0.188534
dataset/person_1387/img_05.jpg,dataset/person_043/img_27.jpg,0,0.006967
dataset/person_1580/img_05.jpg,dataset/person_870/img_04.jpg,0,-0.040719
dataset/person_713/img_08.jpg,dataset/person_710/img_03.jpg,0,0.042533
dataset/person_769/img_03.jpg,dataset/person_287/img_06.jpg,0,-0.098517
dataset/person_1371/img_05.jpg,dataset/person_391/img_01.jpg,0,-0.041586
dataset/person_311/img_01.jpg,dataset/person_930/img_04.jpg,0,-0.146121
dataset/person_191/img_05.jpg,dataset/person_861/img_03.jpg,0,-0.041545
dataset/person_1098/img_01.jpg,dataset/person_1382/img_08.jpg,0,0.192559
dataset/person_1382/img_02.jpg,dataset/person_1588/img_02.jpg,0,0.076380
dataset/person_869/img_03.jpg,dataset/person_1454/img_04.jpg,0,-0.032263
dataset/person_474/img_05.jpg,dataset/person_1563/img_04.jpg,0,0.141499
dataset/person_412/img_05.jpg,dataset/person_527/img_05.jpg,0,0.117579
dataset/person_815/img_02.jpg,dataset/person_935/img_04.jpg,0,0.172542
dataset/person_585/img_18.jpg,dataset/person_431/img_04.jpg,0,0.069012
dataset/person_1438/img_04.jpg,dataset/person_989/img_05.jpg,0,-0.019272
dataset/person_1438/img_01.jpg,dataset/person_559/img_03.jpg,0,0.107955
dataset/person_149/img_03.jpg,dataset/person_374/img_03.jpg,0,-0.047503
dataset/person_804/img_01.jpg,dataset/person_527/img_01.jpg,0,-0.197890
dataset/person_1151/img_03.jpg,dataset/person_412/img_05.jpg,0,0.068164
dataset/person_544/img_01.jpg,dataset/person_1244/img_16.jpg,0,-0.105808
dataset/person_1531/img_07.jpg,dataset/person_1355/img_01.jpg,0,0.037515
dataset/person_1490/img_01.jpg,dataset/person_111/img_04.jpg,0,-0.099092
dataset/person_1052/img_01.jpg,dataset/person_162/img_04.jpg,0,0.026949
dataset/person_861/img_07.jpg,dataset/person_391/img_02.jpg,0,0.200013
dataset/person_1601/img_04.jpg,dataset/person_1439/img_04.jpg,0,0.102525
dataset/person_601/img_02.jpg,dataset/person_515/img_01.jpg,0,0.138819
dataset/person_256/img_03.jpg,dataset/person_369/img_03.jpg,0,0.221774
dataset/person_1546/img_01.jpg,dataset/person_391/img_04.jpg,0,0.032586
dataset/person_229/img_02.jpg,dataset/person_022/img_01.jpg,0,0.220487
dataset/person_391/img_03.jpg,dataset/person_519/img_03.jpg,0,0.056767
dataset/person_1420/img_05.jpg,dataset/person_289/img_03.jpg,0,-0.186683
dataset/person_1226/img_05.jpg,dataset/person_065/img_25.jpg,0,-0.030135
dataset/person_1563/img_03.jpg,dataset/person_547/img_04.jpg,0,0.051594
dataset/person_1653/img_04.jpg,dataset/person_235/img_01.jpg,0,-0.012938
dataset/person_1454/img_04.jpg,dataset/person_785/img_03.jpg,0,-0.060307
dataset/person_1202/img_03.jpg,dataset/person_034/img_03.jpg,0,0.042441
dataset/person_162/img_06.jpg,dataset/person_891/img_04.jpg,0,0.043999
dataset/person_713/img_06.jpg,dataset/person_1658/img_05.jpg,0,-0.082596
dataset/person_916/img_05.jpg,dataset/person_043/img_29.jpg,0,-0.144677
dataset/person_783/img_07.jpg,dataset/person_1438/img_03.jpg,0,0.025367
dataset/person_1326/img_09.jpg,dataset/person_1262/img_10.jpg,0,0.082133
dataset/person_043/img_09.jpg,dataset/person_162/img_04.jpg,0,-0.222724
dataset/person_871/img_03.jpg,dataset/person_783/img_03.jpg,0,-0.031024
dataset/person_804/img_04.jpg,dataset/person_1580/img_09.jpg,0,0.030569
dataset/person_871/img_02.jpg,dataset/person_491/img_04.jpg,0,0.065689
dataset/person_149/img_03.jpg,dataset/person_585/img_02.jpg,0,0.125231
dataset/person_1101/img_03.jpg,dataset/person_1577/img_05.jpg,0,-0.044823
dataset/person_411/img_04.jpg,dataset/person_1490/img_01.jpg,0,0.101827
dataset/person_034/img_04.jpg,dataset/person_559/img_02.jpg,0,-0.078785
dataset/person_871/img_01.jpg,dataset/person_1244/img_06.jpg,0,-0.067197
dataset/person_162/img_08.jpg,dataset/person_909/img_31.jpg,0,-0.026121
dataset/person_1438/img_02.jpg,dataset/person_1580/img_21.jpg,0,0.042987
dataset/person_412/img_04.jpg,dataset/person_1018/img_01.jpg,0,-0.014303
dataset/person_1101/img_02.jpg,dataset/person_1052/img_03.jpg,0,-0.166515
dataset/person_601/img_01.jpg,dataset/person_1098/img_03.jpg,0,0.091557
dataset/person_930/img_03.jpg,dataset/person_871/img_04.jpg,0,0.067373
dataset/person_070/img_07.jpg,dataset/person_022/img_05.jpg,0,0.008686
dataset/person_219/img_04.jpg,dataset/person_655/img_09.jpg,0,0.042034
dataset/person_1155/img_01.jpg,dataset/person_1302/img_02.jpg,0,0.240932
dataset/person_367/img_03.jpg,dataset/person_391/img_04.jpg,0,0.154055
dataset/person_989/img_01.jpg,dataset/person_783/img_07.jpg,0,0.007680
dataset/person_1382/img_03.jpg,dataset/person_1669/img_04.jpg,0,0.314837
dataset/person_785/img_07.jpg,dataset/person_1371/img_02.jpg,0,0.178408
dataset/person_491/img_04.jpg,dataset/person_815/img_01.jpg,0,0.024971
dataset/person_1191/img_01.jpg,dataset/person_687/img_02.jpg,0,-0.009423
dataset/person_065/img_34.jpg,dataset/person_1309/img_05.jpg,0,-0.205727
dataset/person_1334/img_25.jpg,dataset/person_710/img_16.jpg,0,0.052746
dataset/person_149/img_04.jpg,dataset/person_1334/img_12.jpg,0,0.205928
dataset/person_585/img_13.jpg,dataset/person_374/img_05.jpg,0,0.073661
dataset/person_065/img_23.jpg,dataset/person_191/img_06.jpg,0,-0.088174
dataset/person_1217/img_03.jpg,dataset/person_1546/img_05.jpg,0,-0.013151
dataset/person_1226/img_03.jpg,dataset/person_1438/img_01.jpg,0,-0.037171
dataset/person_535/img_02.jpg,dataset/person_354/img_05.jpg,0,-0.003145
dataset/person_1454/img_03.jpg,dataset/person_909/img_24.jpg,0,-0.105062
dataset/person_804/img_03.jpg,dataset/person_713/img_01.jpg,0,-0.102723
dataset/person_049/img_04.jpg,dataset/person_544/img_03.jpg,0,0.176184
dataset/person_1438/img_03.jpg,dataset/person_519/img_05.jpg,0,-0.015052
dataset/person_519/img_06.jpg,dataset/person_191/img_06.jpg,0,0.042201
dataset/person_1191/img_02.jpg,dataset/person_896/img_14.jpg,0,-0.036398
dataset/person_909/img_08.jpg,dataset/person_1022/img_03.jpg,0,-0.220365
dataset/person_1262/img_08.jpg,dataset/person_1192/img_05.jpg,0,0.039272
dataset/person_769/img_10.jpg,dataset/person_309/img_04.jpg,0,0.055097
dataset/person_547/img_01.jpg,dataset/person_431/img_04.jpg,0,0.060688
dataset/person_1658/img_04.jpg,dataset/person_924/img_07.jpg,0,0.030324
dataset/person_1309/img_11.jpg,dataset/person_1355/img_03.jpg,0,-0.111588
dataset/person_515/img_02.jpg,dataset/person_544/img_04.jpg,0,-0.018535
dataset/person_1217/img_02.jpg,dataset/person_043/img_36.jpg,0,-0.109421
dataset/person_309/img_02.jpg,dataset/person_1563/img_01.jpg,0,0.073420
dataset/person_916/img_03.jpg,dataset/person_194/img_01.jpg,0,0.076009
dataset/person_519/img_01.jpg,dataset/person_311/img_01.jpg,0,0.042861
dataset/person_411/img_07.jpg,dataset/person_783/img_02.jpg,0,-0.108074
dataset/person_853/img_09.jpg,dataset/person_064/img_03.jpg,0,0.055349
dataset/person_655/img_04.jpg,dataset/person_491/img_01.jpg,0,-0.210601
dataset/person_1572/img_02.jpg,dataset/person_411/img_06.jpg,0,0.160673
dataset/person_661/img_09.jpg,dataset/person_311/img_02.jpg,0,-0.045827
dataset/person_1382/img_04.jpg,dataset/person_431/img_03.jpg,0,0.104143
dataset/person_870/img_03.jpg,dataset/person_1334/img_01.jpg,0,-0.156063
dataset/person_655/img_07.jpg,dataset/person_896/img_08.jpg,0,-0.104761
dataset/person_194/img_03.jpg,dataset/person_246/img_05.jpg,0,-0.057090
dataset/person_924/img_07.jpg,dataset/person_1018/img_04.jpg,0,-0.078740
dataset/person_1490/img_03.jpg,dataset/person_1226/img_05.jpg,0,-0.061639
dataset/person_1369/img_03.jpg,dataset/person_935/img_03.jpg,0,0.182828
dataset/person_1371/img_01.jpg,dataset/person_162/img_09.jpg,0,0.179204
dataset/person_1309/img_09.jpg,dataset/person_844/img_06.jpg,0,-0.013712
dataset/person_559/img_04.jpg,dataset/person_1018/img_05.jpg,0,0.000951
dataset/person_431/img_04.jpg,dataset/person_1316/img_05.jpg,0,0.002403
dataset/person_1101/img_03.jpg,dataset/person_034/img_02.jpg,0,-0.077190
dataset/person_515/img_01.jpg,dataset/person_391/img_02.jpg,0,-0.035737
dataset/person_309/img_05.jpg,dataset/person_1680/img_03.jpg,0,0.117633
dataset/person_896/img_12.jpg,dataset/person_309/img_04.jpg,0,0.245195
dataset/person_804/img_05.jpg,dataset/person_431/img_05.jpg,0,-0.126110
dataset/person_162/img_09.jpg,dataset/person_374/img_05.jpg,0,0.040175
dataset/person_776/img_01.jpg,dataset/person_1192/img_05.jpg,0,-0.021421
dataset/person_1439/img_02.jpg,dataset/person_219/img_04.jpg,0,0.034991
dataset/person_1101/img_04.jpg,dataset/person_1387/img_02.jpg,0,-0.037829
dataset/person_1369/img_02.jpg,dataset/person_1563/img_01.jpg,0,0.112173
dataset/person_815/img_07.jpg,dataset/person_1097/img_05.jpg,0,-0.066668
dataset/person_311/img_04.jpg,dataset/person_711/img_46.jpg,0,0.051930
dataset/person_1369/img_03.jpg,dataset/person_1226/img_03.jpg,0,-0.041167
dataset/person_924/img_07.jpg,dataset/person_1309/img_09.jpg,0,0.007131
dataset/person_519/img_08.jpg,dataset/person_1326/img_03.jpg,0,0.036933
dataset/person_287/img_02.jpg,dataset/person_1352/img_02.jpg,0,-0.086418
dataset/person_1192/img_11.jpg,dataset/person_111/img_04.jpg,0,-0.002936
dataset/person_043/img_11.jpg,dataset/person_1577/img_05.jpg,0,0.110375
dataset/person_1309/img_09.jpg,dataset/person_1226/img_09.jpg,0,-0.032250
dataset/person_963/img_09.jpg,dataset/person_065/img_14.jpg,0,0.098984
dataset/person_1217/img_01.jpg,dataset/person_1191/img_01.jpg,0,0.129827
dataset/person_844/img_01.jpg,dataset/person_111/img_02.jpg,0,-0.010046
dataset/person_1334/img_01.jpg,dataset/person_1226/img_01.jpg,0,-0.018948
dataset/person_191/img_04.jpg,dataset/person_1653/img_01.jpg,0,-0.085546
dataset/person_064/img_01.jpg,dataset/person_930/img_04.jpg,0,0.069068
dataset/person_655/img_02.jpg,dataset/person_1572/img_01.jpg,0,0.006515
dataset/person_313/img_05.jpg,dataset/person_1052/img_02.jpg,0,0.010775
dataset/person_1546/img_01.jpg,dataset/person_1572/img_03.jpg,0,-0.193712
dataset/person_070/img_06.jpg,dataset/person_935/img_02.jpg,0,-0.100152
dataset/person_916/img_03.jpg,dataset/person_313/img_06.jpg,0,-0.036084
dataset/person_519/img_02.jpg,dataset/person_1355/img_01.jpg,0,-0.075293
dataset/person_783/img_03.jpg,dataset/person_219/img_04.jpg,0,0.097218
dataset/person_783/img_07.jpg,dataset/person_713/img_09.jpg,0,0.043088
dataset/person_515/img_02.jpg,dataset/person_1170/img_03.jpg,0,-0.044938
dataset/person_1438/img_03.jpg,dataset/person_1588/img_01.jpg,0,-0.070226
dataset/person_049/img_02.jpg,dataset/person_022/img_01.jpg,0,-0.055860
dataset/person_1680/img_04.jpg,dataset/person_861/img_03.jpg,0,-0.102781
dataset/person_022/img_03.jpg,dataset/person_1546/img_03.jpg,0,0.071066
dataset/person_711/img_25.jpg,dataset/person_374/img_04.jpg,0,-0.021330
dataset/person_861/img_06.jpg,dataset/person_1022/img_01.jpg,0,0.128480
dataset/person_924/img_01.jpg,dataset/person_559/img_04.jpg,0,-0.029862
dataset/person_1653/img_04.jpg,dataset/person_916/img_04.jpg,0,0.034224
dataset/person_1382/img_02.jpg,dataset/person_1097/img_01.jpg,0,0.331655
dataset/person_924/img_04.jpg,dataset/person_515/img_03.jpg,0,0.366038
dataset/person_1420/img_01.jpg,dataset/person_896/img_12.jpg,0,-0.097758
dataset/person_1097/img_02.jpg,dataset/person_601/img_03.jpg,0,0.150873
dataset/person_022/img_04.jpg,dataset/person_815/img_05.jpg,0,-0.076852
dataset/person_1454/img_04.jpg,dataset/person_1098/img_05.jpg,0,-0.125610
dataset/person_844/img_05.jpg,dataset/person_963/img_08.jpg,0,0.045484
dataset/person_064/img_01.jpg,dataset/person_287/img_03.jpg,0,-0.201019
dataset/person_769/img_04.jpg,dataset/person_354/img_04.jpg,0,0.005763
dataset/person_1601/img_04.jpg,dataset/person_313/img_05.jpg,0,-0.030306
dataset/person_313/img_07.jpg,dataset/person_1191/img_05.jpg,0,0.077779
dataset/person_661/img_10.jpg,dataset/person_355/img_05.jpg,0,0.001882
dataset/person_1580/img_25.jpg,dataset/person_1202/img_04.jpg,0,-0.079377
dataset/person_783/img_05.jpg,dataset/person_034/img_02.jpg,0,0.160967
dataset/person_311/img_01.jpg,dataset/person_1653/img_04.jpg,0,0.072777
dataset/person_1531/img_06.jpg,dataset/person_043/img_38.jpg,0,0.016325
dataset/person_162/img_06.jpg,dataset/person_1244/img_15.jpg,0,0.104006
dataset/person_870/img_04.jpg,dataset/person_1022/img_07.jpg,0,-0.070998
dataset/person_040/img_02.jpg,dataset/person_559/img_02.jpg,0,0.050990
dataset/person_040/img_02.jpg,dataset/person_1097/img_04.jpg,0,-0.025544
dataset/person_909/img_23.jpg,dataset/person_585/img_15.jpg,0,0.111898
dataset/person_870/img_02.jpg,dataset/person_474/img_07.jpg,0,0.156188
dataset/person_034/img_01.jpg,dataset/person_1420/img_05.jpg,0,0.162946
dataset/person_871/img_03.jpg,dataset/person_022/img_02.jpg,0,-0.068405
dataset/person_1022/img_08.jpg,dataset/person_783/img_03.jpg,0,0.140929
dataset/person_1486/img_06.jpg,dataset/person_256/img_01.jpg,0,-0.175001
dataset/person_1680/img_04.jpg,dataset/person_229/img_10.jpg,0,-0.037196
dataset/person_601/img_02.jpg,dataset/person_1097/img_04.jpg,0,0.166694
dataset/person_1411/img_05.jpg,dataset/person_1572/img_02.jpg,0,0.149164
dataset/person_783/img_01.jpg,dataset/person_1022/img_03.jpg,0,-0.168024
dataset/person_1387/img_05.jpg,dataset/person_1097/img_05.jpg,0,0.181959
dataset/person_1580/img_28.jpg,dataset/person_1170/img_03.jpg,0,-0.002306
dataset/person_1226/img_03.jpg,dataset/person_1202/img_04.jpg,0,-0.041562
dataset/person_1486/img_02.jpg,dataset/person_256/img_04.jpg,0,0.026465
dataset/person_065/img_17.jpg,dataset/person_815/img_06.jpg,0,0.052903
dataset/person_687/img_03.jpg,dataset/person_1531/img_03.jpg,0,0.177916
dataset/person_1101/img_03.jpg,dataset/person_853/img_10.jpg,0,0.040998
dataset/person_1546/img_01.jpg,dataset/person_229/img_11.jpg,0,-0.035401
dataset/person_1653/img_02.jpg,dataset/person_776/img_01.jpg,0,-0.156185
dataset/person_870/img_02.jpg,dataset/person_367/img_02.jpg,0,-0.162393
dataset/person_870/img_03.jpg,dataset/person_896/img_08.jpg,0,0.003339
dataset/person_861/img_01.jpg,dataset/person_022/img_01.jpg,0,0.137343
dataset/person_1018/img_04.jpg,dataset/person_474/img_04.jpg,0,-0.098647
dataset/person_963/img_06.jpg,dataset/person_601/img_04.jpg,0,0.109258
dataset/person_1387/img_04.jpg,dataset/person_065/img_11.jpg,0,0.094352
dataset/person_1316/img_02.jpg,dataset/person_853/img_09.jpg,0,0.043629
dataset/person_870/img_04.jpg,dataset/person_891/img_02.jpg,0,0.075197
dataset/person_246/img_05.jpg,dataset/person_1202/img_03.jpg,0,0.074770
dataset/person_911/img_03.jpg,dataset/person_661/img_01.jpg,0,0.065616
dataset/person_070/img_04.jpg,dataset/person_1097/img_05.jpg,0,-0.059113
dataset/person_519/img_09.jpg,dataset/person_930/img_02.jpg,0,-0.230615
dataset/person_1202/img_03.jpg,dataset/person_559/img_04.jpg,0,-0.081748
dataset/person_1352/img_03.jpg,dataset/person_1097/img_04.jpg,0,0.093229
dataset/person_1022/img_06.jpg,dataset/person_1572/img_01.jpg,0,-0.083917
dataset/person_219/img_01.jpg,dataset/person_1018/img_03.jpg,0,0.247361
dataset/person_354/img_01.jpg,dataset/person_515/img_01.jpg,0,-0.035505
dataset/person_111/img_03.jpg,dataset/person_367/img_01.jpg,0,-0.061777
dataset/person_412/img_04.jpg,dataset/person_1226/img_02.jpg,0,-0.069746
dataset/person_844/img_02.jpg,dataset/person_527/img_03.jpg,0,-0.169828
dataset/person_1244/img_03.jpg,dataset/person_162/img_01.jpg,0,0.301236
dataset/person_711/img_15.jpg,dataset/person_1531/img_08.jpg,0,-0.066461
dataset/person_065/img_09.jpg,dataset/person_853/img_07.jpg,0,0.127767
dataset/person_064/img_04.jpg,dataset/person_049/img_01.jpg,0,0.011809
dataset/person_815/img_05.jpg,dataset/person_1653/img_03.jpg,0,-0.137491
dataset/person_547/img_01.jpg,dataset/person_034/img_04.jpg,0,-0.030596
dataset/person_1369/img_01.jpg,dataset/person_924/img_05.jpg,0,0.038085
dataset/person_367/img_03.jpg,dataset/person_783/img_05.jpg,0,0.066728
dataset/person_655/img_12.jpg,dataset/person_1454/img_03.jpg,0,0.060470
dataset/person_1334/img_21.jpg,dataset/person_815/img_02.jpg,0,-0.104628
dataset/person_804/img_05.jpg,dataset/person_355/img_04.jpg,0,0.005784
dataset/person_1588/img_02.jpg,dataset/person_374/img_04.jpg,0,-0.120250
dataset/person_1490/img_05.jpg,dataset/person_1155/img_03.jpg,0,0.108098
dataset/person_1387/img_01.jpg,dataset/person_194/img_04.jpg,0,-0.008398
dataset/person_869/img_02.jpg,dataset/person_687/img_02.jpg,0,-0.197123
dataset/person_194/img_03.jpg,dataset/person_1302/img_05.jpg,0,-0.030609
dataset/person_1052/img_01.jpg,dataset/person_1316/img_01.jpg,0,0.119481
dataset/person_1371/img_01.jpg,dataset/person_1486/img_03.jpg,0,-0.099626
dataset/person_1492/img_26.jpg,dataset/person_776/img_04.jpg,0,-0.121156
dataset/person_547/img_01.jpg,dataset/person_1244/img_15.jpg,0,-0.019105
dataset/person_916/img_02.jpg,dataset/person_1411/img_06.jpg,0,-0.220033
dataset/person_1531/img_05.jpg,dataset/person_1658/img_05.jpg,0,0.032215
dataset/person_744/img_08.jpg,dataset/person_909/img_22.jpg,0,0.017757
dataset/person_896/img_03.jpg,dataset/person_935/img_04.jpg,0,-0.029857
dataset/person_289/img_04.jpg,dataset/person_070/img_07.jpg,0,0.029080
dataset/person_1382/img_07.jpg,dataset/person_311/img_01.jpg,0,0.131921
dataset/person_711/img_29.jpg,dataset/person_162/img_04.jpg,0,0.353707
dataset/person_374/img_02.jpg,dataset/person_313/img_05.jpg,0,-0.106768
dataset/person_916/img_05.jpg,dataset/person_1420/img_05.jpg,0,-0.035001
dataset/person_1262/img_05.jpg,dataset/person_313/img_03.jpg,0,-0.154262
dataset/person_1439/img_02.jpg,dataset/person_804/img_04.jpg,0,-0.066012
dataset/person_935/img_03.jpg,dataset/person_804/img_04.jpg,0,0.024239
dataset/person_935/img_01.jpg,dataset/person_1170/img_03.jpg,0,-0.038580
dataset/person_1486/img_08.jpg,dataset/person_065/img_29.jpg,0,0.049318
dataset/person_963/img_01.jpg,dataset/person_1387/img_04.jpg,0,-0.163767
dataset/person_1531/img_06.jpg,dataset/person_1669/img_03.jpg,0,-0.023260
dataset/person_1052/img_04.jpg,dataset/person_1531/img_03.jpg,0,0.368342
dataset/person_1309/img_03.jpg,dataset/person_355/img_06.jpg,0,-0.144052
dataset/person_853/img_02.jpg,dataset/person_034/img_05.jpg,0,0.098663
dataset/person_989/img_03.jpg,dataset/person_1486/img_02.jpg,0,0.205865
dataset/person_064/img_03.jpg,dataset/person_235/img_06.jpg,0,0.075549
dataset/person_043/img_39.jpg,dataset/person_535/img_01.jpg,0,0.015686
dataset/person_911/img_01.jpg,dataset/person_1334/img_03.jpg,0,0.024700
dataset/person_1098/img_05.jpg,dataset/person_191/img_04.jpg,0,0.151869
dataset/person_1098/img_06.jpg,dataset/person_391/img_01.jpg,0,-0.063509
dataset/person_1191/img_03.jpg,dataset/person_1486/img_08.jpg,0,0.016517
dataset/person_547/img_01.jpg,dataset/person_1572/img_02.jpg,0,0.019939
dataset/person_1217/img_01.jpg,dataset/person_491/img_04.jpg,0,-0.039335
dataset/person_655/img_06.jpg,dataset/person_431/img_02.jpg,0,0.007302
dataset/person_1439/img_03.jpg,dataset/person_844/img_02.jpg,0,-0.091421
dataset/person_547/img_01.jpg,dataset/person_1226/img_02.jpg,0,0.120138
dataset/person_535/img_02.jpg,dataset/person_1170/img_04.jpg,0,0.004064
dataset/person_924/img_07.jpg,dataset/person_1439/img_03.jpg,0,0.037459
dataset/person_896/img_01.jpg,dataset/person_070/img_02.jpg,0,0.019441
dataset/person_891/img_01.jpg,dataset/person_1601/img_02.jpg,0,-0.047558
dataset/person_1439/img_03.jpg,dataset/person_111/img_02.jpg,0,-0.002460
dataset/person_891/img_02.jpg,dataset/person_661/img_06.jpg,0,-0.016991
dataset/person_804/img_06.jpg,dataset/person_519/img_05.jpg,0,0.036613
dataset/person_1658/img_05.jpg,dataset/person_491/img_03.jpg,0,0.091595
dataset/person_049/img_03.jpg,dataset/person_1658/img_01.jpg,0,0.054723
dataset/person_861/img_02.jpg,dataset/person_235/img_04.jpg,0,-0.088529
dataset/person_601/img_02.jpg,dataset/person_1262/img_08.jpg,0,-0.081324
dataset/person_391/img_01.jpg,dataset/person_313/img_06.jpg,0,0.109252
dataset/person_601/img_03.jpg,dataset/person_711/img_42.jpg,0,-0.042709
dataset/person_043/img_15.jpg,dataset/person_930/img_01.jpg,0,-0.024242
dataset/person_065/img_26.jpg,dataset/person_034/img_03.jpg,0,-0.059973
dataset/person_544/img_02.jpg,dataset/person_431/img_03.jpg,0,-0.090431
dataset/person_769/img_01.jpg,dataset/person_661/img_04.jpg,0,0.040531
dataset/person_559/img_05.jpg,dataset/person_916/img_01.jpg,0,0.267841
dataset/person_022/img_03.jpg,dataset/person_1387/img_02.jpg,0,0.018404
dataset/person_049/img_02.jpg,dataset/person_909/img_28.jpg,0,-0.036357
dataset/person_064/img_03.jpg,dataset/person_246/img_01.jpg,0,0.005514
dataset/person_1022/img_05.jpg,dataset/person_311/img_01.jpg,0,-0.168428
dataset/person_1326/img_06.jpg,dataset/person_519/img_03.jpg,0,0.010995
dataset/person_311/img_03.jpg,dataset/person_1492/img_16.jpg,0,-0.031272
dataset/person_930/img_03.jpg,dataset/person_1546/img_02.jpg,0,-0.009643
dataset/person_064/img_04.jpg,dataset/person_1531/img_02.jpg,0,0.115117
dataset/person_049/img_04.jpg,dataset/person_070/img_04.jpg,0,-0.037781
dataset/person_355/img_01.jpg,dataset/person_367/img_06.jpg,0,0.115889
dataset/person_040/img_04.jpg,dataset/person_1577/img_05.jpg,0,-0.126573
dataset/person_070/img_05.jpg,dataset/person_1022/img_07.jpg,0,0.140194
dataset/person_655/img_08.jpg,dataset/person_1658/img_03.jpg,0,-0.034346
dataset/person_064/img_02.jpg,dataset/person_776/img_08.jpg,0,-0.102380
dataset/person_246/img_02.jpg,dataset/person_1382/img_04.jpg,0,-0.009099
dataset/person_527/img_05.jpg,dataset/person_1262/img_05.jpg,0,-0.021072
dataset/person_1438/img_03.jpg,dataset/person_369/img_02.jpg,0,-0.158160
dataset/person_1680/img_02.jpg,dataset/person_1563/img_03.jpg,0,0.025076
dataset/person_1454/img_02.jpg,dataset/person_034/img_02.jpg,0,0.081397
dataset/person_491/img_01.jpg,dataset/person_1490/img_01.jpg,0,-0.037676
dataset/person_235/img_04.jpg,dataset/person_1316/img_03.jpg,0,0.036290
dataset/person_1369/img_04.jpg,dataset/person_1155/img_02.jpg,0,0.115547
dataset/person_1396/img_04.jpg,dataset/person_1101/img_03.jpg,0,0.267122
dataset/person_1244/img_02.jpg,dataset/person_369/img_02.jpg,0,0.295252
dataset/person_527/img_02.jpg,dataset/person_367/img_02.jpg,0,-0.057164
dataset/person_785/img_03.jpg,dataset/person_1326/img_06.jpg,0,0.117524
dataset/person_871/img_01.jpg,dataset/person_1098/img_01.jpg,0,-0.026935
dataset/person_710/img_02.jpg,dataset/person_783/img_05.jpg,0,0.030922
dataset/person_064/img_04.jpg,dataset/person_515/img_01.jpg,0,0.047737
dataset/person_1492/img_01.jpg,dataset/person_1355/img_04.jpg,0,0.193166
dataset/person_256/img_02.jpg,dataset/person_1369/img_01.jpg,0,-0.108016
dataset/person_1192/img_02.jpg,dataset/person_911/img_01.jpg,0,-0.046014
dataset/person_1572/img_04.jpg,dataset/person_1577/img_02.jpg,0,-0.092547
dataset/person_785/img_05.jpg,dataset/person_1170/img_01.jpg,0,0.102971
dataset/person_1396/img_03.jpg,dataset/person_916/img_04.jpg,0,0.032784
dataset/person_1486/img_08.jpg,dataset/person_713/img_06.jpg,0,-0.036455
dataset/person_871/img_02.jpg,dataset/person_355/img_01.jpg,0,-0.241016
dataset/person_1217/img_04.jpg,dataset/person_374/img_03.jpg,0,0.029543
dataset/person_1217/img_01.jpg,dataset/person_1577/img_02.jpg,0,0.130392
dataset/person_869/img_07.jpg,dataset/person_1352/img_03.jpg,0,-0.024462
dataset/person_804/img_06.jpg,dataset/person_034/img_02.jpg,0,0.173990
dataset/person_1680/img_03.jpg,dataset/person_1546/img_05.jpg,0,-0.065750
dataset/person_1244/img_09.jpg,dataset/person_1022/img_08.jpg,0,-0.034408
dataset/person_191/img_01.jpg,dataset/person_911/img_05.jpg,0,0.101292
dataset/person_1155/img_04.jpg,dataset/person_022/img_01.jpg,0,0.245371
dataset/person_1097/img_03.jpg,dataset/person_804/img_07.jpg,0,0.130136
dataset/person_1202/img_01.jpg,dataset/person_1326/img_03.jpg,0,0.086284
dataset/person_1262/img_03.jpg,dataset/person_1653/img_01.jpg,0,-0.053939
dataset/person_515/img_05.jpg,dataset/person_785/img_06.jpg,0,0.116387
dataset/person_527/img_01.jpg,dataset/person_1217/img_03.jpg,0,0.063559
dataset/person_930/img_01.jpg,dataset/person_289/img_04.jpg,0,0.113351
dataset/person_661/img_11.jpg,dataset/person_022/img_03.jpg,0,0.164849
dataset/person_355/img_04.jpg,dataset/person_1098/img_01.jpg,0,0.015459
dataset/person_769/img_09.jpg,dataset/person_111/img_04.jpg,0,-0.131453
dataset/person_1316/img_03.jpg,dataset/person_309/img_03.jpg,0,0.206581
dataset/person_313/img_10.jpg,dataset/person_1052/img_03.jpg,0,0.122960
dataset/person_355/img_04.jpg,dataset/person_711/img_45.jpg,0,0.124279
dataset/person_194/img_01.jpg,dataset/person_1217/img_04.jpg,0,0.042649
dataset/person_354/img_01.jpg,dataset/person_287/img_06.jpg,0,0.059394
dataset/person_065/img_22.jpg,dataset/person_713/img_04.jpg,0,0.025740
dataset/person_219/img_02.jpg,dataset/person_309/img_01.jpg,0,0.009948
dataset/person_313/img_10.jpg,dataset/person_1563/img_02.jpg,0,0.022630
dataset/person_256/img_05.jpg,dataset/person_930/img_04.jpg,0,0.228996
dataset/person_924/img_07.jpg,dataset/person_1226/img_09.jpg,0,0.161214
dataset/person_1387/img_03.jpg,dataset/person_1486/img_01.jpg,0,-0.003807
dataset/person_527/img_05.jpg,dataset/person_1098/img_02.jpg,0,0.207806
dataset/person_1217/img_04.jpg,dataset/person_661/img_03.jpg,0,0.103205
dataset/person_022/img_02.jpg,dataset/person_065/img_14.jpg,0,-0.006639
dataset/person_412/img_05.jpg,dataset/person_1411/img_02.jpg,0,-0.189631
dataset/person_474/img_04.jpg,dataset/person_963/img_03.jpg,0,0.096161
dataset/person_527/img_01.jpg,dataset/person_1192/img_05.jpg,0,-0.061711
dataset/person_1097/img_03.jpg,dataset/person_1387/img_04.jpg,0,0.309105
dataset/person_1387/img_02.jpg,dataset/person_519/img_03.jpg,0,0.072606
dataset/person_963/img_09.jpg,dataset/person_711/img_48.jpg,0,0.009048
dataset/person_111/img_04.jpg,dataset/person_1018/img_03.jpg,0,-0.198644
dataset/person_367/img_06.jpg,dataset/person_411/img_04.jpg,0,0.093904
dataset/person_585/img_22.jpg,dataset/person_034/img_02.jpg,0,-0.065884
dataset/person_710/img_01.jpg,dataset/person_474/img_03.jpg,0,-0.039974
dataset/person_049/img_02.jpg,dataset/person_491/img_01.jpg,0,-0.085731
dataset/person_1387/img_02.jpg,dataset/person_989/img_02.jpg,0,0.004078
dataset/person_871/img_02.jpg,dataset/person_1155/img_04.jpg,0,-0.120079
dataset/person_235/img_02.jpg,dataset/person_1492/img_07.jpg,0,-0.112498
dataset/person_1355/img_02.jpg,dataset/person_1546/img_01.jpg,0,-0.117262
dataset/person_924/img_07.jpg,dataset/person_776/img_03.jpg,0,0.063575
dataset/person_246/img_04.jpg,dataset/person_1097/img_03.jpg,0,-0.030954
dataset/person_911/img_04.jpg,dataset/person_065/img_17.jpg,0,-0.085716
dataset/person_1577/img_01.jpg,dataset/person_1302/img_01.jpg,0,-0.188368
dataset/person_1490/img_05.jpg,dataset/person_655/img_04.jpg,0,-0.254148
dataset/person_989/img_04.jpg,dataset/person_861/img_08.jpg,0,-0.033219
dataset/person_1680/img_04.jpg,dataset/person_1492/img_07.jpg,0,-0.039004
dataset/person_412/img_02.jpg,dataset/person_309/img_02.jpg,0,-0.092276
dataset/person_769/img_11.jpg,dataset/person_1022/img_01.jpg,0,0.123425
dataset/person_519/img_02.jpg,dataset/person_1202/img_04.jpg,0,-0.046812
dataset/person_547/img_01.jpg,dataset/person_911/img_04.jpg,0,-0.004584
dataset/person_1420/img_05.jpg,dataset/person_1563/img_01.jpg,0,-0.008008
dataset/person_891/img_05.jpg,dataset/person_1202/img_02.jpg,0,-0.135771
dataset/person_1151/img_01.jpg,dataset/person_783/img_03.jpg,0,0.047414
dataset/person_1355/img_03.jpg,dataset/person_869/img_02.jpg,0,0.021683
dataset/person_431/img_04.jpg,dataset/person_1572/img_02.jpg,0,-0.039412
dataset/person_1192/img_02.jpg,dataset/person_355/img_07.jpg,0,-0.084864
dataset/person_896/img_02.jpg,dataset/person_1302/img_04.jpg,0,0.107082
dataset/person_229/img_17.jpg,dataset/person_034/img_01.jpg,0,-0.003695
dataset/person_1531/img_09.jpg,dataset/person_1580/img_24.jpg,0,0.110892
dataset/person_869/img_07.jpg,dataset/person_1601/img_08.jpg,0,0.051994
dataset/person_713/img_01.jpg,dataset/person_909/img_25.jpg,0,0.049062
dataset/person_1334/img_13.jpg,dataset/person_585/img_05.jpg,0,0.026190
dataset/person_1052/img_04.jpg,dataset/person_367/img_03.jpg,0,-0.082606
dataset/person_1531/img_05.jpg,dataset/person_070/img_05.jpg,0,-0.103996
dataset/person_1396/img_03.jpg,dataset/person_776/img_05.jpg,0,-0.132705
dataset/person_519/img_08.jpg,dataset/person_049/img_04.jpg,0,0.331719
dataset/person_1577/img_03.jpg,dataset/person_1302/img_05.jpg,0,-0.089223
dataset/person_769/img_04.jpg,dataset/person_1262/img_10.jpg,0,0.042101
dataset/person_1601/img_01.jpg,dataset/person_1490/img_03.jpg,0,0.447523
dataset/person_515/img_04.jpg,dataset/person_411/img_03.jpg,0,0.086698
dataset/person_1680/img_02.jpg,dataset/person_1262/img_03.jpg,0,-0.081370
dataset/person_1572/img_04.jpg,dataset/person_1170/img_01.jpg,0,-0.142962
dataset/person_1097/img_02.jpg,dataset/person_1411/img_03.jpg,0,-0.170167
dataset/person_1316/img_04.jpg,dataset/person_783/img_06.jpg,0,0.013601
dataset/person_1170/img_03.jpg,dataset/person_935/img_03.jpg,0,0.143818
dataset/person_1382/img_03.jpg,dataset/person_544/img_01.jpg,0,0.264105
dataset/person_544/img_01.jpg,dataset/person_256/img_05.jpg,0,0.021112
dataset/person_710/img_04.jpg,dataset/person_235/img_06.jpg,0,-0.029058
dataset/person_431/img_04.jpg,dataset/person_989/img_02.jpg,0,0.014937
dataset/person_491/img_03.jpg,dataset/person_1352/img_02.jpg,0,-0.084494
dataset/person_527/img_05.jpg,dataset/person_391/img_04.jpg,0,0.235465
dataset/person_1371/img_02.jpg,dataset/person_1326/img_09.jpg,0,-0.014384
dataset/person_149/img_02.jpg,dataset/person_815/img_02.jpg,0,-0.073325
dataset/person_911/img_01.jpg,dataset/person_1531/img_06.jpg,0,0.014155
dataset/person_309/img_02.jpg,dataset/person_1352/img_04.jpg,0,0.030448
dataset/person_1371/img_01.jpg,dataset/person_1302/img_02.jpg,0,0.334854
dataset/person_1022/img_06.jpg,dataset/person_1052/img_04.jpg,0,0.083201
dataset/person_1580/img_24.jpg,dataset/person_043/img_18.jpg,0,0.016599
dataset/person_1546/img_04.jpg,dataset/person_891/img_04.jpg,0,0.205593
dataset/person_935/img_03.jpg,dataset/person_559/img_04.jpg,0,-0.018453
dataset/person_1486/img_08.jpg,dataset/person_785/img_04.jpg,0,0.069702
dataset/person_374/img_06.jpg,dataset/person_655/img_13.jpg,0,-0.158608
dataset/person_1382/img_06.jpg,dataset/person_661/img_04.jpg,0,0.262745
dataset/person_1531/img_07.jpg,dataset/person_1352/img_06.jpg,0,0.020245
dataset/person_355/img_07.jpg,dataset/person_194/img_03.jpg,0,-0.053007
dataset/person_1577/img_05.jpg,dataset/person_1572/img_05.jpg,0,0.059876
dataset/person_1563/img_01.jpg,dataset/person_815/img_04.jpg,0,-0.151038
dataset/person_1309/img_05.jpg,dataset/person_924/img_02.jpg,0,-0.228727
dataset/person_1052/img_03.jpg,dataset/person_1226/img_05.jpg,0,0.088964
dataset/person_1546/img_05.jpg,dataset/person_040/img_01.jpg,0,0.229918
dataset/person_367/img_07.jpg,dataset/person_1486/img_05.jpg,0,-0.028142
dataset/person_256/img_03.jpg,dataset/person_1097/img_02.jpg,0,0.193016
dataset/person_744/img_20.jpg,dataset/person_1580/img_10.jpg,0,0.059312
dataset/person_1454/img_03.jpg,dataset/person_783/img_05.jpg,0,-0.086533
dataset/person_1563/img_03.jpg,dataset/person_1577/img_04.jpg,0,-0.187642
dataset/person_1244/img_08.jpg,dataset/person_111/img_01.jpg,0,0.081757
dataset/person_1680/img_03.jpg,dataset/person_896/img_03.jpg,0,0.214950
dataset/person_1352/img_02.jpg,dataset/person_1546/img_03.jpg,0,0.082746
dataset/person_1244/img_04.jpg,dataset/person_1572/img_03.jpg,0,-0.063176
dataset/person_065/img_17.jpg,dataset/person_535/img_02.jpg,0,0.080596
dataset/person_1355/img_02.jpg,dataset/person_785/img_04.jpg,0,-0.142605
dataset/person_844/img_05.jpg,dataset/person_111/img_03.jpg,0,-0.107443
dataset/person_911/img_02.jpg,dataset/person_1438/img_01.jpg,0,-0.051845
dataset/person_1669/img_04.jpg,dataset/person_355/img_02.jpg,0,-0.041011
dataset/person_527/img_04.jpg,dataset/person_769/img_04.jpg,0,-0.078577
dataset/person_1101/img_01.jpg,dataset/person_930/img_01.jpg,0,0.305306
dataset/person_309/img_01.jpg,dataset/person_515/img_04.jpg,0,-0.096745
dataset/person_289/img_03.jpg,dataset/person_853/img_06.jpg,0,-0.077063
dataset/person_1191/img_01.jpg,dataset/person_989/img_01.jpg,0,0.023757
dataset/person_1546/img_05.jpg,dataset/person_687/img_04.jpg,0,-0.030559
dataset/person_1097/img_05.jpg,dataset/person_935/img_03.jpg,0,0.240292
dataset/person_1439/img_02.jpg,dataset/person_1202/img_03.jpg,0,0.034402
dataset/person_844/img_05.jpg,dataset/person_527/img_02.jpg,0,-0.000544
dataset/person_1653/img_04.jpg,dataset/person_911/img_03.jpg,0,0.011974
dataset/person_1382/img_08.jpg,dataset/person_870/img_01.jpg,0,-0.017727
dataset/person_111/img_02.jpg,dataset/person_235/img_06.jpg,0,0.043702
dataset/person_1202/img_01.jpg,dataset/person_896/img_12.jpg,0,0.248937
dataset/person_289/img_03.jpg,dataset/person_1588/img_02.jpg,0,-0.151718
dataset/person_1326/img_08.jpg,dataset/person_924/img_04.jpg,0,0.176972
dataset/person_1669/img_04.jpg,dataset/person_1155/img_04.jpg,0,-0.060007
dataset/person_547/img_04.jpg,dataset/person_1454/img_02.jpg,0,0.079873
dataset/person_1262/img_01.jpg,dataset/person_191/img_01.jpg,0,0.117681
dataset/person_1387/img_01.jpg,dataset/person_930/img_01.jpg,0,-0.147876
dataset/person_963/img_06.jpg,dataset/person_744/img_05.jpg,0,-0.042006
dataset/person_844/img_02.jpg,dataset/person_1658/img_01.jpg,0,0.208858
dataset/person_963/img_06.jpg,dataset/person_989/img_03.jpg,0,-0.167406
dataset/person_519/img_01.jpg,dataset/person_287/img_01.jpg,0,-0.018005
dataset/person_043/img_10.jpg,dataset/person_935/img_04.jpg,0,-0.071653
dataset/person_871/img_02.jpg,dataset/person_547/img_02.jpg,0,-0.076754
dataset/person_1018/img_02.jpg,dataset/person_1438/img_03.jpg,0,-0.065084
dataset/person_191/img_02.jpg,dataset/person_527/img_01.jpg,0,0.022841
dataset/person_162/img_05.jpg,dataset/person_043/img_15.jpg,0,-0.171854
dataset/person_367/img_07.jpg,dataset/person_559/img_01.jpg,0,-0.107278
dataset/person_769/img_04.jpg,dataset/person_935/img_04.jpg,0,0.070890
dataset/person_289/img_01.jpg,dataset/person_815/img_04.jpg,0,0.291076
dataset/person_1217/img_01.jpg,dataset/person_930/img_02.jpg,0,0.055343
dataset/person_1151/img_07.jpg,dataset/person_1302/img_05.jpg,0,-0.049528
dataset/person_1490/img_02.jpg,dataset/person_601/img_04.jpg,0,-0.073415
dataset/person_1226/img_01.jpg,dataset/person_930/img_02.jpg,0,0.083361
dataset/person_367/img_06.jpg,dataset/person_661/img_14.jpg,0,-0.060051
dataset/person_229/img_08.jpg,dataset/person_783/img_03.jpg,0,0.000027
dataset/person_1155/img_03.jpg,dataset/person_661/img_10.jpg,0,0.046533
dataset/person_1492/img_14.jpg,dataset/person_853/img_08.jpg,0,-0.176721
dataset/person_1191/img_02.jpg,dataset/person_1217/img_04.jpg,0,-0.245088
dataset/person_1334/img_20.jpg,dataset/person_585/img_07.jpg,0,-0.072807
dataset/person_1226/img_05.jpg,dataset/person_022/img_03.jpg,0,0.285155
dataset/person_871/img_02.jpg,dataset/person_194/img_03.jpg,0,-0.018788
dataset/person_1326/img_04.jpg,dataset/person_1155/img_04.jpg,0,-0.089677
dataset/person_162/img_09.jpg,dataset/person_1097/img_03.jpg,0,-0.142482
dataset/person_049/img_04.jpg,dataset/person_194/img_01.jpg,0,-0.087152
dataset/person_930/img_04.jpg,dataset/person_065/img_03.jpg,0,-0.021732
dataset/person_256/img_04.jpg,dataset/person_1244/img_20.jpg,0,0.014756
dataset/person_235/img_01.jpg,dataset/person_783/img_07.jpg,0,-0.024603
dataset/person_246/img_02.jpg,dataset/person_815/img_07.jpg,0,-0.172662
dataset/person_871/img_04.jpg,dataset/person_1302/img_01.jpg,0,0.169878
dataset/person_1098/img_04.jpg,dataset/person_034/img_01.jpg,0,0.109665
dataset/person_1192/img_02.jpg,dataset/person_1577/img_03.jpg,0,-0.116031
dataset/person_515/img_05.jpg,dataset/person_870/img_02.jpg,0,0.079103
dataset/person_916/img_05.jpg,dataset/person_354/img_02.jpg,0,-0.199586
dataset/person_601/img_04.jpg,dataset/person_1097/img_04.jpg,0,-0.002492
dataset/person_963/img_05.jpg,dataset/person_601/img_03.jpg,0,-0.005305
dataset/person_776/img_08.jpg,dataset/person_1580/img_13.jpg,0,-0.076761
dataset/person_1454/img_03.jpg,dataset/person_1658/img_02.jpg,0,-0.057369
dataset/person_1191/img_02.jpg,dataset/person_1309/img_12.jpg,0,-0.043739
dataset/person_1192/img_03.jpg,dataset/person_1191/img_05.jpg,0,-0.044267
dataset/person_040/img_01.jpg,dataset/person_491/img_05.jpg,0,0.017754
dataset/person_1411/img_02.jpg,dataset/person_1369/img_03.jpg,0,-0.010303
dataset/person_655/img_11.jpg,dataset/person_844/img_03.jpg,0,-0.170691
dataset/person_1226/img_06.jpg,dataset/person_687/img_04.jpg,0,0.236621
dataset/person_070/img_02.jpg,dataset/person_1563/img_03.jpg,0,-0.137103
dataset/person_1316/img_01.jpg,dataset/person_1546/img_04.jpg,0,-0.022575
dataset/person_1355/img_04.jpg,dataset/person_861/img_04.jpg,0,0.012893
dataset/person_1018/img_06.jpg,dataset/person_871/img_01.jpg,0,-0.145511
dataset/person_309/img_03.jpg,dataset/person_070/img_04.jpg,0,-0.070354
dataset/person_547/img_04.jpg,dataset/person_785/img_03.jpg,0,-0.290475
dataset/person_1101/img_02.jpg,dataset/person_853/img_01.jpg,0,-0.075587
dataset/person_229/img_11.jpg,dataset/person_535/img_02.jpg,0,0.053499
dataset/person_871/img_03.jpg,dataset/person_354/img_01.jpg,0,-0.101825
dataset/person_519/img_06.jpg,dataset/person_354/img_02.jpg,0,-0.117974
dataset/person_034/img_01.jpg,dataset/person_911/img_02.jpg,0,0.099479
dataset/person_776/img_03.jpg,dataset/person_1572/img_04.jpg,0,-0.105882
dataset/person_527/img_05.jpg,dataset/person_070/img_07.jpg,0,-0.065997
dataset/person_1396/img_04.jpg,dataset/person_527/img_02.jpg,0,0.078224
dataset/person_367/img_06.jpg,dataset/person_861/img_08.jpg,0,-0.157472
dataset/person_527/img_04.jpg,dataset/person_1531/img_02.jpg,0,-0.059746
dataset/person_1439/img_03.jpg,dataset/person_687/img_04.jpg,0,0.081804
dataset/person_064/img_03.jpg,dataset/person_1531/img_05.jpg,0,-0.012498
dataset/person_355/img_07.jpg,dataset/person_1022/img_03.jpg,0,0.045680
dataset/person_989/img_01.jpg,dataset/person_474/img_06.jpg,0,-0.091009
dataset/person_1097/img_03.jpg,dataset/person_162/img_02.jpg,0,0.064430
dataset/person_1022/img_06.jpg,dataset/person_355/img_03.jpg,0,-0.050487
dataset/person_162/img_01.jpg,dataset/person_1382/img_02.jpg,0,-0.126671
dataset/person_367/img_04.jpg,dataset/person_661/img_10.jpg,0,0.043668
dataset/person_1316/img_03.jpg,dataset/person_374/img_04.jpg,0,0.161071
dataset/person_313/img_06.jpg,dataset/person_235/img_02.jpg,0,0.087017
dataset/person_070/img_07.jpg,dataset/person_219/img_01.jpg,0,0.171449
dataset/person_815/img_01.jpg,dataset/person_1170/img_03.jpg,0,-0.000439
dataset/person_1217/img_02.jpg,dataset/person_1653/img_01.jpg,0,0.069363
dataset/person_1022/img_08.jpg,dataset/person_431/img_01.jpg,0,0.090867
dataset/person_1170/img_01.jpg,dataset/person_687/img_02.jpg,0,0.057947
dataset/person_1438/img_02.jpg,dataset/person_1022/img_04.jpg,0,0.103910
dataset/person_713/img_07.jpg,dataset/person_655/img_10.jpg,0,-0.049597
dataset/person_1580/img_30.jpg,dataset/person_191/img_04.jpg,0,-0.097849
dataset/person_049/img_04.jpg,dataset/person_355/img_02.jpg,0,0.065467
dataset/person_1022/img_07.jpg,dataset/person_1217/img_04.jpg,0,-0.046594
dataset/person_916/img_02.jpg,dataset/person_219/img_01.jpg,0,0.080322
dataset/person_804/img_07.jpg,dataset/person_411/img_03.jpg,0,0.115663
dataset/person_1155/img_04.jpg,dataset/person_1658/img_01.jpg,0,-0.224517
dataset/person_1680/img_04.jpg,dataset/person_149/img_05.jpg,0,0.262686
dataset/person_1601/img_04.jpg,dataset/person_1492/img_14.jpg,0,0.238099
dataset/person_474/img_05.jpg,dataset/person_547/img_02.jpg,0,0.055952
dataset/person_111/img_01.jpg,dataset/person_411/img_11.jpg,0,0.119870
dataset/person_769/img_06.jpg,dataset/person_1563/img_03.jpg,0,0.185468
dataset/person_1262/img_09.jpg,dataset/person_043/img_38.jpg,0,0.120061
dataset/person_491/img_02.jpg,dataset/person_1486/img_04.jpg,0,0.058022
dataset/person_1151/img_01.jpg,dataset/person_1191/img_02.jpg,0,0.006586
dataset/person_1151/img_02.jpg,dataset/person_374/img_03.jpg,0,0.081155
dataset/person_869/img_06.jpg,dataset/person_043/img_32.jpg,0,-0.113591
dataset/person_815/img_03.jpg,dataset/person_1563/img_03.jpg,0,-0.208436
dataset/person_355/img_04.jpg,dataset/person_491/img_03.jpg,0,-0.091648
dataset/person_219/img_01.jpg,dataset/person_022/img_01.jpg,0,0.145258
dataset/person_1170/img_04.jpg,dataset/person_1601/img_07.jpg,0,0.097491
dataset/person_1438/img_04.jpg,dataset/person_311/img_04.jpg,0,0.049352
dataset/person_1580/img_29.jpg,dataset/person_1420/img_05.jpg,0,0.103788
dataset/person_1669/img_03.jpg,dataset/person_963/img_02.jpg,0,-0.124242
dataset/person_1601/img_04.jpg,dataset/person_844/img_07.jpg,0,-0.012744
dataset/person_911/img_04.jpg,dataset/person_1490/img_06.jpg,0,-0.062395
dataset/person_049/img_03.jpg,dataset/person_1369/img_01.jpg,0,0.156410
dataset/person_040/img_02.jpg,dataset/person_1588/img_03.jpg,0,0.116910
dataset/person_1439/img_02.jpg,dataset/person_585/img_16.jpg,0,-0.034119
dataset/person_1302/img_05.jpg,dataset/person_049/img_04.jpg,0,0.029982
dataset/person_1382/img_07.jpg,dataset/person_355/img_05.jpg,0,-0.047545
dataset/person_1244/img_15.jpg,dataset/person_191/img_01.jpg,0,0.117312
dataset/person_111/img_03.jpg,dataset/person_909/img_09.jpg,0,-0.149337
dataset/person_355/img_04.jpg,dataset/person_585/img_08.jpg,0,0.100614
dataset/person_1454/img_01.jpg,dataset/person_1309/img_12.jpg,0,0.038084
dataset/person_1546/img_04.jpg,dataset/person_374/img_06.jpg,0,0.009758
dataset/person_034/img_03.jpg,dataset/person_1226/img_06.jpg,0,0.101004
dataset/person_111/img_02.jpg,dataset/person_1202/img_04.jpg,0,0.168092
dataset/person_1588/img_02.jpg,dataset/person_544/img_04.jpg,0,0.077193
dataset/person_1420/img_01.jpg,dataset/person_1352/img_06.jpg,0,0.174122
dataset/person_412/img_05.jpg,dataset/person_1411/img_05.jpg,0,0.018187
dataset/person_870/img_03.jpg,dataset/person_354/img_05.jpg,0,0.072100
dataset/person_1577/img_03.jpg,dataset/person_1490/img_04.jpg,0,0.074662
dataset/person_527/img_02.jpg,dataset/person_1653/img_03.jpg,0,0.050112
dataset/person_1486/img_05.jpg,dataset/person_713/img_05.jpg,0,-0.029908
dataset/person_711/img_20.jpg,dataset/person_1326/img_05.jpg,0,-0.086186
dataset/person_783/img_07.jpg,dataset/person_1022/img_05.jpg,0,-0.038154
dataset/person_412/img_04.jpg,dataset/person_1151/img_04.jpg,0,-0.036245
dataset/person_713/img_04.jpg,dataset/person_411/img_12.jpg,0,-0.060699
dataset/person_871/img_03.jpg,dataset/person_1371/img_05.jpg,0,0.239830
dataset/person_1669/img_02.jpg,dataset/person_1396/img_03.jpg,0,0.067869
dataset/person_909/img_17.jpg,dataset/person_1588/img_01.jpg,0,0.238687
dataset/person_289/img_02.jpg,dataset/person_744/img_05.jpg,0,0.009125
dataset/person_1326/img_06.jpg,dataset/person_065/img_33.jpg,0,-0.036342
dataset/person_1601/img_08.jpg,dataset/person_1155/img_02.jpg,0,0.053959
dataset/person_367/img_07.jpg,dataset/person_535/img_03.jpg,0,0.073817
dataset/person_1098/img_02.jpg,dataset/person_1355/img_01.jpg,0,0.197802
dataset/person_034/img_05.jpg,dataset/person_916/img_04.jpg,0,0.000271
dataset/person_1155/img_02.jpg,dataset/person_070/img_01.jpg,0,0.074478
dataset/person_891/img_01.jpg,dataset/person_219/img_04.jpg,0,0.179071
dataset/person_1454/img_05.jpg,dataset/person_1420/img_03.jpg,0,0.224746
dataset/person_1262/img_07.jpg,dataset/person_1396/img_03.jpg,0,-0.102635
dataset/person_149/img_05.jpg,dataset/person_194/img_02.jpg,0,-0.039655
dataset/person_871/img_02.jpg,dataset/person_776/img_01.jpg,0,-0.035358
dataset/person_1355/img_01.jpg,dataset/person_034/img_03.jpg,0,0.178095
dataset/person_1387/img_04.jpg,dataset/person_355/img_07.jpg,0,0.023062
dataset/person_1420/img_01.jpg,dataset/person_1563/img_02.jpg,0,0.003907
dataset/person_661/img_04.jpg,dataset/person_412/img_05.jpg,0,-0.126720
dataset/person_065/img_02.jpg,dataset/person_853/img_05.jpg,0,0.072378
dataset/person_916/img_03.jpg,dataset/person_710/img_04.jpg,0,0.144772
dataset/person_1170/img_01.jpg,dataset/person_776/img_04.jpg,0,-0.038468
dataset/person_687/img_04.jpg,dataset/person_891/img_03.jpg,0,-0.160062
dataset/person_871/img_03.jpg,dataset/person_1577/img_05.jpg,0,-0.046602
dataset/person_601/img_04.jpg,dataset/person_391/img_02.jpg,0,0.076587
dataset/person_1486/img_06.jpg,dataset/person_369/img_04.jpg,0,-0.139464
dataset/person_022/img_04.jpg,dataset/person_354/img_01.jpg,0,0.018850
dataset/person_963/img_04.jpg,dataset/person_367/img_01.jpg,0,-0.065175
dataset/person_1262/img_06.jpg,dataset/person_1371/img_04.jpg,0,0.038773
dataset/person_1572/img_01.jpg,dataset/person_1326/img_02.jpg,0,0.273937
dataset/person_1546/img_02.jpg,dataset/person_065/img_19.jpg,0,-0.019446
dataset/person_911/img_02.jpg,dataset/person_1244/img_14.jpg,0,-0.149495
dataset/person_1202/img_02.jpg,dataset/person_989/img_01.jpg,0,0.078067
dataset/person_871/img_02.jpg,dataset/person_1355/img_03.jpg,0,-0.143484
dataset/person_1680/img_02.jpg,dataset/person_1411/img_03.jpg,0,-0.252426
dataset/person_1588/img_01.jpg,dataset/person_1309/img_01.jpg,0,0.147645
dataset/person_1420/img_06.jpg,dataset/person_1334/img_15.jpg,0,-0.050398
dataset/person_655/img_07.jpg,dataset/person_369/img_05.jpg,0,0.126922
dataset/person_710/img_13.jpg,dataset/person_559/img_05.jpg,0,-0.008164
dataset/person_861/img_01.jpg,dataset/person_043/img_36.jpg,0,0.039572
dataset/person_785/img_06.jpg,dataset/person_924/img_03.jpg,0,0.206740
dataset/person_601/img_02.jpg,dataset/person_916/img_05.jpg,0,-0.036340
dataset/person_891/img_04.jpg,dataset/person_1387/img_05.jpg,0,0.301205
dataset/person_065/img_06.jpg,dataset/person_1192/img_11.jpg,0,-0.153292
dataset/person_527/img_04.jpg,dataset/person_229/img_10.jpg,0,-0.073068
dataset/person_1018/img_03.jpg,dataset/person_191/img_02.jpg,0,0.023468
dataset/person_049/img_02.jpg,dataset/person_1420/img_03.jpg,0,0.076372
dataset/person_070/img_02.jpg,dataset/person_1192/img_09.jpg,0,-0.157482
dataset/person_785/img_03.jpg,dataset/person_861/img_01.jpg,0,-0.107497
dataset/person_1202/img_03.jpg,dataset/person_844/img_07.jpg,0,0.043746
dataset/person_1577/img_02.jpg,dataset/person_149/img_04.jpg,0,-0.225786
dataset/person_713/img_12.jpg,dataset/person_149/img_02.jpg,0,-0.109002
dataset/person_1302/img_05.jpg,dataset/person_1170/img_02.jpg,0,0.123950
dataset/person_431/img_02.jpg,dataset/person_785/img_01.jpg,0,-0.087569
dataset/person_1170/img_02.jpg,dataset/person_040/img_03.jpg,0,-0.088501
dataset/person_1580/img_07.jpg,dataset/person_367/img_02.jpg,0,0.102593
dataset/person_1309/img_01.jpg,dataset/person_909/img_15.jpg,0,0.042960
dataset/person_040/img_02.jpg,dataset/person_1326/img_05.jpg,0,0.218466
dataset/person_1588/img_04.jpg,dataset/person_191/img_01.jpg,0,0.289404
dataset/person_687/img_01.jpg,dataset/person_559/img_04.jpg,0,-0.077791
dataset/person_783/img_03.jpg,dataset/person_1680/img_01.jpg,0,0.185087
dataset/person_1658/img_04.jpg,dataset/person_871/img_02.jpg,0,0.251363
dataset/person_776/img_06.jpg,dataset/person_219/img_03.jpg,0,-0.153301
dataset/person_1355/img_01.jpg,dataset/person_924/img_02.jpg,0,-0.021779
dataset/person_1387/img_03.jpg,dataset/person_515/img_02.jpg,0,-0.203315
dataset/person_070/img_02.jpg,dataset/person_1052/img_02.jpg,0,-0.034803
dataset/person_710/img_09.jpg,dataset/person_369/img_04.jpg,0,-0.009590
dataset/person_1217/img_01.jpg,dataset/person_1352/img_04.jpg,0,-0.165703
dataset/person_1382/img_03.jpg,dataset/person_655/img_01.jpg,0,0.043939
dataset/person_1155/img_03.jpg,dataset/person_311/img_04.jpg,0,-0.100049
dataset/person_1018/img_05.jpg,dataset/person_804/img_07.jpg,0,0.265343
dataset/person_710/img_01.jpg,dataset/person_804/img_01.jpg,0,-0.000133
dataset/person_1680/img_02.jpg,dataset/person_655/img_03.jpg,0,-0.192024
dataset/person_527/img_02.jpg,dataset/person_804/img_03.jpg,0,0.031519
dataset/person_065/img_24.jpg,dataset/person_909/img_04.jpg,0,-0.234498
dataset/person_1658/img_04.jpg,dataset/person_844/img_05.jpg,0,0.063470
dataset/person_527/img_05.jpg,dataset/person_911/img_04.jpg,0,-0.019264
dataset/person_687/img_01.jpg,dataset/person_776/img_08.jpg,0,0.024233
dataset/person_515/img_04.jpg,dataset/person_491/img_03.jpg,0,-0.069936
dataset/person_853/img_14.jpg,dataset/person_1371/img_01.jpg,0,0.240062
dataset/person_431/img_05.jpg,dataset/person_783/img_07.jpg,0,0.124368
dataset/person_1244/img_09.jpg,dataset/person_963/img_01.jpg,0,-0.039258
dataset/person_1572/img_05.jpg,dataset/person_1531/img_04.jpg,0,-0.074027
dataset/person_309/img_04.jpg,dataset/person_896/img_03.jpg,0,-0.110203
dataset/person_783/img_04.jpg,dataset/person_544/img_02.jpg,0,0.145316
dataset/person_149/img_01.jpg,dataset/person_246/img_02.jpg,0,0.164340
dataset/person_1192/img_10.jpg,dataset/person_1439/img_01.jpg,0,-0.061980
dataset/person_804/img_07.jpg,dataset/person_369/img_03.jpg,0,0.219720
dataset/person_1572/img_05.jpg,dataset/person_1577/img_03.jpg,0,0.031328
dataset/person_655/img_09.jpg,dataset/person_1369/img_02.jpg,0,-0.061394
dataset/person_1355/img_02.jpg,dataset/person_229/img_07.jpg,0,-0.068039
dataset/person_1669/img_01.jpg,dataset/person_367/img_07.jpg,0,0.188595
dataset/person_1244/img_05.jpg,dataset/person_1098/img_01.jpg,0,-0.054989
dataset/person_1097/img_01.jpg,dataset/person_065/img_34.jpg,0,-0.125123
dataset/person_1680/img_01.jpg,dataset/person_256/img_02.jpg,0,0.062398
dataset/person_585/img_18.jpg,dataset/person_1490/img_04.jpg,0,0.160170
dataset/person_815/img_06.jpg,dataset/person_935/img_01.jpg,0,0.134408
dataset/person_535/img_01.jpg,dataset/person_935/img_04.jpg,0,-0.040395
dataset/person_871/img_04.jpg,dataset/person_065/img_19.jpg,0,0.001331
dataset/person_559/img_02.jpg,dataset/person_049/img_02.jpg,0,-0.156798
dataset/person_1492/img_17.jpg,dataset/person_1101/img_03.jpg,0,-0.046079
dataset/person_1226/img_06.jpg,dataset/person_391/img_01.jpg,0,-0.085428
dataset/person_235/img_02.jpg,dataset/person_1101/img_02.jpg,0,0.000571
dataset/person_1191/img_04.jpg,dataset/person_924/img_04.jpg,0,-0.093295
dataset/person_711/img_16.jpg,dataset/person_1369/img_02.jpg,0,0.063928
dataset/person_354/img_02.jpg,dataset/person_1680/img_02.jpg,0,-0.063849
dataset/person_040/img_03.jpg,dataset/person_1531/img_03.jpg,0,-0.192425
dataset/person_1191/img_04.jpg,dataset/person_111/img_02.jpg,0,0.254395
dataset/person_1563/img_03.jpg,dataset/person_544/img_03.jpg,0,-0.133922
dataset/person_374/img_06.jpg,dataset/person_909/img_25.jpg,0,-0.012859
dataset/person_870/img_02.jpg,dataset/person_1262/img_01.jpg,0,-0.091631
dataset/person_559/img_02.jpg,dataset/person_311/img_02.jpg,0,0.031426
dataset/person_1411/img_04.jpg,dataset/person_1420/img_01.jpg,0,0.053975
dataset/person_1438/img_04.jpg,dataset/person_246/img_05.jpg,0,0.098724
dataset/person_391/img_03.jpg,dataset/person_369/img_01.jpg,0,-0.064949
dataset/person_1382/img_01.jpg,dataset/person_191/img_02.jpg,0,0.062149
dataset/person_547/img_03.jpg,dataset/person_1563/img_01.jpg,0,0.240065
dataset/person_412/img_03.jpg,dataset/person_769/img_04.jpg,0,-0.006877
dataset/person_783/img_04.jpg,dataset/person_547/img_04.jpg,0,0.030206
dataset/person_1369/img_02.jpg,dataset/person_431/img_04.jpg,0,-0.038333
dataset/person_162/img_04.jpg,dataset/person_491/img_02.jpg,0,0.039381
dataset/person_909/img_21.jpg,dataset/person_391/img_04.jpg,0,-0.007327
dataset/person_1334/img_06.jpg,dataset/person_1382/img_08.jpg,0,0.008512
dataset/person_935/img_04.jpg,dataset/person_235/img_03.jpg,0,0.028046
dataset/person_355/img_01.jpg,dataset/person_1192/img_07.jpg,0,-0.138695
dataset/person_1052/img_04.jpg,dataset/person_911/img_03.jpg,0,-0.031474
dataset/person_311/img_02.jpg,dataset/person_1052/img_02.jpg,0,0.039620
dataset/person_043/img_24.jpg,dataset/person_519/img_03.jpg,0,-0.010036
dataset/person_1192/img_05.jpg,dataset/person_374/img_01.jpg,0,-0.057215
dataset/person_1022/img_07.jpg,dataset/person_1454/img_02.jpg,0,-0.145090
dataset/person_713/img_12.jpg,dataset/person_535/img_04.jpg,0,-0.138953
dataset/person_1334/img_08.jpg,dataset/person_1653/img_04.jpg,0,0.138257
dataset/person_535/img_02.jpg,dataset/person_661/img_11.jpg,0,0.062817
dataset/person_1588/img_03.jpg,dataset/person_1226/img_03.jpg,0,-0.055691
dataset/person_064/img_04.jpg,dataset/person_1653/img_01.jpg,0,0.028017
dataset/person_1486/img_05.jpg,dataset/person_527/img_05.jpg,0,-0.068859
dataset/person_256/img_05.jpg,dataset/person_043/img_22.jpg,0,-0.015386
dataset/person_1098/img_02.jpg,dataset/person_1262/img_02.jpg,0,0.041767
dataset/person_1326/img_09.jpg,dataset/person_519/img_01.jpg,0,0.145139
dataset/person_064/img_02.jpg,dataset/person_1382/img_03.jpg,0,0.057935
dataset/person_1018/img_06.jpg,dataset/person_844/img_02.jpg,0,0.182218
dataset/person_1226/img_03.jpg,dataset/person_870/img_01.jpg,0,-0.192810
dataset/person_861/img_02.jpg,dataset/person_1226/img_06.jpg,0,-0.120655
dataset/person_711/img_33.jpg,dataset/person_1411/img_06.jpg,0,0.131707
dataset/person_309/img_04.jpg,dataset/person_1192/img_09.jpg,0,0.077973
dataset/person_1601/img_08.jpg,dataset/person_309/img_04.jpg,0,0.071872
dataset/person_1420/img_01.jpg,dataset/person_916/img_01.jpg,0,-0.002515
dataset/person_744/img_04.jpg,dataset/person_369/img_05.jpg,0,-0.074913
dataset/person_1454/img_05.jpg,dataset/person_1371/img_05.jpg,0,0.162329
dataset/person_070/img_03.jpg,dataset/person_1572/img_03.jpg,0,0.163862
dataset/person_713/img_11.jpg,dataset/person_1170/img_01.jpg,0,-0.095311
dataset/person_064/img_04.jpg,dataset/person_785/img_02.jpg,0,0.109635
dataset/person_355/img_05.jpg,dataset/person_963/img_08.jpg,0,-0.081042
dataset/person_1658/img_05.jpg,dataset/person_491/img_04.jpg,0,0.009638
dataset/person_1355/img_03.jpg,dataset/person_861/img_06.jpg,0,0.185039
dataset/person_776/img_07.jpg,dataset/person_710/img_13.jpg,0,0.159047
dataset/person_1396/img_04.jpg,dataset/person_896/img_12.jpg,0,-0.138660
dataset/person_1438/img_01.jpg,dataset/person_776/img_07.jpg,0,-0.111115
dataset/person_661/img_04.jpg,dataset/person_1155/img_03.jpg,0,0.137399
dataset/person_527/img_01.jpg,dataset/person_1244/img_20.jpg,0,0.004673
dataset/person_1191/img_04.jpg,dataset/person_655/img_13.jpg,0,-0.090011
dataset/person_1191/img_01.jpg,dataset/person_1226/img_04.jpg,0,-0.079498
dataset/person_1244/img_10.jpg,dataset/person_040/img_01.jpg,0,0.235194
dataset/person_064/img_02.jpg,dataset/person_1396/img_03.jpg,0,0.017961
dataset/person_309/img_01.jpg,dataset/person_1316/img_03.jpg,0,0.167537
dataset/person_687/img_01.jpg,dataset/person_229/img_03.jpg,0,-0.075962
dataset/person_194/img_04.jpg,dataset/person_891/img_02.jpg,0,0.044665
dataset/person_853/img_14.jpg,dataset/person_744/img_19.jpg,0,0.043249
dataset/person_412/img_05.jpg,dataset/person_391/img_03.jpg,0,0.154079
dataset/person_367/img_05.jpg,dataset/person_559/img_01.jpg,0,0.019764
dataset/person_519/img_09.jpg,dataset/person_1202/img_02.jpg,0,0.031890
dataset/person_111/img_01.jpg,dataset/person_710/img_02.jpg,0,-0.089009
dataset/person_1326/img_07.jpg,dataset/person_909/img_28.jpg,0,-0.002586
dataset/person_1588/img_02.jpg,dataset/person_040/img_01.jpg,0,0.120859
dataset/person_070/img_03.jpg,dataset/person_022/img_02.jpg,0,-0.030965
dataset/person_711/img_35.jpg,dataset/person_1202/img_03.jpg,0,-0.133481
dataset/person_1262/img_07.jpg,dataset/person_311/img_02.jpg,0,0.025300
dataset/person_896/img_01.jpg,dataset/person_1098/img_03.jpg,0,-0.057825
dataset/person_474/img_06.jpg,dataset/person_064/img_02.jpg,0,-0.073355
dataset/person_1382/img_04.jpg,dataset/person_1355/img_01.jpg,0,0.017291
dataset/person_989/img_05.jpg,dataset/person_1492/img_11.jpg,0,-0.091363
dataset/person_963/img_03.jpg,dataset/person_1601/img_01.jpg,0,0.149877
dataset/person_070/img_04.jpg,dataset/person_1669/img_04.jpg,0,0.092285
dataset/person_1202/img_04.jpg,dataset/person_853/img_14.jpg,0,0.088150
dataset/person_870/img_02.jpg,dataset/person_354/img_05.jpg,0,0.207482
dataset/person_412/img_04.jpg,dataset/person_916/img_02.jpg,0,-0.095927
dataset/person_1316/img_04.jpg,dataset/person_844/img_07.jpg,0,-0.127970
dataset/person_924/img_01.jpg,dataset/person_711/img_33.jpg,0,0.141644
dataset/person_149/img_01.jpg,dataset/person_491/img_05.jpg,0,0.007621
dataset/person_930/img_04.jpg,dataset/person_815/img_02.jpg,0,0.017777
dataset/person_1577/img_01.jpg,dataset/person_1680/img_02.jpg,0,-0.104423
dataset/person_1653/img_03.jpg,dataset/person_313/img_02.jpg,0,0.228460
dataset/person_022/img_02.jpg,dataset/person_1022/img_03.jpg,0,-0.051185
dataset/person_527/img_02.jpg,dataset/person_246/img_02.jpg,0,-0.077167
dataset/person_924/img_06.jpg,dataset/person_1326/img_03.jpg,0,0.086897
dataset/person_1098/img_05.jpg,dataset/person_544/img_02.jpg,0,-0.059001
dataset/person_1490/img_02.jpg,dataset/person_916/img_04.jpg,0,0.176165
dataset/person_710/img_03.jpg,dataset/person_391/img_04.jpg,0,0.015415
dataset/person_1454/img_01.jpg,dataset/person_601/img_04.jpg,0,0.065958
dataset/person_916/img_04.jpg,dataset/person_219/img_04.jpg,0,-0.015795
dataset/person_1098/img_01.jpg,dataset/person_519/img_07.jpg,0,0.030940
dataset/person_713/img_12.jpg,dataset/person_474/img_06.jpg,0,-0.054263
dataset/person_853/img_06.jpg,dataset/person_369/img_01.jpg,0,-0.085501
dataset/person_491/img_05.jpg,dataset/person_924/img_05.jpg,0,-0.103460
dataset/person_1098/img_06.jpg,dataset/person_871/img_03.jpg,0,-0.165179
dataset/person_1355/img_01.jpg,dataset/person_769/img_10.jpg,0,-0.097990
dataset/person_1155/img_04.jpg,dataset/person_191/img_04.jpg,0,-0.219516
dataset/person_111/img_01.jpg,dataset/person_1680/img_03.jpg,0,-0.087135
dataset/person_374/img_05.jpg,dataset/person_1601/img_09.jpg,0,-0.093870
dataset/person_515/img_05.jpg,dataset/person_1355/img_03.jpg,0,-0.014075
dataset/person_1490/img_04.jpg,dataset/person_527/img_02.jpg,0,0.010353
dataset/person_710/img_01.jpg,dataset/person_544/img_02.jpg,0,-0.058193
dataset/person_585/img_13.jpg,dataset/person_1577/img_03.jpg,0,-0.223791
dataset/person_585/img_13.jpg,dataset/person_853/img_18.jpg,0,-0.112106
dataset/person_1572/img_02.jpg,dataset/person_744/img_20.jpg,0,0.023883
dataset/person_896/img_10.jpg,dataset/person_1492/img_07.jpg,0,-0.101651
dataset/person_1170/img_04.jpg,dataset/person_1454/img_02.jpg,0,0.043651
dataset/person_1438/img_02.jpg,dataset/person_412/img_03.jpg,0,-0.109714
dataset/person_1454/img_05.jpg,dataset/person_1326/img_05.jpg,0,0.113796
dataset/person_535/img_01.jpg,dataset/person_1653/img_04.jpg,0,-0.067157
dataset/person_710/img_05.jpg,dataset/person_1420/img_05.jpg,0,0.189381
dataset/person_891/img_01.jpg,dataset/person_411/img_08.jpg,0,0.026010
dataset/person_1382/img_08.jpg,dataset/person_474/img_03.jpg,0,0.035470
dataset/person_744/img_14.jpg,dataset/person_431/img_04.jpg,0,0.033840
dataset/person_374/img_01.jpg,dataset/person_1420/img_04.jpg,0,0.047234
dataset/person_367/img_04.jpg,dataset/person_431/img_04.jpg,0,-0.185366
dataset/person_040/img_01.jpg,dataset/person_354/img_05.jpg,0,0.008064
dataset/person_783/img_04.jpg,dataset/person_391/img_03.jpg,0,0.130570
dataset/person_547/img_03.jpg,dataset/person_235/img_05.jpg,0,-0.155286
dataset/person_1492/img_19.jpg,dataset/person_547/img_04.jpg,0,-0.059512
dataset/person_1387/img_05.jpg,dataset/person_1022/img_04.jpg,0,-0.122053
dataset/person_804/img_07.jpg,dataset/person_411/img_09.jpg,0,0.024106
dataset/person_870/img_01.jpg,dataset/person_1420/img_04.jpg,0,-0.097008
dataset/person_191/img_03.jpg,dataset/person_1355/img_04.jpg,0,0.048341
dataset/person_287/img_03.jpg,dataset/person_474/img_04.jpg,0,-0.169488
dataset/person_1580/img_07.jpg,dataset/person_687/img_04.jpg,0,0.033546
dataset/person_1411/img_05.jpg,dataset/person_776/img_01.jpg,0,0.079300
dataset/person_1371/img_03.jpg,dataset/person_1411/img_01.jpg,0,-0.023466
dataset/person_785/img_02.jpg,dataset/person_411/img_11.jpg,0,0.267799
dataset/person_491/img_04.jpg,dataset/person_256/img_01.jpg,0,0.006287
dataset/person_1454/img_01.jpg,dataset/person_1217/img_01.jpg,0,-0.098086
dataset/person_1202/img_02.jpg,dataset/person_1580/img_30.jpg,0,0.043218
dataset/person_064/img_04.jpg,dataset/person_1577/img_03.jpg,0,0.015949
dataset/person_313/img_01.jpg,dataset/person_411/img_01.jpg,0,0.086926
dataset/person_869/img_03.jpg,dataset/person_311/img_03.jpg,0,-0.002432
dataset/person_309/img_03.jpg,dataset/person_861/img_06.jpg,0,-0.014457
dataset/person_287/img_02.jpg,dataset/person_1101/img_01.jpg,0,-0.103615
dataset/person_354/img_05.jpg,dataset/person_909/img_13.jpg,0,-0.265525
dataset/person_896/img_13.jpg,dataset/person_535/img_01.jpg,0,-0.106690
dataset/person_1486/img_05.jpg,dataset/person_219/img_02.jpg,0,0.099917
dataset/person_431/img_04.jpg,dataset/person_391/img_03.jpg,0,0.261953
dataset/person_861/img_02.jpg,dataset/person_871/img_03.jpg,0,-0.032241
dataset/person_1601/img_04.jpg,dataset/person_891/img_01.jpg,0,0.068022
dataset/person_1192/img_08.jpg,dataset/person_963/img_06.jpg,0,0.148209
dataset/person_935/img_01.jpg,dataset/person_034/img_01.jpg,0,0.002626
dataset/person_1316/img_03.jpg,dataset/person_064/img_04.jpg,0,-0.019147
dataset/person_744/img_13.jpg,dataset/person_544/img_01.jpg,0,-0.093006
dataset/person_374/img_05.jpg,dataset/person_911/img_03.jpg,0,0.224979
dataset/person_515/img_01.jpg,dataset/person_1309/img_06.jpg,0,-0.021758
dataset/person_1572/img_01.jpg,dataset/person_1411/img_05.jpg,0,-0.060433
dataset/person_1371/img_05.jpg,dataset/person_769/img_04.jpg,0,-0.102338
dataset/person_853/img_18.jpg,dataset/person_1658/img_03.jpg,0,-0.095738
dataset/person_1653/img_01.jpg,dataset/person_1669/img_04.jpg,0,0.537592
dataset/person_930/img_01.jpg,dataset/person_661/img_11.jpg,0,0.231626
dataset/person_1151/img_08.jpg,dataset/person_289/img_02.jpg,0,-0.039441
dataset/person_1601/img_01.jpg,dataset/person_909/img_02.jpg,0,-0.034090
dataset/person_111/img_02.jpg,dataset/person_474/img_07.jpg,0,-0.099141
dataset/person_1546/img_06.jpg,dataset/person_911/img_01.jpg,0,0.065478
dataset/person_065/img_18.jpg,dataset/person_1334/img_10.jpg,0,-0.132628
dataset/person_1420/img_02.jpg,dataset/person_1369/img_01.jpg,0,-0.049864
dataset/person_1577/img_03.jpg,dataset/person_219/img_03.jpg,0,-0.058857
dataset/person_162/img_07.jpg,dataset/person_354/img_03.jpg,0,0.310504
dataset/person_1217/img_01.jpg,dataset/person_1420/img_04.jpg,0,-0.050926
dataset/person_1191/img_02.jpg,dataset/person_783/img_01.jpg,0,0.025414
dataset/person_1454/img_03.jpg,dataset/person_930/img_04.jpg,0,-0.128057
dataset/person_896/img_03.jpg,dataset/person_219/img_03.jpg,0,-0.199904
dataset/person_871/img_01.jpg,dataset/person_1244/img_20.jpg,0,-0.002533
dataset/person_034/img_02.jpg,dataset/person_1486/img_04.jpg,0,-0.003804
dataset/person_989/img_03.jpg,dataset/person_491/img_04.jpg,0,0.138584
dataset/person_785/img_03.jpg,dataset/person_043/img_32.jpg,0,-0.080636
dataset/person_1438/img_04.jpg,dataset/person_219/img_03.jpg,0,-0.128189
dataset/person_311/img_03.jpg,dataset/person_1396/img_03.jpg,0,-0.090421
dataset/person_391/img_04.jpg,dataset/person_1326/img_06.jpg,0,-0.089212
dataset/person_1217/img_02.jpg,dataset/person_1098/img_05.jpg,0,-0.075315
dataset/person_1326/img_01.jpg,dataset/person_1439/img_04.jpg,0,-0.226467
dataset/person_861/img_03.jpg,dataset/person_1052/img_03.jpg,0,0.157662
dataset/person_1486/img_06.jpg,dataset/person_687/img_02.jpg,0,0.116143
dataset/person_1101/img_01.jpg,dataset/person_1217/img_01.jpg,0,0.032175
dataset/person_710/img_13.jpg,dataset/person_1355/img_02.jpg,0,0.209071
dataset/person_527/img_01.jpg,dataset/person_1244/img_03.jpg,0,0.028667
dataset/person_963/img_08.jpg,dataset/person_655/img_04.jpg,0,0.094496
dataset/person_963/img_03.jpg,dataset/person_776/img_08.jpg,0,-0.164295
dataset/person_235/img_04.jpg,dataset/person_1202/img_03.jpg,0,0.077906
dataset/person_309/img_05.jpg,dataset/person_515/img_02.jpg,0,-0.006210
dataset/person_431/img_05.jpg,dataset/person_1490/img_03.jpg,0,-0.097709
dataset/person_655/img_06.jpg,dataset/person_544/img_03.jpg,0,0.096691
dataset/person_1217/img_03.jpg,dataset/person_1244/img_06.jpg,0,-0.223601
dataset/person_547/img_03.jpg,dataset/person_869/img_03.jpg,0,-0.274849
dataset/person_655/img_06.jpg,dataset/person_871/img_01.jpg,0,0.042763
dataset/person_1580/img_33.jpg,dataset/person_111/img_03.jpg,0,0.172685
dataset/person_229/img_03.jpg,dataset/person_1546/img_04.jpg,0,-0.083950
dataset/person_1018/img_03.jpg,dataset/person_070/img_01.jpg,0,0.025621
dataset/person_289/img_01.jpg,dataset/person_871/img_03.jpg,0,-0.203076
dataset/person_1438/img_01.jpg,dataset/person_391/img_03.jpg,0,-0.029380
dataset/person_1669/img_03.jpg,dataset/person_1680/img_03.jpg,0,0.058086
dataset/person_194/img_03.jpg,dataset/person_1334/img_21.jpg,0,-0.092329
dataset/person_1316/img_02.jpg,dataset/person_1492/img_20.jpg,0,-0.074844
dataset/person_1658/img_05.jpg,dataset/person_896/img_12.jpg,0,-0.037023
dataset/person_711/img_47.jpg,dataset/person_871/img_03.jpg,0,-0.138926
dataset/person_111/img_04.jpg,dataset/person_861/img_02.jpg,0,-0.022092
dataset/person_1492/img_20.jpg,dataset/person_369/img_05.jpg,0,0.091424
dataset/person_1680/img_03.jpg,dataset/person_1302/img_03.jpg,0,-0.056875
dataset/person_870/img_02.jpg,dataset/person_924/img_01.jpg,0,0.112097
dataset/person_1486/img_08.jpg,dataset/person_1334/img_17.jpg,0,-0.026524
dataset/person_309/img_02.jpg,dataset/person_043/img_13.jpg,0,-0.167989
dataset/person_1151/img_04.jpg,dataset/person_289/img_04.jpg,0,-0.228888
dataset/person_1052/img_01.jpg,dataset/person_896/img_12.jpg,0,-0.041915
dataset/person_1302/img_05.jpg,dataset/person_1352/img_03.jpg,0,0.132596
dataset/person_162/img_01.jpg,dataset/person_989/img_05.jpg,0,-0.128358
dataset/person_194/img_02.jpg,dataset/person_246/img_05.jpg,0,-0.034656
dataset/person_1018/img_02.jpg,dataset/person_1492/img_31.jpg,0,-0.155914
dataset/person_311/img_02.jpg,dataset/person_194/img_01.jpg,0,-0.040362
dataset/person_1396/img_04.jpg,dataset/person_853/img_06.jpg,0,-0.013428
dataset/person_1439/img_01.jpg,dataset/person_547/img_03.jpg,0,-0.177685
dataset/person_1244/img_15.jpg,dataset/person_1151/img_05.jpg,0,-0.081677
dataset/person_1588/img_02.jpg,dataset/person_1454/img_03.jpg,0,0.015147
dataset/person_687/img_04.jpg,dataset/person_1326/img_09.jpg,0,-0.014169
dataset/person_065/img_33.jpg,dataset/person_1098/img_05.jpg,0,-0.127752
dataset/person_891/img_03.jpg,dataset/person_1101/img_04.jpg,0,0.013105
dataset/person_547/img_02.jpg,dataset/person_219/img_03.jpg,0,-0.079275
dataset/person_1387/img_04.jpg,dataset/person_896/img_08.jpg,0,0.157037
dataset/person_1097/img_04.jpg,dataset/person_710/img_15.jpg,0,-0.123439
dataset/person_711/img_11.jpg,dataset/person_1563/img_04.jpg,0,-0.137101
dataset/person_374/img_01.jpg,dataset/person_989/img_03.jpg,0,0.436297
dataset/person_1326/img_07.jpg,dataset/person_1309/img_03.jpg,0,-0.083918
dataset/person_374/img_05.jpg,dataset/person_411/img_05.jpg,0,-0.048814
dataset/person_911/img_04.jpg,dataset/person_1563/img_03.jpg,0,-0.006448
dataset/person_924/img_01.jpg,dataset/person_149/img_05.jpg,0,0.139690
dataset/person_374/img_05.jpg,dataset/person_367/img_07.jpg,0,-0.038787
dataset/person_043/img_03.jpg,dataset/person_559/img_01.jpg,0,0.105615
dataset/person_065/img_22.jpg,dataset/person_309/img_04.jpg,0,0.109158
dataset/person_1334/img_01.jpg,dataset/person_367/img_05.jpg,0,0.026265
dataset/person_924/img_07.jpg,dataset/person_1334/img_22.jpg,0,0.099779
dataset/person_601/img_02.jpg,dataset/person_149/img_01.jpg,0,0.001495
dataset/person_601/img_04.jpg,dataset/person_1052/img_03.jpg,0,0.052860
dataset/person_924/img_02.jpg,dataset/person_1396/img_03.jpg,0,0.119371
dataset/person_1572/img_05.jpg,dataset/person_1387/img_05.jpg,0,-0.028390
dataset/person_1420/img_06.jpg,dataset/person_431/img_05.jpg,0,-0.039451
dataset/person_661/img_10.jpg,dataset/person_1680/img_03.jpg,0,0.028634
dataset/person_1658/img_05.jpg,dataset/person_1217/img_03.jpg,0,0.273916
dataset/person_853/img_16.jpg,dataset/person_776/img_06.jpg,0,0.083409
dataset/person_491/img_05.jpg,dataset/person_601/img_03.jpg,0,-0.005507
dataset/person_713/img_03.jpg,dataset/person_287/img_05.jpg,0,-0.025731
dataset/person_710/img_02.jpg,dataset/person_111/img_02.jpg,0,-0.131897
dataset/person_1191/img_04.jpg,dataset/person_1022/img_08.jpg,0,0.144456
dataset/person_687/img_01.jpg,dataset/person_309/img_02.jpg,0,-0.062142
dataset/person_1420/img_05.jpg,dataset/person_289/img_02.jpg,0,0.000683
dataset/person_491/img_04.jpg,dataset/person_411/img_02.jpg,0,-0.072168
dataset/person_191/img_03.jpg,dataset/person_034/img_05.jpg,0,0.265226
dataset/person_289/img_03.jpg,dataset/person_1420/img_03.jpg,0,0.006736
dataset/person_815/img_07.jpg,dataset/person_1098/img_03.jpg,0,0.116366
dataset/person_785/img_02.jpg,dataset/person_963/img_07.jpg,0,0.094144
dataset/person_235/img_02.jpg,dataset/person_744/img_17.jpg,0,0.161301
dataset/person_1577/img_01.jpg,dataset/person_287/img_01.jpg,0,-0.066028
dataset/person_1244/img_07.jpg,dataset/person_661/img_11.jpg,0,-0.064143
dataset/person_043/img_34.jpg,dataset/person_1309/img_09.jpg,0,0.065853
dataset/person_149/img_04.jpg,dataset/person_713/img_09.jpg,0,0.016311
dataset/person_111/img_01.jpg,dataset/person_776/img_04.jpg,0,0.086632
dataset/person_412/img_05.jpg,dataset/person_229/img_03.jpg,0,-0.110984
dataset/person_1387/img_03.jpg,dataset/person_935/img_01.jpg,0,-0.044532
dataset/person_911/img_01.jpg,dataset/person_853/img_19.jpg,0,0.202936
dataset/person_474/img_03.jpg,dataset/person_870/img_01.jpg,0,0.235991
dataset/person_1658/img_05.jpg,dataset/person_191/img_01.jpg,0,0.035542
dataset/person_1546/img_02.jpg,dataset/person_1439/img_04.jpg,0,-0.113189
dataset/person_853/img_12.jpg,dataset/person_785/img_01.jpg,0,-0.018587
dataset/person_474/img_06.jpg,dataset/person_861/img_01.jpg,0,-0.017744
dataset/person_713/img_08.jpg,dataset/person_661/img_12.jpg,0,0.064508
dataset/person_034/img_03.jpg,dataset/person_769/img_04.jpg,0,-0.068863
dataset/person_1155/img_04.jpg,dataset/person_544/img_01.jpg,0,-0.006874
dataset/person_711/img_08.jpg,dataset/person_1151/img_04.jpg,0,0.016875
dataset/person_783/img_01.jpg,dataset/person_369/img_01.jpg,0,-0.202098
dataset/person_1355/img_02.jpg,dataset/person_871/img_04.jpg,0,-0.135270
dataset/person_1438/img_03.jpg,dataset/person_1170/img_03.jpg,0,-0.116955
dataset/person_1151/img_07.jpg,dataset/person_1355/img_01.jpg,0,0.002516
dataset/person_367/img_06.jpg,dataset/person_070/img_05.jpg,0,-0.031762
dataset/person_1454/img_05.jpg,dataset/person_853/img_04.jpg,0,0.015731
dataset/person_871/img_01.jpg,dataset/person_246/img_01.jpg,0,-0.028493
dataset/person_1396/img_01.jpg,dataset/person_1454/img_02.jpg,0,-0.059880
dataset/person_1420/img_06.jpg,dataset/person_1316/img_04.jpg,0,0.150700
dataset/person_1309/img_02.jpg,dataset/person_1580/img_22.jpg,0,0.011833
dataset/person_989/img_05.jpg,dataset/person_585/img_16.jpg,0,0.004218
dataset/person_1309/img_13.jpg,dataset/person_1563/img_04.jpg,0,0.021763
dataset/person_1170/img_04.jpg,dataset/person_935/img_01.jpg,0,-0.004955
dataset/person_1316/img_03.jpg,dataset/person_559/img_05.jpg,0,0.179227
dataset/person_661/img_07.jpg,dataset/person_391/img_02.jpg,0,-0.020880
dataset/person_1309/img_04.jpg,dataset/person_1492/img_04.jpg,0,-0.032732
dataset/person_601/img_03.jpg,dataset/person_022/img_05.jpg,0,-0.151987
dataset/person_1454/img_04.jpg,dataset/person_896/img_02.jpg,0,-0.144223
dataset/person_1531/img_05.jpg,dataset/person_491/img_04.jpg,0,-0.035397
dataset/person_535/img_01.jpg,dataset/person_1355/img_03.jpg,0,-0.040389
dataset/person_891/img_04.jpg,dataset/person_1572/img_02.jpg,0,-0.124357
dataset/person_369/img_05.jpg,dataset/person_229/img_06.jpg,0,-0.050635
dataset/person_1492/img_08.jpg,dataset/person_1490/img_01.jpg,0,0.236029
dataset/person_1563/img_02.jpg,dataset/person_1411/img_04.jpg,0,-0.160324
dataset/person_544/img_01.jpg,dataset/person_412/img_02.jpg,0,0.086961
dataset/person_869/img_04.jpg,dataset/person_256/img_04.jpg,0,0.050830
dataset/person_229/img_15.jpg,dataset/person_1244/img_01.jpg,0,0.054552
dataset/person_871/img_04.jpg,dataset/person_1202/img_04.jpg,0,-0.003111
dataset/person_1588/img_03.jpg,dataset/person_022/img_02.jpg,0,0.148302
dataset/person_1018/img_06.jpg,dataset/person_844/img_07.jpg,0,0.030542
dataset/person_1022/img_02.jpg,dataset/person_049/img_04.jpg,0,0.319456
dataset/person_1454/img_02.jpg,dataset/person_491/img_03.jpg,0,0.073718
dataset/person_309/img_03.jpg,dataset/person_896/img_07.jpg,0,-0.001590
dataset/person_861/img_01.jpg,dataset/person_1371/img_03.jpg,0,-0.094921
dataset/person_1151/img_04.jpg,dataset/person_049/img_01.jpg,0,0.264748
dataset/person_1170/img_02.jpg,dataset/person_229/img_01.jpg,0,-0.032773
dataset/person_1371/img_04.jpg,dataset/person_1191/img_04.jpg,0,0.053136
dataset/person_1309/img_03.jpg,dataset/person_162/img_09.jpg,0,0.001903
dataset/person_896/img_05.jpg,dataset/person_1101/img_03.jpg,0,-0.075814
dataset/person_544/img_04.jpg,dataset/person_1382/img_02.jpg,0,-0.073046
dataset/person_289/img_02.jpg,dataset/person_713/img_10.jpg,0,0.197592
dataset/person_1439/img_02.jpg,dataset/person_785/img_01.jpg,0,0.092917
dataset/person_367/img_05.jpg,dataset/person_1588/img_01.jpg,0,-0.073852
dataset/person_1601/img_07.jpg,dataset/person_235/img_03.jpg,0,-0.028043
dataset/person_559/img_05.jpg,dataset/person_713/img_11.jpg,0,0.108286
dataset/person_559/img_01.jpg,dataset/person_935/img_02.jpg,0,-0.041618
dataset/person_1226/img_09.jpg,dataset/person_246/img_03.jpg,0,-0.091773
dataset/person_412/img_04.jpg,dataset/person_256/img_03.jpg,0,0.075135
dataset/person_896/img_13.jpg,dataset/person_1439/img_03.jpg,0,0.202600
dataset/person_111/img_02.jpg,dataset/person_871/img_03.jpg,0,0.156917
dataset/person_309/img_04.jpg,dataset/person_711/img_09.jpg,0,-0.022554
dataset/person_870/img_01.jpg,dataset/person_229/img_15.jpg,0,-0.125022
dataset/person_1382/img_04.jpg,dataset/person_911/img_01.jpg,0,0.037014
dataset/person_515/img_05.jpg,dataset/person_162/img_09.jpg,0,-0.201504
dataset/person_1151/img_02.jpg,dataset/person_783/img_07.jpg,0,-0.092976
dataset/person_1572/img_03.jpg,dataset/person_869/img_01.jpg,0,-0.137270
dataset/person_1302/img_02.jpg,dataset/person_1438/img_01.jpg,0,0.103351
dataset/person_246/img_02.jpg,dataset/person_235/img_05.jpg,0,0.035500
dataset/person_194/img_03.jpg,dataset/person_1658/img_05.jpg,0,-0.079982
dataset/person_1326/img_04.jpg,dataset/person_687/img_02.jpg,0,0.219283
dataset/person_1580/img_31.jpg,dataset/person_1396/img_04.jpg,0,0.007494
dataset/person_034/img_03.jpg,dataset/person_861/img_02.jpg,0,-0.125212
dataset/person_1334/img_01.jpg,dataset/person_655/img_10.jpg,0,0.187166
dataset/person_034/img_01.jpg,dataset/person_431/img_03.jpg,0,0.269162
dataset/person_1262/img_07.jpg,dataset/person_256/img_01.jpg,0,0.094798
dataset/person_1244/img_05.jpg,dataset/person_311/img_04.jpg,0,0.316365
dataset/person_1170/img_03.jpg,dataset/person_1490/img_02.jpg,0,0.063149
dataset/person_064/img_03.jpg,dataset/person_963/img_02.jpg,0,-0.073126
dataset/person_519/img_03.jpg,dataset/person_870/img_02.jpg,0,0.057944
dataset/person_916/img_05.jpg,dataset/person_1052/img_01.jpg,0,-0.047778
dataset/person_661/img_06.jpg,dataset/person_519/img_08.jpg,0,-0.014252
dataset/person_191/img_01.jpg,dataset/person_1170/img_03.jpg,0,-0.171653
dataset/person_744/img_03.jpg,dataset/person_1387/img_01.jpg,0,-0.064455
dataset/person_070/img_06.jpg,dataset/person_601/img_04.jpg,0,-0.043850
dataset/person_559/img_03.jpg,dataset/person_374/img_01.jpg,0,0.130393
dataset/person_355/img_02.jpg,dataset/person_1316/img_03.jpg,0,0.069482
dataset/person_1546/img_02.jpg,dataset/person_776/img_02.jpg,0,0.023532
dataset/person_1438/img_02.jpg,dataset/person_1098/img_02.jpg,0,0.066167
dataset/person_713/img_09.jpg,dataset/person_1387/img_04.jpg,0,-0.007449
dataset/person_043/img_36.jpg,dataset/person_374/img_04.jpg,0,0.048396
dataset/person_1192/img_07.jpg,dataset/person_711/img_17.jpg,0,-0.155319
dataset/person_891/img_05.jpg,dataset/person_989/img_04.jpg,0,-0.004868
dataset/person_1309/img_03.jpg,dataset/person_1244/img_12.jpg,0,-0.106048
dataset/person_1052/img_03.jpg,dataset/person_235/img_02.jpg,0,-0.045131
dataset/person_1244/img_01.jpg,dataset/person_1411/img_03.jpg,0,0.068474
dataset/person_861/img_04.jpg,dataset/person_911/img_02.jpg,0,0.093534
dataset/person_1601/img_02.jpg,dataset/person_1098/img_05.jpg,0,-0.190341
dataset/person_861/img_01.jpg,dataset/person_431/img_01.jpg,0,-0.015678
dataset/person_1262/img_07.jpg,dataset/person_1438/img_04.jpg,0,-0.192711
dataset/person_1098/img_04.jpg,dataset/person_559/img_02.jpg,0,0.085669
dataset/person_065/img_01.jpg,dataset/person_194/img_02.jpg,0,0.013526
dataset/person_311/img_04.jpg,dataset/person_1580/img_11.jpg,0,0.279476
dataset/person_070/img_02.jpg,dataset/person_989/img_01.jpg,0,0.111460
dataset/person_049/img_03.jpg,dataset/person_391/img_02.jpg,0,0.177337
dataset/person_1577/img_04.jpg,dataset/person_916/img_02.jpg,0,-0.086996
dataset/person_1018/img_03.jpg,dataset/person_367/img_02.jpg,0,0.025177
dataset/person_1588/img_01.jpg,dataset/person_311/img_01.jpg,0,-0.091444
dataset/person_149/img_04.jpg,dataset/person_191/img_05.jpg,0,0.118299
dataset/person_1439/img_01.jpg,dataset/person_043/img_07.jpg,0,-0.051146
dataset/person_235/img_02.jpg,dataset/person_1355/img_03.jpg,0,-0.321207
dataset/person_804/img_01.jpg,dataset/person_355/img_01.jpg,0,-0.098323
dataset/person_804/img_02.jpg,dataset/person_191/img_05.jpg,0,-0.017156
dataset/person_191/img_02.jpg,dataset/person_1097/img_01.jpg,0,-0.069483
dataset/person_519/img_03.jpg,dataset/person_1669/img_02.jpg,0,0.036570
dataset/person_1097/img_02.jpg,dataset/person_1101/img_04.jpg,0,-0.009147
dataset/person_355/img_06.jpg,dataset/person_064/img_04.jpg,0,0.099155
dataset/person_911/img_04.jpg,dataset/person_1022/img_08.jpg,0,0.054768
dataset/person_1191/img_01.jpg,dataset/person_1244/img_01.jpg,0,0.147508
dataset/person_804/img_03.jpg,dataset/person_853/img_11.jpg,0,0.093167
dataset/person_896/img_12.jpg,dataset/person_963/img_05.jpg,0,-0.088241
dataset/person_711/img_51.jpg,dataset/person_1588/img_01.jpg,0,-0.040157
dataset/person_235/img_05.jpg,dataset/person_111/img_02.jpg,0,-0.111650
dataset/person_313/img_02.jpg,dataset/person_815/img_04.jpg,0,0.131344
dataset/person_861/img_08.jpg,dataset/person_022/img_03.jpg,0,-0.124091
dataset/person_1438/img_04.jpg,dataset/person_1355/img_01.jpg,0,0.072716
dataset/person_1191/img_02.jpg,dataset/person_853/img_10.jpg,0,0.229263
dataset/person_1531/img_02.jpg,dataset/person_1191/img_04.jpg,0,-0.073925
dataset/person_034/img_03.jpg,dataset/person_1191/img_02.jpg,0,-0.073287
dataset/person_1316/img_05.jpg,dataset/person_930/img_03.jpg,0,-0.207819
dataset/person_713/img_03.jpg,dataset/person_1052/img_01.jpg,0,0.030807
dataset/person_369/img_03.jpg,dataset/person_1382/img_08.jpg,0,-0.049501
dataset/person_804/img_04.jpg,dataset/person_869/img_03.jpg,0,0.129883
dataset/person_1563/img_01.jpg,dataset/person_412/img_02.jpg,0,-0.023769
dataset/person_544/img_04.jpg,dataset/person_1244/img_12.jpg,0,-0.104010
dataset/person_1439/img_02.jpg,dataset/person_1098/img_02.jpg,0,0.010713
dataset/person_194/img_01.jpg,dataset/person_1588/img_04.jpg,0,0.208926
dataset/person_411/img_05.jpg,dataset/person_844/img_01.jpg,0,0.109574
dataset/person_544/img_03.jpg,dataset/person_1170/img_03.jpg,0,0.127199
dataset/person_853/img_12.jpg,dataset/person_559/img_05.jpg,0,0.127656
dataset/person_311/img_01.jpg,dataset/person_1490/img_04.jpg,0,-0.169629
dataset/person_049/img_01.jpg,dataset/person_1155/img_01.jpg,0,0.063763
dataset/person_367/img_01.jpg,dataset/person_535/img_03.jpg,0,-0.098881
dataset/person_989/img_05.jpg,dataset/person_309/img_01.jpg,0,-0.069130
dataset/person_1217/img_04.jpg,dataset/person_815/img_05.jpg,0,-0.137482
dataset/person_909/img_19.jpg,dataset/person_1580/img_27.jpg,0,0.048957
dataset/person_1369/img_04.jpg,dataset/person_219/img_04.jpg,0,-0.084914
dataset/person_1155/img_04.jpg,dataset/person_1316/img_04.jpg,0,-0.027843
dataset/person_070/img_01.jpg,dataset/person_930/img_03.jpg,0,-0.011171
dataset/person_1438/img_03.jpg,dataset/person_1680/img_01.jpg,0,0.009464
dataset/person_256/img_02.jpg,dataset/person_711/img_29.jpg,0,-0.099013
dataset/person_853/img_18.jpg,dataset/person_527/img_01.jpg,0,0.241060
dataset/person_355/img_05.jpg,dataset/person_111/img_01.jpg,0,-0.053607
dataset/person_229/img_19.jpg,dataset/person_1411/img_02.jpg,0,-0.153236
dataset/person_1052/img_03.jpg,dataset/person_1653/img_01.jpg,0,-0.012522
dataset/person_065/img_34.jpg,dataset/person_1580/img_13.jpg,0,-0.038841
dataset/person_1577/img_02.jpg,dataset/person_411/img_04.jpg,0,0.019350
dataset/person_783/img_02.jpg,dataset/person_1454/img_03.jpg,0,-0.084416
dataset/person_311/img_04.jpg,dataset/person_1382/img_05.jpg,0,-0.133356
dataset/person_1669/img_02.jpg,dataset/person_064/img_01.jpg,0,0.202084
dataset/person_1326/img_09.jpg,dataset/person_367/img_04.jpg,0,0.139981
dataset/person_1439/img_04.jpg,dataset/person_1387/img_02.jpg,0,-0.090902
dataset/person_1191/img_01.jpg,dataset/person_655/img_03.jpg,0,-0.153904
dataset/person_1018/img_02.jpg,dataset/person_1217/img_04.jpg,0,-0.112631
dataset/person_547/img_02.jpg,dataset/person_711/img_01.jpg,0,-0.040840
dataset/person_1492/img_22.jpg,dataset/person_924/img_01.jpg,0,-0.019109
dataset/person_909/img_14.jpg,dataset/person_1309/img_01.jpg,0,0.103517
dataset/person_070/img_01.jpg,dataset/person_040/img_04.jpg,0,-0.160122
dataset/person_1355/img_03.jpg,dataset/person_785/img_06.jpg,0,-0.043587
dataset/person_655/img_08.jpg,dataset/person_1580/img_16.jpg,0,0.084850
dataset/person_374/img_05.jpg,dataset/person_111/img_01.jpg,0,0.029895
dataset/person_022/img_05.jpg,dataset/person_287/img_05.jpg,0,0.041094
dataset/person_769/img_10.jpg,dataset/person_776/img_02.jpg,0,-0.074607
dataset/person_1151/img_02.jpg,dataset/person_1369/img_04.jpg,0,0.022086
dataset/person_804/img_01.jpg,dataset/person_022/img_05.jpg,0,-0.127078
dataset/person_871/img_01.jpg,dataset/person_870/img_04.jpg,0,0.062527
dataset/person_355/img_06.jpg,dataset/person_713/img_11.jpg,0,0.148342
dataset/person_1192/img_04.jpg,dataset/person_853/img_05.jpg,0,-0.151949
dataset/person_710/img_15.jpg,dataset/person_861/img_01.jpg,0,-0.134689
dataset/person_1572/img_05.jpg,dataset/person_034/img_03.jpg,0,0.020777
dataset/person_1420/img_01.jpg,dataset/person_311/img_04.jpg,0,-0.011643
dataset/person_219/img_04.jpg,dataset/person_1371/img_02.jpg,0,-0.056115
dataset/person_064/img_01.jpg,dataset/person_065/img_33.jpg,0,-0.008257
dataset/person_1387/img_02.jpg,dataset/person_547/img_02.jpg,0,0.099118
dataset/person_1653/img_01.jpg,dataset/person_1151/img_04.jpg,0,0.140822
dataset/person_1669/img_01.jpg,dataset/person_1052/img_01.jpg,0,-0.009320
dataset/person_1439/img_03.jpg,dataset/person_1097/img_03.jpg,0,-0.068279
dataset/person_1486/img_03.jpg,dataset/person_246/img_05.jpg,0,-0.168600
dataset/person_815/img_02.jpg,dataset/person_1438/img_01.jpg,0,0.092540
dataset/person_1262/img_05.jpg,dataset/person_491/img_01.jpg,0,0.146063
dataset/person_1018/img_02.jpg,dataset/person_1531/img_06.jpg,0,0.285588
dataset/person_744/img_09.jpg,dataset/person_1352/img_07.jpg,0,0.018321
dataset/person_1588/img_04.jpg,dataset/person_043/img_21.jpg,0,0.245619
dataset/person_1563/img_03.jpg,dataset/person_367/img_03.jpg,0,0.069180
dataset/person_369/img_03.jpg,dataset/person_911/img_04.jpg,0,0.056213
dataset/person_1653/img_02.jpg,dataset/person_1658/img_01.jpg,0,0.050620
dataset/person_1098/img_05.jpg,dataset/person_070/img_02.jpg,0,-0.007769
dataset/person_1382/img_01.jpg,dataset/person_909/img_09.jpg,0,-0.220441
dataset/person_601/img_01.jpg,dataset/person_769/img_09.jpg,0,0.174581
dataset/person_1192/img_03.jpg,dataset/person_935/img_02.jpg,0,-0.075439
dataset/person_256/img_05.jpg,dataset/person_1669/img_03.jpg,0,0.013451
dataset/person_022/img_04.jpg,dataset/person_1192/img_03.jpg,0,-0.069026
dataset/person_049/img_03.jpg,dataset/person_289/img_01.jpg,0,-0.116964
dataset/person_235/img_06.jpg,dataset/person_1371/img_03.jpg,0,-0.060474
dataset/person_924/img_04.jpg,dataset/person_1170/img_02.jpg,0,-0.042201
dataset/person_785/img_03.jpg,dataset/person_930/img_02.jpg,0,-0.016947
dataset/person_1588/img_02.jpg,dataset/person_1438/img_02.jpg,0,-0.071328
dataset/person_1490/img_01.jpg,dataset/person_1680/img_01.jpg,0,-0.003381
dataset/person_1411/img_02.jpg,dataset/person_1097/img_05.jpg,0,0.065319
dataset/person_1098/img_05.jpg,dataset/person_769/img_03.jpg,0,-0.105154
dataset/person_313/img_06.jpg,dataset/person_585/img_04.jpg,0,-0.089870
dataset/person_313/img_11.jpg,dataset/person_111/img_04.jpg,0,0.013958
dataset/person_1018/img_02.jpg,dataset/person_474/img_06.jpg,0,-0.175428
dataset/person_1490/img_01.jpg,dataset/person_355/img_03.jpg,0,-0.022468
dataset/person_411/img_04.jpg,dataset/person_1226/img_01.jpg,0,-0.071329
dataset/person_1371/img_04.jpg,dataset/person_162/img_01.jpg,0,-0.007708
dataset/person_065/img_09.jpg,dataset/person_1052/img_02.jpg,0,-0.193991
dataset/person_287/img_04.jpg,dataset/person_1191/img_01.jpg,0,0.241068
dataset/person_043/img_12.jpg,dataset/person_1097/img_02.jpg,0,-0.252665
dataset/person_924/img_05.jpg,dataset/person_1155/img_04.jpg,0,-0.182735
dataset/person_1018/img_01.jpg,dataset/person_1490/img_02.jpg,0,-0.144904
dataset/person_043/img_17.jpg,dataset/person_519/img_09.jpg,0,-0.078433
dataset/person_655/img_01.jpg,dataset/person_1546/img_04.jpg,0,0.110739
dataset/person_710/img_14.jpg,dataset/person_162/img_06.jpg,0,0.037742
dataset/person_1326/img_05.jpg,dataset/person_844/img_05.jpg,0,0.216852
dataset/person_1563/img_01.jpg,dataset/person_661/img_05.jpg,0,0.068311
dataset/person_519/img_03.jpg,dataset/person_1226/img_08.jpg,0,0.155706
dataset/person_1601/img_05.jpg,dataset/person_1326/img_07.jpg,0,0.058523
dataset/person_853/img_04.jpg,dataset/person_043/img_06.jpg,0,-0.033361
dataset/person_1486/img_01.jpg,dataset/person_1352/img_06.jpg,0,-0.123237
dataset/person_235/img_06.jpg,dataset/person_661/img_13.jpg,0,0.017578
dataset/person_474/img_05.jpg,dataset/person_1309/img_08.jpg,0,-0.062677
dataset/person_870/img_03.jpg,dataset/person_1192/img_04.jpg,0,-0.098620
dataset/person_1490/img_04.jpg,dataset/person_354/img_01.jpg,0,-0.192270
dataset/person_229/img_18.jpg,dataset/person_1588/img_02.jpg,0,-0.025339
dataset/person_1202/img_01.jpg,dataset/person_1439/img_02.jpg,0,0.076438
dataset/person_853/img_06.jpg,dataset/person_1680/img_04.jpg,0,-0.102844
dataset/person_1669/img_04.jpg,dataset/person_022/img_04.jpg,0,0.168728
dataset/person_601/img_04.jpg,dataset/person_815/img_03.jpg,0,-0.062574
dataset/person_989/img_04.jpg,dataset/person_585/img_05.jpg,0,0.063550
